title,authors,year,venue,DOI_or_arxiv,primary_source_url,inspected,relevant_pages,relevant_equations,topic,proof_type,scope,notes
"Mubs and Hadamards of Order Six","Ingemar Bengtsson; Wojciech Bruzda; Asa Ericsson; Jan-Ake Larsson; Wojciech Tadej; Karol Zyczkowski",2007,"Journal of Mathematical Physics 48 052106","arXiv:quant-ph/0610161; DOI:10.1063/1.2716990","https://arxiv.org/abs/quant-ph/0610161",yes,"UNVERIFIED PDF page; Secs. 1-9 inspected","Eqs. (1)-(4), (11), (20)-(21), (61)-(62), (68), (74), (78)-(80)","order-six CHMs; MUB landscape", "analytic definitions plus sampled/numerical evidence", "Known families and selected MUB triples; not exhaustive classification", "States 3 <= N(6) <= 7 and no found quartets; explicitly says full classification is unavailable"
"Constructing Mutually Unbiased Bases in Dimension Six","Stephen Brierley; Stefan Weigert",2009,"Physical Review A 79 052316","arXiv:0901.4051; DOI:10.1103/PhysRevA.79.052316","https://arxiv.org/abs/0901.4051",yes,"UNVERIFIED PDF page; Secs. 2-5 inspected","Eqs. (1)-(8), (15)-(21), (27)-(29), (30)-(44), Tables 1-3", "MU-vector computation; D0; Fourier; Diita", "Exact for selected cases; approximate for some non-affine families", "Fixed-H computations over known CHMs and sampled families", "D0: 120 vectors, 10 bases, no pair MU; global conclusion is sampled evidence"
"Three-parameter complex Hadamard matrices of order 6","Bengt R. Karlsson",2011,"Linear Algebra and its Applications 434 247-258","arXiv:1003.4177; DOI:10.1016/j.laa.2010.10.009","https://arxiv.org/abs/1003.4177",yes,"UNVERIFIED PDF page; Theorem 11 and Secs. 2-7 inspected","Eqs. (2.1)-(2.5), (3.1)-(3.6), (4.1)-(4.2), (5.1)-(5.2), Theorem 11", "Karlsson K6^(3); H2-reducible CHMs", "Exact parametrization theorem", "All H2-reducible order-six CHMs; not all order-six CHMs", "Section 7 explicitly calls the full characterization partial"
"On SIC-POVMs and MUBs in Dimension 6","Markus Grassl",2004,"ERATO Conference / arXiv version", "arXiv:quant-ph/0406175","https://arxiv.org/abs/quant-ph/0406175",yes,"UNVERIFIED PDF page; Sec. 4 inspected","Theorem 2; Corollary 1", "Heisenberg-pair maximal triples", "Exact algebraic computation", "Weyl-Heisenberg eigenbasis pair and Jacobi equivalents", "48 vectors, 16 third bases; no vector extends any resulting triple"
"On properties of Karlsson Hadamards and sets of Mutually Unbiased Bases in dimension six","Andrew S. Maxwell; Stephen Brierley",2015,"Linear Algebra and its Applications, 296-306","arXiv:1402.4070; DOI:10.1016/j.laa.2014.10.017","https://arxiv.org/abs/1402.4070",yes,"UNVERIFIED PDF page; Theorems 4.1 and Secs. 5-6 inspected","Theorem 4.1; Eqs. (1)-(5), (17); Table 1", "Karlsson constraint; LP approach", "Exact theorem plus inconclusive LP", "Karlsson family and complete-set LP attempt", "Proves g_j(rho)=0; LP does not prove Karlsson-only nonexistence"
"Mutually Unbiased Bases in Composite Dimensions -- A Review","Daniel McNulty; Stefan Weigert",2026,"Quantum 10 2051","arXiv:2410.23997; DOI:10.22331/q-2026-04-01-2051","https://arxiv.org/abs/2410.23997",yes,"UNVERIFIED PDF page; Sec. 7.1 and dimension-six discussion used","Review locators only; original claims checked separately", "review and source map", "Secondary review", "Navigation and context only; not used as sole support for core theorem claims"
"Comment on 'Product states and Schmidt rank of mutually unbiased bases in dimension six'","Daniel McNulty; Stefan Weigert",2025,"Journal of Physics A 58 168001","arXiv:2504.13067; DOI:10.1088/1751-8121/adcb07","https://arxiv.org/abs/2504.13067",yes,"UNVERIFIED PDF page; abstract and scope inspected","No theorem locator used", "correction to later exclusion arguments", "Critical comment", "Invalidates reliance on a cited lemma and three later theorems", "Not a positive fourth-MUB result"
"A Complete Classification of Complex Hadamard Matrices of Order Six","Mateo Cárdenes Wuttig; Joseph Tindall",2026,"arXiv preprint v2","arXiv:2608.18053","https://arxiv.org/abs/2608.18053",yes,"UNVERIFIED PDF page; Theorem 6 and Corollary 25 inspected in HTML","Theorem 6; Corollary 19; Corollary 25; Theorems 21-22", "complete order-six CHM classification", "Claimed exact theorem with Lean/exact certificates; independent repository verification pending", "Global CHM classification claim", "States H6 = G6^(4) union K6^(3) union T6; does not settle MUB existence"
"Quantendesigns -- Grundzüge einer nichtkommutativen Designtheorie","G. Zauner",1999,"PhD thesis, University of Vienna","No verified public primary URL located in this audit","UNVERIFIED",no,"UNVERIFIED","UNVERIFIED","Zauner MUB conjecture", "UNVERIFIED", "Do not cite a page or theorem until the thesis is directly inspected", "The repository's statement N(6)=3 is corroborated by later primary sources, but the thesis itself remains unchecked"
"Maximal sets of mutually unbiased quantum states in dimension six","Stephen Brierley; Stefan Weigert",2008,"Physical Review A 78 042312","Primary URL not independently verified in this pass","UNVERIFIED",no,"UNVERIFIED","UNVERIFIED","numerical MUB constellations", "UNVERIFIED", "Mention only as a distinct paper until inspected", "Do not conflate this title with the 2009 Constructing paper"
