"id","title","updated","published","authors","journal_ref","doi","comment","categories","link"
"http://arxiv.org/abs/2306.14887v3","Efficient tensor network simulation of IBM's Eagle kicked Ising experiment","2024-01-26T16:16:56Z","2023-06-26T17:54:08Z","System.Object[]","System.Object[]","System.Object[]","System.Object[]","System.Object[]","System.Object[]"
"http://arxiv.org/abs/2306.17837v5","Gauging tensor networks with belief propagation","2025-02-28T16:47:01Z","2023-06-30T17:56:15Z","System.Object[]","System.Object[]","System.Object[]","System.Object[]","System.Object[]","System.Object[]"
"http://arxiv.org/abs/2402.01558v2","Confinement in the Transverse Field Ising model on the Heavy Hex lattice","2024-03-05T14:42:10Z","2024-02-02T16:50:20Z","System.Object[]","System.Object[]","System.Object[]","System.Object[]","System.Object[]","System.Object[]"
"http://arxiv.org/abs/2503.05693v4","Dynamics of disordered quantum systems with two- and three-dimensional tensor networks","2026-05-27T20:25:50Z","2025-03-07T18:58:03Z","System.Object[]","System.Object[]","System.Object[]","System.Object[]","System.Object[]","System.Object[]"
"http://arxiv.org/abs/2204.06585v4","On the generality of symmetry breaking and dissipative freezing in quantum trajectories","2022-09-22T16:42:08Z","2022-04-13T18:02:06Z","System.Object[]","System.Object[]","System.Object[]","System.Object[]","System.Object[]","System.Object[]"
"http://arxiv.org/abs/2407.04111v3","A Quantum Information Perspective on Many-Body Dispersive Forces","2025-09-20T14:41:33Z","2024-07-04T18:30:40Z","System.Object[]","System.Object[]","System.Object[]","System.Object[]","System.Object[]","System.Object[]"
"http://arxiv.org/abs/2311.05749v2","Mott Transition and Volume Law Entanglement with Neural Quantum States","2024-12-07T16:26:12Z","2023-11-09T21:26:00Z","System.Object[]","System.Object[]","System.Object[]","System.Object[]","System.Object[]","System.Object[]"
"http://arxiv.org/abs/2011.04417v2","Analytical Solution for the Steady States of the Driven Hubbard model","2021-01-28T16:40:42Z","2020-11-09T13:39:37Z","System.Object[]","System.Object[]","System.Object[]","System.Object[]","System.Object[]","System.Object[]"
"http://arxiv.org/abs/2205.07924v2","Quantum Physics in Connected Worlds","2022-12-02T20:30:18Z","2022-05-16T18:18:48Z","System.Object[]","System.Object[]","System.Object[]","System.Object[]","System.Object[]","System.Object[]"
"http://arxiv.org/abs/1804.06744v2","Non-stationary coherent quantum many-body dynamics through dissipation","2019-03-28T18:08:05Z","2018-04-18T14:07:47Z","System.Object[]","System.Object[]","System.Object[]","System.Object[]","System.Object[]","System.Object[]"
"http://arxiv.org/abs/2303.00731v2","The Thermodynamic Limit of Spin Systems on Random Graphs","2024-01-16T15:25:19Z","2023-02-27T11:56:20Z","System.Object[]","System.Object[]","System.Object[]","System.Object[]","System.Object[]","System.Object[]"
"http://arxiv.org/abs/1903.05080v2","Non-stationary dynamics and dissipative freezing in squeezed superradiance","2019-09-02T14:59:32Z","2019-03-11T18:00:01Z","System.Object[]","System.Object[]","System.Object[]","System.Object[]","System.Object[]","System.Object[]"
"http://arxiv.org/abs/1912.12185v1","Stationary State Degeneracy of Open Quantum Systems with Non-Abelian Symmetries","2019-12-27T15:50:33Z","2019-12-27T15:50:33Z","System.Object[]","System.Object[]","System.Object[]","System.Object[]","System.Object[]","System.Object[]"
"http://arxiv.org/abs/1907.12837v2","Quantum Synchronisation Enabled by Dynamical Symmetries and Dissipation","2020-01-29T11:43:34Z","2019-07-30T11:29:53Z","System.Object[]","System.Object[]","System.Object[]","System.Object[]","System.Object[]","System.Object[]"
"http://arxiv.org/abs/1902.05012v2","Heating-Induced Long-Range $Î·$-Pairing in the Hubbard Model","2019-07-19T11:01:56Z","2019-02-13T17:10:57Z","System.Object[]","System.Object[]","System.Object[]","System.Object[]","System.Object[]","System.Object[]"
"http://arxiv.org/abs/2604.24760v1","Contracting Tensor Networks with Generalized Belief Propagation","2026-04-27T17:59:03Z","2026-04-27T17:59:03Z","System.Object[]","System.Object[]","System.Object[]","System.Object[]","System.Object[]","System.Object[]"
"http://arxiv.org/abs/2410.03572v4","Compressing multivariate functions with tree tensor networks","2026-08-17T13:40:49Z","2024-10-04T16:20:52Z","System.Object[]","System.Object[]","System.Object[]","System.Object[]","System.Object[]","System.Object[]"
"http://arxiv.org/abs/2604.03228v1","Belief Propagation and Tensor Network Expansions for Many-Body Quantum Systems: Rigorous Results and Fundamental Limits","2026-04-03T17:59:09Z","2026-04-03T17:59:09Z","System.Object[]","System.Object[]","System.Object[]","System.Object[]","System.Object[]","System.Object[]"
"http://arxiv.org/abs/2608.18053v2","A Complete Classification of Complex Hadamard Matrices of Order Six","2026-08-28T15:28:30Z","2026-08-18T17:46:58Z","System.Object[]","System.Object[]","System.Object[]","System.Object[]","System.Object[]","System.Object[]"
"http://arxiv.org/abs/2503.04891v2","Dynamical quantum phase transitions on random networks","2025-06-23T14:54:45Z","2025-03-06T19:00:01Z","System.Object[]","System.Object[]","System.Object[]","System.Object[]","System.Object[]","System.Object[]"
"http://arxiv.org/abs/2507.11424v2","Simulating and Sampling from Quantum Circuits with 2D Tensor Networks","2025-09-14T22:18:46Z","2025-07-15T15:50:02Z","System.Object[]","System.Object[]","System.Object[]","System.Object[]","System.Object[]","System.Object[]"
"http://arxiv.org/abs/2602.05224v2","Quantum-Inspired Algorithm for Classical Spin Hamiltonians Based on Matrix Product Operators","2026-02-06T02:32:23Z","2026-02-05T02:29:37Z","System.Object[]","System.Object[]","System.Object[]","System.Object[]","System.Object[]","System.Object[]"
"http://arxiv.org/abs/2606.07609v1","Finite-temperature formation of magnetic plateaus and simplex liquid states on the frustrated ruby lattice","2026-05-29T15:11:54Z","2026-05-29T15:11:54Z","System.Object[]","System.Object[]","System.Object[]","System.Object[]","System.Object[]","System.Object[]"
"http://arxiv.org/abs/2607.25998v1","Observable Estimation in the Absence of Classical Verification","2026-07-28T17:14:26Z","2026-07-28T17:14:26Z","System.Object[]","System.Object[]","System.Object[]","System.Object[]","System.Object[]","System.Object[]"
"http://arxiv.org/abs/1908.11862v1","Symmetries and Conservation Laws in Quantum Trajectories: Dissipative Freezing","2019-08-30T17:45:05Z","2019-08-30T17:45:05Z","System.Object[]","System.Object[]","System.Object[]","System.Object[]","System.Object[]","System.Object[]"
"http://arxiv.org/abs/2511.19340v1","Simulating dynamics of the two-dimensional transverse-field Ising model: a comparative study of large-scale classical numerics","2025-11-24T17:39:29Z","2025-11-24T17:39:29Z","System.Object[]","System.Object[]","System.Object[]","System.Object[]","System.Object[]","System.Object[]"
"http://arxiv.org/abs/2609.05598v1","Matrix Product Belief Propagation","2026-09-04T18:00:00Z","2026-09-04T18:00:00Z","System.Object[]","System.Object[]","System.Object[]","System.Object[]","System.Object[]","System.Object[]"
"http://arxiv.org/abs/1710.09406v1","Melting and freeze-out conditions of hadrons in a thermal medium","2017-10-25T18:16:58Z","2017-10-25T18:16:58Z","System.Object[]","System.Object[]","System.Object[]","System.Object[]","System.Object[]","System.Object[]"
"http://arxiv.org/abs/2510.23419v1","Probabilistic Computing Optimization of Complex Spin-Glass Topologies","2025-10-27T15:25:43Z","2025-10-27T15:25:43Z","System.Object[]","System.Object[]","System.Object[]","System.Object[]","System.Object[]","System.Object[]"
"http://arxiv.org/abs/2604.10987v2","Microscopic mechanism for resonant light-enhanced pair correlations in K$_3$C$_{60}$","2026-07-17T13:14:15Z","2026-04-13T04:45:08Z","System.Object[]","System.Object[]","System.Object[]","System.Object[]","System.Object[]","System.Object[]"
"http://arxiv.org/abs/2411.00651v2","Nonperturbative decay of bipartite discrete time crystals","2025-03-21T19:28:49Z","2024-11-01T15:13:43Z","System.Object[]","System.Object[]","System.Object[]","System.Object[]","System.Object[]","System.Object[]"
"http://arxiv.org/abs/2604.20180v1","Tensor network surrogate models for variational quantum computation","2026-04-22T04:53:39Z","2026-04-22T04:53:39Z","System.Object[]","System.Object[]","System.Object[]","System.Object[]","System.Object[]","System.Object[]"
"http://arxiv.org/abs/2412.12019v2","Learning interactions between Rydberg atoms","2025-08-08T17:02:32Z","2024-12-16T17:45:30Z","System.Object[]","System.Object[]","System.Object[]","System.Object[]","System.Object[]","System.Object[]"
"http://arxiv.org/abs/2608.07178v1","Exploring the Relaxation Landscape of a 2D Quantum Magnet on a 256-Qubit Processor","2026-08-07T12:48:43Z","2026-08-07T12:48:43Z","System.Object[]","System.Object[]","System.Object[]","System.Object[]","System.Object[]","System.Object[]"
"http://arxiv.org/abs/2005.09073v2","Dynamical order and superconductivity in a frustrated many-body system","2020-09-22T15:18:30Z","2020-05-14T15:17:52Z","System.Object[]","System.Object[]","System.Object[]","System.Object[]","System.Object[]","System.Object[]"
"http://arxiv.org/abs/2103.04687v3","Lieb's Theorem and Maximum Entropy Condensates","2021-12-17T10:33:07Z","2021-03-08T11:51:08Z","System.Object[]","System.Object[]","System.Object[]","System.Object[]","System.Object[]","System.Object[]"
"http://arxiv.org/abs/1612.06436v2","Equilibration and freeze-out of an expanding gas in a transport approach in a Friedmann-Robertson-Walker metric","2017-06-01T12:48:34Z","2016-12-19T22:06:18Z","System.Object[]","System.Object[]","System.Object[]","System.Object[]","System.Object[]","System.Object[]"
