"doi","title","published","created","issued","type","publisher","container","volume","issue","page","article_number","authors","url","relation"
"10.1103/physrevlett.133.180402","Confinement in the Transverse Field Ising Model on the Heavy Hex Lattice","@{date-parts=System.Object[]}","@{date-parts=System.Object[]; date-time=2024-10-29T10:03:04Z; timestamp=1730196184000}","@{date-parts=System.Object[]}","journal-article","American Physical Society (APS)","","133","18","","","System.Object[]","https://doi.org/10.1103/physrevlett.133.180402","System.Object[]"
"10.21468/scipostphys.15.6.222","Gauging tensor networks with belief propagation","@{date-parts=System.Object[]}","@{date-parts=System.Object[]; date-time=2023-12-01T07:51:21Z; timestamp=1701417081000}","@{date-parts=System.Object[]}","journal-article","Stichting SciPost","","15","6","","","System.Object[]","https://doi.org/10.21468/scipostphys.15.6.222","System.Object[]"
"10.1103/physrevresearch.6.013011","Thermodynamic limit of spin systems on random graphs","@{date-parts=System.Object[]}","@{date-parts=System.Object[]; date-time=2024-01-03T15:03:13Z; timestamp=1704294193000}","@{date-parts=System.Object[]}","journal-article","American Physical Society (APS)","","6","1","","","System.Object[]","https://doi.org/10.1103/physrevresearch.6.013011","System.Object[]"
"10.1103/physrevb.111.l100304","Nonperturbative decay of bipartite discrete time crystals","@{date-parts=System.Object[]}","@{date-parts=System.Object[]; date-time=2025-03-21T14:25:03Z; timestamp=1742567103000}","@{date-parts=System.Object[]}","journal-article","American Physical Society (APS)","","111","10","","","System.Object[]","https://doi.org/10.1103/physrevb.111.l100304","System.Object[]"
"10.1038/s41467-019-09757-y","Non-stationary coherent quantum many-body dynamics through dissipation","@{date-parts=System.Object[]}","@{date-parts=System.Object[]; date-time=2019-04-15T06:02:52Z; timestamp=1555308172000}","@{date-parts=System.Object[]}","journal-article","Springer Science and Business Media LLC","","10","1","","","System.Object[]","https://doi.org/10.1038/s41467-019-09757-y","System.Object[]"
"10.21468/scipostphyscore.6.1.004","On the generality of symmetry breaking and dissipative freezing in  quantum trajectories","@{date-parts=System.Object[]}","@{date-parts=System.Object[]; date-time=2023-01-25T11:26:32Z; timestamp=1674645992000}","@{date-parts=System.Object[]}","journal-article","Stichting SciPost","","6","1","","","System.Object[]","https://doi.org/10.21468/scipostphyscore.6.1.004","System.Object[]"
"10.22331/q-2021-12-23-610","Lieb's Theorem and Maximum Entropy Condensates","@{date-parts=System.Object[]}","@{date-parts=System.Object[]; date-time=2021-12-23T08:00:41Z; timestamp=1640246441000}","@{date-parts=System.Object[]}","journal-article","Verein zur Forderung des Open Access Publizierens in den Quantenwissenschaften","","5","","610","","System.Object[]","https://doi.org/10.22331/q-2021-12-23-610","System.Object[]"
"10.1038/s41467-022-35090-y","Quantum physics in connected worlds","@{date-parts=System.Object[]}","@{date-parts=System.Object[]; date-time=2022-12-02T14:10:24Z; timestamp=1669990224000}","@{date-parts=System.Object[]}","journal-article","Springer Science and Business Media LLC","","13","1","","","System.Object[]","https://doi.org/10.1038/s41467-022-35090-y","System.Object[]"
"10.1088/1367-2630/ade07b","Dynamical quantum phase transitions on random networks","@{date-parts=System.Object[]}","@{date-parts=System.Object[]; date-time=2025-06-04T09:47:47Z; timestamp=1749030467000}","@{date-parts=System.Object[]}","journal-article","IOP Publishing","","27","6","064506","","System.Object[]","https://doi.org/10.1088/1367-2630/ade07b","System.Object[]"
"10.1103/prxquantum.5.010308","Efficient Tensor Network Simulation of IBM’s Eagle Kicked Ising Experiment","@{date-parts=System.Object[]}","@{date-parts=System.Object[]; date-time=2024-01-23T10:07:15Z; timestamp=1706004435000}","@{date-parts=System.Object[]}","journal-article","American Physical Society (APS)","","5","1","","","System.Object[]","https://doi.org/10.1103/prxquantum.5.010308","System.Object[]"
