index,sigma_min
0.000000000000000000e+00,5.133957820593713750e-07
1.000000000000000000e+00,4.086878820979862326e+00
2.000000000000000000e+00,4.206394140235518719e+00
3.000000000000000000e+00,3.691122424653761878e-07
4.000000000000000000e+00,1.257282453979628567e+00
5.000000000000000000e+00,1.226824639594802147e+00
6.000000000000000000e+00,1.408250735078504068e+00
7.000000000000000000e+00,1.226824640037508685e+00
8.000000000000000000e+00,4.086878820300314352e+00
9.000000000000000000e+00,4.086878820672112944e+00
1.000000000000000000e+01,2.007397604611631525e+00
1.100000000000000000e+01,1.750592869229136150e+00
1.200000000000000000e+01,4.568171037123382676e-08
1.300000000000000000e+01,1.277691343352057585e+00
1.400000000000000000e+01,2.007397603668580999e+00
1.500000000000000000e+01,6.471945713079875571e-07
1.600000000000000000e+01,3.957348862688788937e+00
1.700000000000000000e+01,2.021851685055321202e+00
1.800000000000000000e+01,4.206394140619462263e+00
1.900000000000000000e+01,4.380597192038774068e+00
2.000000000000000000e+01,7.603171011994271714e-07
2.100000000000000000e+01,3.957348863593379562e+00
2.200000000000000000e+01,1.226824639582358323e+00
2.300000000000000000e+01,4.086878821319567479e+00
2.400000000000000000e+01,1.277691343179425232e+00
2.500000000000000000e+01,1.257282453699741787e+00
2.600000000000000000e+01,1.696613457439362760e+00
2.700000000000000000e+01,5.395742078589728506e-07
2.800000000000000000e+01,5.989333148285042418e-07
2.900000000000000000e+01,5.920748678533416554e-07
3.000000000000000000e+01,1.696613456890013305e+00
3.100000000000000000e+01,3.939831547086803237e-07
3.200000000000000000e+01,1.268872452116198257e+00
3.300000000000000000e+01,4.206394140528241010e+00
3.400000000000000000e+01,1.268872451939248913e+00
3.500000000000000000e+01,1.101635032475721008e-06
3.600000000000000000e+01,4.380597192742629709e+00
3.700000000000000000e+01,1.975065346343628958e+00
3.800000000000000000e+01,1.120411200300640120e+00
3.900000000000000000e+01,4.035112342022470600e+00
4.000000000000000000e+01,3.957348863413100215e+00
4.100000000000000000e+01,2.444253041684177230e+00
4.200000000000000000e+01,1.120411199966844684e+00
4.300000000000000000e+01,2.007397603370536299e+00
4.400000000000000000e+01,2.021851684830709317e+00
4.500000000000000000e+01,5.413315818073048869e-07
4.600000000000000000e+01,4.035112341917867163e+00
4.700000000000000000e+01,1.975065345284645835e+00
4.800000000000000000e+01,1.975065345316298959e+00
4.900000000000000000e+01,1.277691343177870920e+00
5.000000000000000000e+01,4.380597192052211319e+00
5.100000000000000000e+01,1.262294072910238609e-06
5.200000000000000000e+01,1.268872451801707602e+00
5.300000000000000000e+01,2.021851684651551295e+00
5.400000000000000000e+01,4.304339640613799034e+00
5.500000000000000000e+01,1.359583689429130882e+00
5.600000000000000000e+01,1.408250734822013239e+00
5.700000000000000000e+01,1.396886023579758407e-06
5.800000000000000000e+01,1.257282453760756313e+00
5.900000000000000000e+01,4.304339640476199769e+00
6.000000000000000000e+01,2.007397604583635253e+00
6.100000000000000000e+01,3.957348862695496461e+00
6.200000000000000000e+01,1.359583690456775740e+00
6.300000000000000000e+01,4.380597192719948296e+00
6.400000000000000000e+01,4.206394140853766395e+00
6.500000000000000000e+01,1.975065345631761282e+00
6.600000000000000000e+01,9.171041944444171639e-07
6.700000000000000000e+01,1.226824639926674898e+00
6.800000000000000000e+01,1.361317658945843885e-06
6.900000000000000000e+01,1.750592868979668149e+00
7.000000000000000000e+01,1.077914890513752481e-06
7.100000000000000000e+01,9.663656457668508713e-07
7.200000000000000000e+01,1.408250735073581783e+00
7.300000000000000000e+01,1.248130198191917996e-06
7.400000000000000000e+01,3.834868067984106181e-07
7.500000000000000000e+01,3.190239332024034266e-07
7.600000000000000000e+01,1.408250735146096222e+00
7.700000000000000000e+01,1.257282454374890168e+00
7.800000000000000000e+01,2.444253041614626643e+00
7.900000000000000000e+01,1.359583689194382439e+00
8.000000000000000000e+01,7.734841933438621618e-07
8.100000000000000000e+01,1.268872451718345618e+00
8.200000000000000000e+01,1.696613458071988267e+00
8.300000000000000000e+01,1.120411199295126670e+00
8.400000000000000000e+01,6.004956173075974667e-07
8.500000000000000000e+01,1.359583690657796051e+00
8.600000000000000000e+01,1.750592869076816216e+00
8.700000000000000000e+01,2.021851684819065742e+00
8.800000000000000000e+01,1.750592869210224833e+00
8.900000000000000000e+01,6.856939775217904222e-07
9.000000000000000000e+01,2.444253041358637191e+00
9.100000000000000000e+01,4.218975553808713401e-07
9.200000000000000000e+01,1.120411198401892072e+00
9.300000000000000000e+01,2.444253041212606892e+00
9.400000000000000000e+01,1.696613456840983414e+00
9.500000000000000000e+01,1.277691344256799644e+00
