-5.734016685113214606e-01,-2.860146439291963993e+00,4.413184355824650851e-01,-1.214342617308708405e+00,-2.393671549687856892e+00
1.107148717794091297e+00,-1.570796326794896336e+00,4.440892098500626162e-16,9.956684934161241785e-01,-2.145924160173668493e+00
-2.034443935795703151e+00,-1.570796326794896558e+00,0.000000000000000000e+00,-2.145924160173669382e+00,9.956684934161241785e-01
-7.500748496828890666e-02,-2.750125247156245401e+00,-1.927250033534545048e+00,-1.597411811492374989e+00,5.294607400450828116e-01
-1.010037476403940815e+00,1.349582692153739494e+00,-1.231251111045097879e+00,7.888238417627864152e-01,-2.131555177185852301e+00
-2.677945044588987411e+00,-1.570796326794896114e+00,-1.570796326794896558e+00,1.922963711417735588e+00,-1.218628942172056862e+00
-1.413939795804047828e+00,1.227551242913262008e+00,-1.797820878132466271e+00,-2.089369948970064339e+00,1.817163319586536652e-01
1.218628942172056639e+00,1.570796326794896558e+00,-1.922963711417736254e+00,2.677945044588986079e+00,1.570796326794896558e+00
2.145924160173668938e+00,1.570796326794896558e+00,-9.956684934161237344e-01,-1.107148717794090409e+00,4.440892098500626162e-16
-4.440892098500626162e-16,-1.570796326794896336e+00,1.107148717794088633e+00,-2.145924160173668493e+00,9.956684934161206257e-01
1.570796326794896558e+00,2.677945044588986967e+00,1.570796326794896558e+00,-4.636476090008061490e-01,-4.636476090008061490e-01
2.352768811827006701e+00,1.792009961436051846e+00,2.131555177185850525e+00,-1.910341542544695237e+00,1.010037476403942591e+00
2.612131750605520608e+00,2.585516407559767416e+00,-1.708789698027916026e+00,-2.568191132256820719e+00,2.425644147830785968e+00
-1.395467788501362438e+00,7.002899541338312162e-01,-1.052222704619730997e+00,-2.961523807130149066e+00,5.639499287880509470e-01
4.636476090008390116e-01,-2.677945044588990076e+00,4.636476090007635165e-01,-1.570796326794938524e+00,-1.570796326794849262e+00
1.214342682256353889e+00,2.860146262564423836e+00,2.393671330449088863e+00,-4.413186918623379640e-01,5.734013639572577148e-01
1.997713549055871951e+00,3.897571474683196868e-01,-3.104432578797137410e+00,-3.716007479265570623e-02,1.923393399470560539e+00
1.707136352140631530e+00,1.186915244466422159e+00,2.577642724801777696e+00,1.070694711922422826e+00,-1.727652857785720641e+00
2.145924160173668938e+00,1.570796326794896558e+00,-9.956684934161246225e-01,0.000000000000000000e+00,2.034443935795701819e+00
-1.143879104533922053e+00,-2.751835506121473873e+00,-3.104432578797137410e+00,-3.716007479265526214e-02,-1.218199254119232577e+00
-2.037271254335449200e+00,2.814463720070845554e-01,3.066585374069084935e+00,-1.730668619070965253e+00,-7.159485580564126650e-01
-1.923393399470560539e+00,-3.897571474683196868e-01,3.716007479265526214e-02,-1.997713549055871951e+00,3.104432578797137410e+00
-1.570796326794896780e+00,-1.570796326794896780e+00,-2.677945044588987411e+00,-1.218628942172057306e+00,1.922963711417736477e+00
-9.956684934161241785e-01,1.570796326794896558e+00,2.145924160173668938e+00,0.000000000000000000e+00,-1.107148717794090409e+00
2.961523807130149955e+00,-7.002899541338307721e-01,-5.639499287880527234e-01,1.052222704619728333e+00,1.395467788501362882e+00
-1.231251111045097435e+00,1.349582692153742158e+00,-1.010037476403941703e+00,-2.131555177185850081e+00,7.888238417627873034e-01
-2.057235027600540000e+00,2.904542099347746209e+00,-7.234892550476907935e-01,-1.084357625989254004e+00,-2.892204507026196580e+00
2.393671554670298462e+00,2.860146443308286379e+00,1.214342615832701533e+00,5.734016754326396459e-01,-4.413184297582342097e-01
-1.708789649345991313e+00,2.585516435105591704e+00,2.612131961447618167e+00,2.425644220770129422e+00,-2.568190958474624530e+00
1.432802926022679557e+00,3.914676301467463482e-01,-2.723509791617740650e+00,7.479212857592374419e-01,-1.104321401927967461e+00
2.892204507026196580e+00,-2.904542099347745321e+00,1.084357625989252227e+00,2.057235027600540000e+00,7.234892550476903494e-01
-5.294610461611224395e-01,2.750125011720196966e+00,1.597411545369384456e+00,7.500728475094442516e-02,1.927249979728258289e+00
1.218628942172056639e+00,1.570796326794896558e+00,-1.922963711417736032e+00,1.570796326794896558e+00,-4.636476090008065931e-01
-9.956684934161237344e-01,1.570796326794896558e+00,2.145924160173668938e+00,2.034443935795702707e+00,-4.440892098500626162e-16
-1.922963711417734034e+00,1.570796326794898334e+00,1.218628942172056639e+00,-4.636476090008052608e-01,1.570796326794897446e+00
-7.479213589562241360e-01,-3.914677250277271980e-01,1.104321387734786164e+00,2.723509803984594413e+00,-1.432802897538567155e+00
3.716007479265481805e-02,2.751835506121473429e+00,1.218199254119232577e+00,3.104432578797137410e+00,1.143879104533922053e+00
2.070897941667381836e+00,1.914041410676530219e+00,1.687016859338973163e+00,5.249614158402970965e-01,-1.746124865088431122e+00
-1.800688464596458260e-01,1.954677409123304344e+00,-1.050575219120710280e+00,1.454575794250819065e+00,-1.343771775457340389e+00
1.107148717794090409e+00,2.677945044588987855e+00,1.107148717794090409e+00,-3.141592653589793116e+00,-3.141592653589793116e+00
-3.104432578797137410e+00,3.897571474683196868e-01,1.997713549055871951e+00,1.923393399470560539e+00,-3.716007479265526214e-02
-2.057235027600540000e+00,-2.370505542420469069e-01,2.418103398542102767e+00,-1.084357625989252227e+00,2.493881465635965355e-01
1.343771775457338613e+00,-1.954677409123305010e+00,-1.454575794250820397e+00,1.800688464596431615e-01,1.050575219120709392e+00
1.570796326794895670e+00,-4.636476090008052608e-01,1.570796326794896558e+00,2.677945044588986079e+00,2.677945044588986967e+00
-1.070694711922411280e+00,-1.186915244466488106e+00,1.727652857785747287e+00,-2.577642724801739504e+00,-1.707136352140675051e+00
4.413184293917415957e-01,-2.860146443561015772e+00,-5.734016758681663717e-01,-2.393671554983821004e+00,-1.214342615739821829e+00
-3.141592653589793116e+00,-2.677945044588986967e+00,-3.141592653589793116e+00,-1.107148717794090409e+00,-1.107148717794090409e+00
1.687016859338974939e+00,1.914041410676530219e+00,2.070897941667381836e+00,-1.746124865088430456e+00,5.249614158402975406e-01
-5.249614158402975406e-01,-1.914041410676530885e+00,1.746124865088431122e+00,-1.687016859338974051e+00,-2.070897941667382280e+00
-1.052222704619728777e+00,7.002899541338312162e-01,-1.395467788501361994e+00,5.639499287880527234e-01,-2.961523807130149066e+00
1.218199254119232577e+00,2.751835506121473429e+00,3.716007479265526214e-02,1.143879104533922053e+00,3.104432578797137410e+00
-2.723509746691878952e+00,3.914672854670446789e-01,1.432803029498612268e+00,-1.104321453488340765e+00,7.479210198522423525e-01
-1.570796326794900777e+00,-1.570796326794905884e+00,4.636476090008017081e-01,1.922963711417728483e+00,-1.218628942172058194e+00
2.577642724801739504e+00,1.186915244466488772e+00,1.707136352140675939e+00,-1.727652857785747953e+00,1.070694711922411280e+00
3.141592653589791340e+00,4.636476090008039286e-01,3.141592653589790451e+00,2.034443935795701819e+00,2.034443935795700042e+00
-1.434456301449118731e+00,-2.441302699455961900e+00,2.091017434469083724e+00,-2.959876321631130569e+00,-2.616631237749496464e+00
-1.817163319585648473e-01,-1.227551242913225593e+00,2.089369948970067448e+00,1.413939795804077804e+00,1.797820878132563749e+00
7.159483948908089701e-01,-2.814461464212274500e-01,1.730668517525494110e+00,2.037271200071501198e+00,-3.066585065580091474e+00
2.131555177185850525e+00,-1.349582692153741492e+00,-7.888238417627864152e-01,1.010037476403942591e+00,1.231251111045097879e+00
-2.034443935795702707e+00,-4.636476090008065931e-01,-2.034443935795702707e+00,3.141592653589793116e+00,3.141592653589793116e+00
-2.677945044588987855e+00,4.636476090008061490e-01,-2.677945044588986079e+00,-1.570796326794896780e+00,-1.570796326794898334e+00
3.716007479265570623e-02,-3.897571474683192427e-01,-1.923393399470559650e+00,3.104432578797137410e+00,-1.997713549055871063e+00
2.091017434469083724e+00,-2.441302699455962344e+00,-1.434456301449118287e+00,-2.616631237749496464e+00,-2.959876321631130569e+00
-3.104432578797137410e+00,-2.751835506121473873e+00,-1.143879104533921609e+00,-1.218199254119233466e+00,-3.716007479265570623e-02
0.000000000000000000e+00,-1.570796326794896780e+00,-2.034443935795702707e+00,9.956684934161241785e-01,-2.145924160173669382e+00
1.746124865088431122e+00,-1.914041410676530219e+00,-5.249614158402970965e-01,-2.070897941667381392e+00,-1.687016859338974273e+00
-1.544180752344417096e+00,5.560762112544477276e-01,4.180829014805502730e-01,1.410924124373549304e+00,2.700274278775875558e+00
-1.922963711417736032e+00,1.570796326794896558e+00,1.218628942172056639e+00,1.570796326794895670e+00,2.677945044588986967e+00
1.730668519193094390e+00,-2.814461501258840315e-01,7.159483975703619940e-01,-3.066585070646202116e+00,2.037271200962649687e+00
-1.010037476403936818e+00,-1.792009961436052068e+00,1.910341542544692572e+00,-2.352768811826999595e+00,-2.131555177185850969e+00
-1.410924006760277072e+00,-5.560762826248648594e-01,-2.700273899881755924e+00,-4.180828467175361496e-01,1.544181227259647571e+00
1.104321445270683100e+00,-3.914673404019031189e-01,-7.479210622323408941e-01,-1.432803013006655357e+00,2.723509753852146886e+00
-1.797820878132453615e+00,1.227551242913262897e+00,-1.413939795804045163e+00,1.817163319586629910e-01,-2.089369948970065227e+00
3.066585443847508863e+00,2.814464230332935912e-01,-2.037271266609637976e+00,-7.159485949635167046e-01,-1.730668642039955296e+00
-2.425644196454907142e+00,-2.585516425922855799e+00,2.568191016407046945e+00,-2.612131891160825781e+00,1.708789665574705907e+00
-1.927249985041841640e+00,-2.750125034970432036e+00,-7.500730452319714914e-02,5.294610159309565134e-01,-1.597411571650081630e+00
2.089369948970064783e+00,-1.227551242913263341e+00,-1.817163319586629910e-01,1.797820878132453615e+00,1.413939795804044941e+00
-7.888238417627873034e-01,-1.349582692153741714e+00,2.131555177185850525e+00,1.231251111045096991e+00,1.010037476403941703e+00
2.418103398542102767e+00,-2.370505542420469069e-01,-2.057235027600540000e+00,2.493881465635965355e-01,-1.084357625989253116e+00
2.959876321631130125e+00,2.441302699455961900e+00,2.616631237749496464e+00,-2.091017434469083724e+00,1.434456301449118065e+00
1.597411413258340573e+00,2.750124894843024137e+00,-5.294611981258490196e-01,1.927249953017284412e+00,7.500718535733508219e-02
4.636476090008052608e-01,-1.570796326794897668e+00,-1.570796326794897446e+00,-1.218628942172056862e+00,1.922963711417736477e+00
1.084357625989252227e+00,-2.904542099347746653e+00,2.892204507026194804e+00,7.234892550476894613e-01,2.057235027600540000e+00
-1.050575219120709392e+00,1.954677409123306120e+00,-1.800688464596418292e-01,-1.343771775457337725e+00,1.454575794250821730e+00
4.180828598039472155e-01,5.560762655698696655e-01,-1.544181113771781355e+00,2.700273990423985637e+00,1.410924034865668197e+00
2.616631237749496464e+00,2.441302699455962788e+00,2.959876321631131013e+00,1.434456301449118953e+00,-2.091017434469083724e+00
1.910341542544696125e+00,-1.792009961436051624e+00,-1.010037476403942147e+00,-2.131555177185850525e+00,-2.352768811827006701e+00
1.727652857785747287e+00,-1.186915244466488328e+00,-1.070694711922411280e+00,-1.707136352140675273e+00,-2.577642724801739949e+00
2.131555177185850525e+00,1.792009961436052734e+00,2.352768811827006701e+00,1.010037476403942591e+00,-1.910341542544695237e+00
-2.700274234828158537e+00,-5.560762195326640622e-01,-1.410924110731649028e+00,1.544180807429567537e+00,-4.180828951286197359e-01
1.084357625989253116e+00,2.370505542420464629e-01,-2.493881465635960915e-01,-2.418103398542102322e+00,2.057235027600540000e+00
2.568191233306306387e+00,-2.585516391542640235e+00,-2.425644105418595320e+00,1.708789726335096404e+00,-2.612131628006736150e+00
-1.454575794250859033e+00,-1.954677409123345866e+00,1.343771775457289763e+00,1.050575219120700510e+00,1.800688464595974203e-01
-2.493881465635956474e-01,2.370505542420464629e-01,1.084357625989254004e+00,2.057235027600540889e+00,-2.418103398542102767e+00
-7.234892550476912376e-01,2.904542099347746209e+00,-2.057235027600540445e+00,-2.892204507026198357e+00,-1.084357625989254892e+00
-5.639499287880531675e-01,-7.002899541338312162e-01,2.961523807130149066e+00,1.395467788501361994e+00,1.052222704619728333e+00
