4.636476090008065931e-01,-1.570796326794896336e+00,-1.570796326794896114e+00,-1.218630942172056253e+00,1.922961711417737085e+00
1.218630942172047149e+00,1.570796326794888564e+00,-1.922961711417736419e+00,2.677945044588982526e+00,1.570796326794893005e+00
-1.434454031067813551e+00,-2.441299056625780395e+00,2.091018383162186467e+00,-2.959873587476229417e+00,-2.616630267219326456e+00
1.570796326794896558e+00,2.677945044588986967e+00,1.570796326794896558e+00,-4.636476090008061490e-01,-4.636476090008061490e-01
-9.956664934161225666e-01,1.570796326794897446e+00,2.145926160173670993e+00,2.034443935795703595e+00,-2.220446049250313081e-15
1.084358292655919875e+00,2.370500764064780164e-01,-2.493879577324986663e-01,-2.418104543044339305e+00,2.057234360933872352e+00
-1.231249731312190177e+00,1.349583405219982879e+00,-1.010036809737274943e+00,-2.131555843852515508e+00,7.888238881623612642e-01
1.707138622521979343e+00,1.186916566154689434e+00,2.577641352352863180e+00,1.070694011773547061e+00,-1.727655321559343982e+00
1.218630942172056919e+00,1.570796326794896558e+00,-1.922961711417736641e+00,1.570796326794896558e+00,-4.636476090008070372e-01
-2.677945044588987855e+00,4.636476090008061490e-01,-2.677945044588986523e+00,-1.570796326794896114e+00,-1.570796326794897446e+00
-1.923391417625080591e+00,-3.897558322895053884e-01,3.716074145932246608e-02,-1.997712900543724412e+00,3.104431912130470650e+00
2.959873587476229417e+00,2.441299056625780395e+00,2.616630267219326456e+00,-2.091018383162186467e+00,1.434454031067813773e+00
-3.104431912130470650e+00,-2.751836821300289060e+00,-1.143879753046070924e+00,-1.218201235964714746e+00,-3.716074145932202200e-02
-3.141592653589793116e+00,-2.677945044588986967e+00,-3.141592653589793116e+00,-1.107148717794090409e+00,-1.107148717794090409e+00
2.131555843852517285e+00,1.792009248369806684e+00,2.352768765427444286e+00,1.010036809737282937e+00,-1.910342922277603162e+00
-1.454573772413753963e+00,-1.954676087435103904e+00,1.343775560919135970e+00,1.050574270427606649e+00,1.800715405967223681e-01
-1.070694011773552390e+00,-1.186916566154684327e+00,1.727655321559340429e+00,-2.577641352352880943e+00,-1.707138622521978455e+00
2.131555843852598109e+00,-1.349583405219924481e+00,-7.888238881623323984e-01,1.010036809737305141e+00,1.231249731312200169e+00
2.577641352352863180e+00,1.186916566154689434e+00,1.707138622521979343e+00,-1.727655321559343315e+00,1.070694011773547061e+00
3.716074145932246608e-02,2.751836821300287284e+00,1.218201235964713192e+00,3.104431912130470650e+00,1.143879753046068259e+00
-1.800715405967006078e-01,1.954676087435124998e+00,-1.050574270427604429e+00,1.454573772413773725e+00,-1.343775560919114431e+00
4.440892098500626162e-16,-1.570796326794896114e+00,1.107148717794091297e+00,-2.145926160173668773e+00,9.956664934161238989e-01
-1.817190661135623664e-01,-1.227553006537992930e+00,2.089370857645346469e+00,1.413937332030450023e+00,1.797817092670657146e+00
-2.677945044588986967e+00,-1.570796326794895670e+00,-1.570796326794896114e+00,1.922961711417736197e+00,-1.218630942172056253e+00
-2.057234360933872352e+00,-2.370500764064833454e-01,2.418104543044337085e+00,-1.084358292655913658e+00,2.493879577325075481e-01
3.716074145932246608e-02,-3.897558322895058325e-01,-1.923391417625080368e+00,3.104431912130470650e+00,-1.997712900543724635e+00
-2.034443935795702263e+00,-1.570796326794896558e+00,0.000000000000000000e+00,-2.145926160173669217e+00,9.956664934161238989e-01
1.107148717794091297e+00,2.677945044588986967e+00,1.107148717794090409e+00,3.141592653589793116e+00,-3.141592653589793116e+00
2.961521112993070304e+00,-7.002935969640127212e-01,-5.639513012369299361e-01,1.052221795944447535e+00,1.395465116201350497e+00
-5.639513012369308242e-01,-7.002935969640149416e-01,2.961521112993066751e+00,1.395465116201348721e+00,1.052221795944446647e+00
-5.249623863704657722e-01,-1.914039647051799520e+00,1.746127537388442619e+00,-1.687018881176039820e+00,-2.070898641816246499e+00
2.089370857645346469e+00,-1.227553006537992708e+00,-1.817190661135614782e-01,1.797817092670658923e+00,1.413937332030450023e+00
-1.570796326794904996e+00,-1.570796326794916764e+00,-2.677945044588995405e+00,-1.218630942172075793e+00,1.922961711417736197e+00
-2.057234360933873241e+00,2.904542577183315544e+00,-7.234881105454546990e-01,-1.084358292655919875e+00,-2.892204695857294894e+00
1.218201235964713192e+00,2.751836821300287284e+00,3.716074145932246608e-02,1.143879753046068259e+00,3.104431912130470650e+00
-1.143879753046068259e+00,-2.751836821300286839e+00,-3.104431912130471094e+00,-3.716074145932246608e-02,-1.218201235964713192e+00
2.145926160173669217e+00,1.570796326794896558e+00,-9.956664934161234548e-01,-4.440892098500626162e-16,2.034443935795702707e+00
1.343775560919138634e+00,-1.954676087435102128e+00,-1.454573772413752630e+00,1.800715405967245886e-01,1.050574270427607537e+00
-3.141592653589792672e+00,4.636476090008065931e-01,-3.141592653589792672e+00,2.034443935795702707e+00,2.034443935795702707e+00
2.418104543044338861e+00,-2.370500764064784605e-01,-2.057234360933873241e+00,2.493879577324991104e-01,-1.084358292655919875e+00
-1.395465116201350053e+00,7.002935969640122771e-01,-1.052221795944446647e+00,-2.961521112993070748e+00,5.639513012369299361e-01
2.070898641816246055e+00,1.914039647051799520e+00,1.687018881176039820e+00,5.249623863704657722e-01,-1.746127537388443507e+00
2.145926160173669217e+00,1.570796326794896558e+00,-9.956664934161238989e-01,-1.107148717794090409e+00,0.000000000000000000e+00
-1.050574270427607093e+00,1.954676087435104570e+00,-1.800715405967214799e-01,-1.343775560919135525e+00,1.454573772413754185e+00
0.000000000000000000e+00,-1.570796326794896780e+00,-2.034443935795702707e+00,9.956664934161238989e-01,-2.145926160173669661e+00
-9.956664934161238989e-01,1.570796326794896558e+00,2.145926160173669217e+00,0.000000000000000000e+00,-1.107148717794090409e+00
-1.922961711417733310e+00,1.570796326794899223e+00,1.218630942172056919e+00,-4.636476090008043727e-01,1.570796326794897446e+00
-2.493879577325062158e-01,2.370500764064842336e-01,1.084358292655914546e+00,2.057234360933872352e+00,-2.418104543044337085e+00
-1.570796326794894338e+00,-1.570796326794892117e+00,4.636476090008088136e-01,1.922961711417741526e+00,-1.218630942172056475e+00
1.084358292655919875e+00,-2.904542577183315544e+00,2.892204695857294894e+00,7.234881105454542549e-01,2.057234360933873241e+00
1.687018881176038043e+00,1.914039647051799520e+00,2.070898641816246055e+00,-1.746127537388442841e+00,5.249623863704648841e-01
1.107148717794068205e+00,-1.570796326794906106e+00,-1.243449787580175325e-14,9.956664934161176816e-01,-2.145926160173686981e+00
-2.034443935795702707e+00,-4.636476090008061490e-01,-2.034443935795702707e+00,-3.141592653589793116e+00,-3.141592653589793116e+00
2.616630267219327344e+00,2.441299056625780395e+00,2.959873587476230306e+00,1.434454031067813773e+00,-2.091018383162186023e+00
1.727655321559343093e+00,-1.186916566154689878e+00,-1.070694011773547061e+00,-1.707138622521979121e+00,-2.577641352352863624e+00
-1.010036809737275831e+00,-1.792009248369812235e+00,1.910342922277602717e+00,-2.352768765427433184e+00,-2.131555843852517729e+00
4.636476090008061490e-01,-2.677945044588986967e+00,4.636476090008061490e-01,-1.570796326794896558e+00,-1.570796326794896558e+00
1.997712900543724857e+00,3.897558322895062766e-01,-3.104431912130470650e+00,-3.716074145932157791e-02,1.923391417625079924e+00
-1.922961711417732644e+00,1.570796326794983599e+00,1.218630942172136855e+00,1.570796326794934750e+00,2.677945044589021606e+00
1.570796326794896558e+00,-4.636476090008057049e-01,1.570796326794897446e+00,2.677945044588986967e+00,2.677945044588987855e+00
2.352768765427432740e+00,1.792009248369812013e+00,2.131555843852517285e+00,-1.910342922277602939e+00,1.010036809737275831e+00
1.746127537388442619e+00,-1.914039647051799076e+00,-5.249623863704657722e-01,-2.070898641816246055e+00,-1.687018881176039375e+00
-7.888238881623648169e-01,-1.349583405219999088e+00,2.131555843852496857e+00,1.231249731312186846e+00,1.010036809737276720e+00
-1.052221795944446647e+00,7.002935969640162739e-01,-1.395465116201346945e+00,5.639513012369321565e-01,-2.961521112993064975e+00
-3.104431912130471538e+00,3.897558322895058325e-01,1.997712900543723968e+00,1.923391417625080813e+00,-3.716074145932246608e-02
2.091018383162186467e+00,-2.441299056625786612e+00,-1.434454031067817548e+00,-2.616630267219330896e+00,-2.959873587476235635e+00
-1.797817092670695116e+00,1.227553006537991820e+00,-1.413937332030458238e+00,1.817190661135303920e-01,-2.089370857645342916e+00
-1.010036809737275831e+00,1.349583405219980214e+00,-1.231249731312190621e+00,7.888238881623599319e-01,-2.131555843852519061e+00
-7.234881105454546990e-01,2.904542577183315544e+00,-2.057234360933872797e+00,-2.892204695857294894e+00,-1.084358292655920319e+00
-1.413937332030449356e+00,1.227553006537994484e+00,-1.797817092670656036e+00,-2.089370857645346025e+00,1.817190661135636987e-01
