4.636476090008057049e-01,-1.570796326794898334e+00,-1.570796326794896114e+00,-1.218628942172057750e+00,1.922963711417735588e+00
-5.734013976751159980e-01,-2.860146282130327844e+00,4.413186634890209348e-01,-1.214342675065851918e+00,-2.393671354721499167e+00
1.218628942172036211e+00,1.570796326794878794e+00,-1.922963711417740695e+00,2.677945044588975421e+00,1.570796326794884124e+00
-1.434456301449118509e+00,-2.441302699455962344e+00,2.091017434469083724e+00,-2.959876321631130125e+00,-2.616631237749496464e+00
1.570796326794895670e+00,2.677945044588986079e+00,1.570796326794897446e+00,-4.636476090008065931e-01,-4.636476090008052608e-01
-9.956684934161206257e-01,1.570796326794898334e+00,2.145924160173670714e+00,2.034443935795705372e+00,-2.664535259100375697e-15
1.084357625989253116e+00,2.370505542420473510e-01,-2.493881465635969796e-01,-2.418103398542102767e+00,2.057235027600540000e+00
-1.231251111045098101e+00,1.349582692153740382e+00,-1.010037476403942591e+00,-2.131555177185851413e+00,7.888238417627864152e-01
1.707136352140675939e+00,1.186915244466488772e+00,2.577642724801739504e+00,1.070694711922411280e+00,-1.727652857785747287e+00
-2.723509801786077489e+00,3.914677081601767306e-01,1.432802902602348993e+00,-1.104321390257995361e+00,7.479213459435656297e-01
-5.294606897359948050e-01,2.750125285849327916e+00,1.597411855228753730e+00,7.500751787331649822e-02,1.927250042377421480e+00
1.218628942172057528e+00,1.570796326794898334e+00,-1.922963711417734922e+00,1.570796326794897446e+00,-4.636476090008052608e-01
1.214342614097181361e+00,2.860146448030793209e+00,2.393671560528786380e+00,-4.413184229099407219e-01,5.734016835709159210e-01
-2.677945044588987411e+00,4.636476090008061490e-01,-2.677945044588986967e+00,-1.570796326794896558e+00,-1.570796326794896780e+00
-1.923393399470559872e+00,-3.897571474683187986e-01,3.716007479265615032e-02,-1.997713549055870619e+00,3.104432578797137410e+00
2.959876321631130125e+00,2.441302699455961900e+00,2.616631237749496464e+00,-2.091017434469083724e+00,1.434456301449118953e+00
-1.927249977249705593e+00,-2.750125000874982906e+00,-7.500727552805841469e-02,5.294610602621685480e-01,-1.597411533110592696e+00
-2.425644216450245860e+00,-2.585516433474170039e+00,2.568190968767002147e+00,-2.612131948960336736e+00,1.708789652229213196e+00
-3.104432578797133857e+00,-2.751835506121472541e+00,-1.143879104533921165e+00,-1.218199254119232799e+00,-3.716007479265304170e-02
-3.141592653589793116e+00,-2.677945044588987411e+00,3.141592653589793116e+00,-1.107148717794091297e+00,-1.107148717794091297e+00
2.131555177185854966e+00,1.792009961436053622e+00,2.352768811827017359e+00,1.010037476403947920e+00,-1.910341542544697457e+00
-1.454575794250818843e+00,-1.954677409123304344e+00,1.343771775457340389e+00,1.050575219120710280e+00,1.800688464596458260e-01
-1.708789665355781917e+00,2.585516426046728711e+00,2.612131892108992659e+00,2.425644196782918982e+00,-2.568191015625539642e+00
-1.070694711922415721e+00,-1.186915244466491215e+00,1.727652857785749063e+00,-2.577642724801751939e+00,-1.707136352140679936e+00
2.131555177185878058e+00,-1.349582692153735719e+00,-7.888238417628050669e-01,1.010037476403925716e+00,1.231251111045096103e+00
1.597411434458581247e+00,2.750124913598647858e+00,-5.294611737396159867e-01,1.927249957303676098e+00,7.500720130731286517e-02
2.577642724801739504e+00,1.186915244466487884e+00,1.707136352140675051e+00,-1.727652857785747731e+00,1.070694711922411280e+00
3.716007479265570623e-02,2.751835506121473429e+00,1.218199254119232577e+00,3.104432578797137410e+00,1.143879104533922053e+00
-1.800688464595987526e-01,1.954677409123330989e+00,-1.050575219120699622e+00,1.454575794250852816e+00,-1.343771775457303752e+00
-4.440892098500626162e-16,-1.570796326794897002e+00,1.107148717794089521e+00,-2.145924160173669826e+00,9.956684934161241785e-01
-1.817163319586629910e-01,-1.227551242913262231e+00,2.089369948970064783e+00,1.413939795804044941e+00,1.797820878132453615e+00
-2.677945044588986967e+00,-1.570796326794896336e+00,-1.570796326794896558e+00,1.922963711417736477e+00,-1.218628942172056639e+00
7.159484110416345359e-01,-2.814461687506906173e-01,1.730668527576889382e+00,2.037271205442785060e+00,-3.066585096115658438e+00
-1.410924024422433254e+00,-5.560762719070746485e-01,-2.700273956780830709e+00,-4.180828549413848627e-01,1.544181155940947292e+00
-2.057235027600533783e+00,-2.370505542420531242e-01,2.418103398542110760e+00,-1.084357625989245122e+00,2.493881465636054173e-01
3.716007479265570623e-02,-3.897571474683192427e-01,-1.923393399470560317e+00,3.104432578797137410e+00,-1.997713549055871285e+00
-2.034443935795702707e+00,-1.570796326794896558e+00,0.000000000000000000e+00,-2.145924160173669382e+00,9.956684934161241785e-01
1.107148717794090409e+00,2.677945044588986079e+00,1.107148717794090409e+00,-3.141592653589793116e+00,-3.141592653589793116e+00
2.961523807130148178e+00,-7.002899541338321043e-01,-5.639499287880536116e-01,1.052222704619728333e+00,1.395467788501361994e+00
4.180828627408592624e-01,5.560762617423109511e-01,-1.544181088302324589e+00,2.700274010743880737e+00,1.410924041173208465e+00
-2.037271212424511369e+00,2.814461977751010480e-01,3.066585135806581874e+00,-1.730668540641973063e+00,-7.159484320349065456e-01
2.568190986837163514e+00,-2.585516430609914984e+00,-2.425644208865891827e+00,1.708789657291239550e+00,-2.612131927036630330e+00
-5.639499287880527234e-01,-7.002899541338312162e-01,2.961523807130149066e+00,1.395467788501361994e+00,1.052222704619728333e+00
-5.249614158402975406e-01,-1.914041410676530441e+00,1.746124865088431122e+00,-1.687016859338974273e+00,-2.070897941667381836e+00
2.089369948970064783e+00,-1.227551242913262897e+00,-1.817163319586638792e-01,1.797820878132452727e+00,1.413939795804044941e+00
-1.570796326794901887e+00,-1.570796326794902775e+00,-2.677945044588987411e+00,-1.218628942172059748e+00,1.922963711417736477e+00
-7.479211227143611751e-01,-3.914674188012012834e-01,1.104321433542990505e+00,2.723509764070777273e+00,-1.432802989470493005e+00
-2.057235027600540000e+00,2.904542099347746209e+00,-7.234892550476903494e-01,-1.084357625989253560e+00,-2.892204507026196580e+00
1.218199254119232577e+00,2.751835506121473429e+00,3.716007479265526214e-02,1.143879104533921165e+00,3.104432578797137410e+00
-1.143879104533922275e+00,-2.751835506121474317e+00,-3.104432578797137854e+00,-3.716007479265526214e-02,-1.218199254119232799e+00
2.145924160173668938e+00,1.570796326794896558e+00,-9.956684934161241785e-01,0.000000000000000000e+00,2.034443935795701819e+00
1.104321442430333811e+00,-3.914673593895652282e-01,-7.479210768805959475e-01,-1.432803007306387322e+00,2.723509756327018749e+00
3.066585135134381801e+00,2.814461972835458070e-01,-2.037271212306271728e+00,-7.159484316793705005e-01,-1.730668540420700507e+00
1.343771775457338613e+00,-1.954677409123305454e+00,-1.454575794250820842e+00,1.800688464596431615e-01,1.050575219120709392e+00
-1.544180848162403308e+00,5.560762256540026094e-01,4.180828904316649108e-01,1.410924100644120216e+00,2.700274202330921192e+00
-3.141592653589793116e+00,4.636476090008061490e-01,3.141592653589793116e+00,2.034443935795702707e+00,2.034443935795702707e+00
2.418103398542102767e+00,-2.370505542420477951e-01,-2.057235027600539556e+00,2.493881465635969796e-01,-1.084357625989253116e+00
-1.395467788501363104e+00,7.002899541338303280e-01,-1.052222704619728333e+00,-2.961523807130150399e+00,5.639499287880522793e-01
-2.700274189167127581e+00,-5.560762281335991375e-01,-1.410924096557916618e+00,1.544180864662228814e+00,-4.180828885290464036e-01
2.070897941667382725e+00,1.914041410676530219e+00,1.687016859338974939e+00,5.249614158402984287e-01,-1.746124865088430678e+00
2.393671311014806236e+00,2.860146246898526812e+00,1.214342688013601013e+00,5.734013369602535271e-01,-4.413187145801060751e-01
2.145924160173669826e+00,1.570796326794896558e+00,-9.956684934161237344e-01,-1.107148717794089521e+00,4.440892098500626162e-16
-1.050575219120710280e+00,1.954677409123304344e+00,-1.800688464596449379e-01,-1.343771775457339945e+00,1.454575794250819953e+00
-4.440892098500626162e-16,-1.570796326794896780e+00,-2.034443935795702707e+00,9.956684934161241785e-01,-2.145924160173669382e+00
-9.956684934161237344e-01,1.570796326794896558e+00,2.145924160173668938e+00,4.440892098500626162e-16,-1.107148717794090409e+00
-1.922963711417736921e+00,1.570796326794895670e+00,1.218628942172056639e+00,-4.636476090008065931e-01,1.570796326794895670e+00
4.413187250225121261e-01,-2.860146239697569648e+00,-5.734013245508613466e-01,-2.393671302081674668e+00,-1.214342690659958812e+00
2.612131703965119733e+00,2.585516401466353642e+00,-1.708789708796855766e+00,-2.568191170699197556e+00,2.425644131695863237e+00
-2.493881465636031969e-01,2.370505542420495715e-01,1.084357625989246010e+00,2.057235027600535560e+00,-2.418103398542103655e+00
-1.570796326794895448e+00,-1.570796326794893671e+00,4.636476090008074813e-01,1.922963711417738253e+00,-1.218628942172056639e+00
1.084357625989253116e+00,-2.904542099347745321e+00,2.892204507026196580e+00,7.234892550476903494e-01,2.057235027600540000e+00
1.687016859338974939e+00,1.914041410676530219e+00,2.070897941667381836e+00,-1.746124865088431122e+00,5.249614158402975406e-01
1.107148717794079751e+00,-1.570796326794898334e+00,-3.552713678800500929e-15,9.956684934161170730e-01,-2.145924160173673378e+00
-2.034443935795702263e+00,-4.636476090008061490e-01,-2.034443935795702263e+00,-3.141592653589793116e+00,-3.141592653589793116e+00
2.616631237749495575e+00,2.441302699455961012e+00,2.959876321631129237e+00,1.434456301449118065e+00,-2.091017434469083724e+00
-7.500729662854688229e-02,-2.750125025687099267e+00,-1.927249982920240079e+00,-1.597411561156736326e+00,5.294610280012390646e-01
1.432802993615935883e+00,3.914674049926554211e-01,-2.723509762270962753e+00,7.479211120616087172e-01,-1.104321435608601298e+00
1.727652857785747287e+00,-1.186915244466488550e+00,-1.070694711922411280e+00,-1.707136352140675495e+00,-2.577642724801740837e+00
-1.010037476403943479e+00,-1.792009961436051846e+00,1.910341542544695237e+00,-2.352768811827008033e+00,-2.131555177185850969e+00
4.636476090008070372e-01,-2.677945044588986967e+00,4.636476090008061490e-01,-1.570796326794896558e+00,-1.570796326794895892e+00
1.997713549055871063e+00,3.897571474683187986e-01,-3.104432578797137410e+00,-3.716007479265570623e-02,1.923393399470560539e+00
-1.922963711417739585e+00,1.570796326794937414e+00,1.218628942172107266e+00,1.570796326794912545e+00,2.677945044589007395e+00
1.570796326794897446e+00,-4.636476090008057049e-01,1.570796326794896558e+00,2.677945044588987855e+00,2.677945044588986079e+00
2.352768811827006701e+00,1.792009961436051846e+00,2.131555177185850525e+00,-1.910341542544695459e+00,1.010037476403942591e+00
1.746124865088431122e+00,-1.914041410676530441e+00,-5.249614158402962083e-01,-2.070897941667381392e+00,-1.687016859338972052e+00
-7.888238417627935206e-01,-1.349582692153758368e+00,2.131555177185827432e+00,1.231251111045095215e+00,1.010037476403940815e+00
-1.052222704619727445e+00,7.002899541338383216e-01,-1.395467788501360218e+00,5.639499287880558320e-01,-2.961523807130141073e+00
-3.104432578797137854e+00,3.897571474683196868e-01,1.997713549055871951e+00,1.923393399470560539e+00,-3.716007479265526214e-02
2.091017434469083724e+00,-2.441302699455963232e+00,-1.434456301449119175e+00,-2.616631237749496908e+00,-2.959876321631131457e+00
-1.797820878132488698e+00,1.227551242913254015e+00,-1.413939795804057153e+00,1.817163319586314607e-01,-2.089369948970066115e+00
-1.010037476403942591e+00,1.349582692153740382e+00,-1.231251111045098101e+00,7.888238417627864152e-01,-2.131555177185850969e+00
-7.234892550476894613e-01,2.904542099347747097e+00,-2.057235027600539112e+00,-2.892204507026195692e+00,-1.084357625989252671e+00
-1.413939795804045163e+00,1.227551242913262897e+00,-1.797820878132453837e+00,-2.089369948970064783e+00,1.817163319586629910e-01
