2.612131765556268803e+00,2.585516409512906399e+00,-1.708789694576196894e+00,-2.568191119934104982e+00,2.425644153002755488e+00
-1.927250007531490450e+00,-2.750125133380960651e+00,-7.500738821210317653e-02,5.294608879749902464e-01,-1.597411682885593320e+00
-7.500738850081400955e-02,-2.750125133726321280e+00,-1.927250007620096683e+00,-1.597411683271260818e+00,5.294608875169002360e-01
-2.425644153002576076e+00,-2.585516409512461422e+00,2.568191119933041833e+00,-2.612131765557476282e+00,1.708789694576273277e+00
-5.294608875292485806e-01,2.750125133726546878e+00,1.597411683285456796e+00,7.500738851252197747e-02,1.927250007616903460e+00
2.568191119802520461e+00,-2.585516409556813944e+00,-2.425644153069888453e+00,1.708789694537986570e+00,-2.612131765698775698e+00
-5.734015338509559356e-01,-2.860146361142239968e+00,4.413185489198334643e-01,-1.214342646037178675e+00,-2.393671452753116213e+00
2.393671452675718569e+00,2.860146361090665224e+00,1.214342646048248930e+00,5.734015337475812935e-01,-4.413185489859787758e-01
4.413185491615503331e-01,-2.860146360970159840e+00,-5.734015335402711244e-01,-2.393671452526444199e+00,-1.214342646091175260e+00
1.432802959024653155e+00,3.914675202167305912e-01,-2.723509777289447875e+00,7.479212009524989213e-01,-1.104321418372368413e+00
-1.708789694562056871e+00,2.585516409523744841e+00,2.612131765619189139e+00,2.425644153025769967e+00,-2.568191119883047158e+00
4.180828762949873045e-01,5.560762440730702139e-01,-1.544180970750190118e+00,2.700274104528510577e+00,1.410924070284134579e+00
1.214342646013776061e+00,2.860146361182689390e+00,2.393671452793617149e+00,-4.413185488513384769e-01,5.734015339190405847e-01
-2.700274104496572125e+00,-5.560762440774187354e-01,-1.410924070274824471e+00,1.544180970791277474e+00,-4.180828762868995518e-01
-2.037271235200452058e+00,2.814462924600409366e-01,3.066585265288376050e+00,-1.730668583263373028e+00,-7.159485005198824581e-01
1.597411683227837997e+00,2.750125133681086353e+00,-5.294608875866808617e-01,1.927250007601181814e+00,7.500738846822274652e-02
-1.544180970724862378e+00,5.560762440752338165e-01,4.180828763009172278e-01,1.410924070292252530e+00,2.700274104549130527e+00
1.104321418341271510e+00,-3.914675201763766488e-01,-7.479212009322551147e-01,-1.432802959052809966e+00,2.723509777238556140e+00
-1.410924070322183921e+00,-5.560762440565039100e-01,-2.700274104624394322e+00,-4.180828763145778559e-01,1.544180970634011274e+00
-7.479212008776330300e-01,-3.914675201186561537e-01,1.104321418378100716e+00,2.723509777275282318e+00,-1.432802959038603552e+00
3.066585265188504827e+00,2.814462923744347478e-01,-2.037271235230305066e+00,-7.159485005264913937e-01,-1.730668583168984753e+00
-2.723509777288508182e+00,3.914675202284025879e-01,1.432802958973034890e+00,-1.104321418337677496e+00,7.479212009705729081e-01
1.730668583245793535e+00,-2.814462924217608908e-01,7.159485004913443973e-01,-3.066585265235758584e+00,2.037271235190791785e+00
7.159485006440586830e-01,-2.814462926276961596e-01,1.730668583332397148e+00,2.037271235241524536e+00,-3.066585265515389569e+00
-1.125993276791412256e+00,-1.654081343770183121e+00,1.755352721822204032e+00,1.132834609849013852e+00,6.162547274288288079e-01
-1.132834605262645233e+00,1.654081356467989039e+00,-6.162547074709037176e-01,-1.755352704602418212e+00,1.125993292153090408e+00
1.755352719997115507e+00,-1.654081344743417503e+00,-1.125993277733851272e+00,6.162547263492452743e-01,1.132834609714279850e+00
-6.162547139886256353e-01,1.654081353433928925e+00,-1.132834606643588149e+00,1.125993287888260141e+00,-1.755352709038789705e+00
-1.956653932002593299e+00,-2.129383921313221517e+00,-3.059188657226571628e+00,-1.792280518447364246e+00,1.868030815857175675e+00
-3.059188629381641711e+00,-2.129383887266942388e+00,-1.956653904633373964e+00,1.868030821519017337e+00,-1.792280481214282961e+00
