lambda,status,max_clique,found_third,found_fourth,found_fourth_1e6,found_fourth_1e8,found_fourth_1e10,n_pool
0,ok,6,true,false,false,false,false,120
0.01,ok,6,true,false,false,false,false,120
0.02,ok,6,true,false,false,false,false,120
0.029999999999999999,ok,6,true,false,false,false,false,120
0.040000000000000001,ok,6,true,false,false,false,false,120
0.050000000000000003,ok,6,true,false,false,false,false,120
0.059999999999999998,ok,6,true,false,false,false,false,120
0.070000000000000007,ok,6,true,false,false,false,false,120
0.080000000000000002,ok,6,true,false,false,false,false,120
0.089999999999999997,ok,6,true,false,false,false,false,120
0.10000000000000001,ok,6,true,false,false,false,false,120
0.11,ok,6,true,false,false,false,false,120
0.12,ok,6,true,false,false,false,false,72
0.13,ok,6,true,false,false,false,false,72
0.14000000000000001,ok,6,true,false,false,false,false,72
0.14999999999999999,ok,6,true,false,false,false,false,72
0.16,ok,6,true,false,false,false,false,72
0.17000000000000001,ok,6,true,false,false,false,false,72
0.17999999999999999,ok,6,true,false,false,false,false,72
0.19,ok,6,true,false,false,false,false,72
0.20000000000000001,ok,6,true,false,false,false,false,72
0.20999999999999999,ok,6,true,false,false,false,false,72
0.22,ok,6,true,false,false,false,false,72
0.23000000000000001,ok,6,true,false,false,false,false,72
0.23999999999999999,ok,6,true,false,false,false,false,72
0.25,ok,6,true,false,false,false,false,72
0.26000000000000001,ok,6,true,false,false,false,false,72
0.27000000000000002,ok,6,true,false,false,false,false,72
0.28000000000000003,ok,6,true,false,false,false,false,72
0.28999999999999998,ok,6,true,false,false,false,false,72
0.29999999999999999,ok,6,true,false,false,false,false,72
0.31,ok,6,true,false,false,false,false,72
0.32000000000000001,ok,6,true,false,false,false,false,72
0.33000000000000002,ok,6,true,false,false,false,false,72
0.34000000000000002,ok,6,true,false,false,false,false,72
0.35000000000000003,ok,6,true,false,false,false,false,72
0.35999999999999999,ok,6,true,false,false,false,false,72
0.37,ok,6,true,false,false,false,false,72
0.38,ok,6,true,false,false,false,false,72
0.39000000000000001,ok,6,true,false,false,false,false,72
0.40000000000000002,ok,6,true,false,false,false,false,72
0.41000000000000003,ok,6,true,false,false,false,false,72
0.41999999999999998,ok,6,true,false,false,false,false,72
0.42999999999999999,ok,6,true,false,false,false,false,72
0.44,ok,6,true,false,false,false,false,72
0.45000000000000001,ok,6,true,false,false,false,false,72
0.46000000000000002,ok,6,true,false,false,false,false,72
0.47000000000000003,ok,6,true,false,false,false,false,72
0.47999999999999998,ok,6,true,false,false,false,false,72
0.48999999999999999,ok,6,true,false,false,false,false,72
0.5,ok,6,true,false,false,false,false,72
0.51000000000000001,ok,6,true,false,false,false,false,72
0.52000000000000002,ok,6,true,false,false,false,false,72
0.53000000000000003,ok,6,true,false,false,false,false,72
0.54000000000000004,ok,6,true,false,false,false,false,72
0.55000000000000004,ok,6,true,false,false,false,false,72
0.56000000000000005,ok,6,true,false,false,false,false,72
0.57000000000000006,ok,6,true,false,false,false,false,72
0.57999999999999996,ok,6,true,false,false,false,false,72
0.58999999999999997,ok,6,true,false,false,false,false,72
0.59999999999999998,ok,6,true,false,false,false,false,72
0.60999999999999999,ok,6,true,false,false,false,false,72
0.62,ok,6,true,false,false,false,false,72
0.63,ok,6,true,false,false,false,false,72
0.64000000000000001,ok,6,true,false,false,false,false,72
0.65000000000000002,ok,6,true,false,false,false,false,72
0.66000000000000003,ok,6,true,false,false,false,false,72
0.67000000000000004,ok,6,true,false,false,false,false,72
0.68000000000000005,ok,6,true,false,false,false,false,72
0.69000000000000006,ok,6,true,false,false,false,false,72
0.70000000000000007,ok,6,true,false,false,false,false,72
0.70999999999999996,ok,6,true,false,false,false,false,72
0.71999999999999997,ok,6,true,false,false,false,false,72
0.72999999999999998,ok,6,true,false,false,false,false,72
0.73999999999999999,ok,6,true,false,false,false,false,72
0.75,ok,6,true,false,false,false,false,72
0.76000000000000001,ok,6,true,false,false,false,false,72
0.77000000000000002,ok,6,true,false,false,false,false,72
0.78000000000000003,ok,6,true,false,false,false,false,72
0.79000000000000004,ok,6,true,false,false,false,false,72
0.80000000000000004,ok,6,true,false,false,false,false,72
0.81000000000000005,ok,6,true,false,false,false,false,72
0.82000000000000006,ok,6,true,false,false,false,false,72
0.83000000000000007,ok,6,true,false,false,false,false,72
0.83999999999999997,ok,6,true,false,false,false,false,72
0.84999999999999998,ok,6,true,false,false,false,false,72
0.85999999999999999,ok,6,true,false,false,false,false,72
0.87,ok,6,true,false,false,false,false,72
0.88,ok,6,true,false,false,false,false,72
0.89000000000000001,ok,6,true,false,false,false,false,72
0.90000000000000002,ok,6,true,false,false,false,false,72
0.91000000000000003,ok,6,true,false,false,false,false,72
0.92000000000000004,ok,6,true,false,false,false,false,72
0.93000000000000005,ok,6,true,false,false,false,false,72
0.94000000000000006,ok,6,true,false,false,false,false,72
0.95000000000000007,ok,6,true,false,false,false,false,72
0.95999999999999996,ok,6,true,false,false,false,false,72
0.96999999999999997,ok,6,true,false,false,false,false,72
0.97999999999999998,ok,6,true,false,false,false,false,72
0.98999999999999999,ok,6,true,false,false,false,false,72
1,ok,6,true,false,false,false,false,72
1.01,ok,6,true,false,false,false,false,72
1.02,ok,6,true,false,false,false,false,72
1.03,ok,6,true,false,false,false,false,72
1.04,ok,6,true,false,false,false,false,72
1.05,ok,6,true,false,false,false,false,72
1.0600000000000001,ok,6,true,false,false,false,false,72
1.0700000000000001,ok,6,true,false,false,false,false,72
1.0800000000000001,ok,6,true,false,false,false,false,72
1.0900000000000001,ok,6,true,false,false,false,false,72
1.1000000000000001,ok,6,true,false,false,false,false,72
1.1100000000000001,ok,6,true,false,false,false,false,72
1.1200000000000001,ok,6,true,false,false,false,false,72
1.1300000000000001,ok,6,true,false,false,false,false,72
1.1400000000000001,ok,6,true,false,false,false,false,72
1.1500000000000001,ok,6,true,false,false,false,false,72
1.1599999999999999,ok,6,true,false,false,false,false,72
1.1699999999999999,ok,6,true,false,false,false,false,72
1.1799999999999999,ok,6,true,false,false,false,false,72
1.1899999999999999,ok,6,true,false,false,false,false,72
1.2,ok,6,true,false,false,false,false,72
1.21,ok,6,true,false,false,false,false,72
1.22,ok,6,true,false,false,false,false,72
1.23,ok,6,true,false,false,false,false,72
1.24,ok,6,true,false,false,false,false,72
1.25,ok,6,true,false,false,false,false,72
1.26,ok,6,true,false,false,false,false,72
1.27,ok,6,true,false,false,false,false,72
1.28,ok,6,true,false,false,false,false,72
1.29,ok,6,true,false,false,false,false,72
1.3,ok,6,true,false,false,false,false,72
1.3100000000000001,ok,6,true,false,false,false,false,72
1.3200000000000001,ok,6,true,false,false,false,false,72
1.3300000000000001,ok,6,true,false,false,false,false,72
1.3400000000000001,ok,6,true,false,false,false,false,72
1.3500000000000001,ok,6,true,false,false,false,false,72
1.3600000000000001,ok,6,true,false,false,false,false,72
1.3700000000000001,ok,6,true,false,false,false,false,72
1.3800000000000001,ok,6,true,false,false,false,false,72
1.3900000000000001,ok,6,true,false,false,false,false,72
1.4000000000000001,ok,6,true,false,false,false,false,72
1.4099999999999999,ok,6,true,false,false,false,false,72
1.4199999999999999,ok,6,true,false,false,false,false,72
1.4299999999999999,ok,6,true,false,false,false,false,72
1.4399999999999999,ok,6,true,false,false,false,false,72
1.45,ok,6,true,false,false,false,false,72
1.46,ok,6,true,false,false,false,false,120
1.47,ok,6,true,false,false,false,false,120
1.48,ok,6,true,false,false,false,false,120
1.49,ok,6,true,false,false,false,false,120
1.5,ok,6,true,false,false,false,false,120
1.51,ok,6,true,false,false,false,false,120
1.52,ok,6,true,false,false,false,false,120
1.53,ok,6,true,false,false,false,false,120
1.54,ok,6,true,false,false,false,false,120
1.55,ok,6,true,false,false,false,false,120
1.5600000000000001,ok,6,true,false,false,false,false,120
1.5700000000000001,ok,6,true,false,false,false,false,120
1.5800000000000001,ok,6,true,false,false,false,false,120
1.5900000000000001,ok,6,true,false,false,false,false,120
1.6000000000000001,ok,6,true,false,false,false,false,120
1.6100000000000001,ok,6,true,false,false,false,false,120
1.6200000000000001,ok,6,true,false,false,false,false,120
1.6300000000000001,ok,6,true,false,false,false,false,120
1.6400000000000001,ok,6,true,false,false,false,false,120
1.6500000000000001,ok,6,true,false,false,false,false,120
1.6600000000000001,ok,6,true,false,false,false,false,120
1.6699999999999999,ok,6,true,false,false,false,false,120
1.6799999999999999,ok,6,true,false,false,false,false,120
1.6899999999999999,ok,6,true,false,false,false,false,72
1.7,ok,6,true,false,false,false,false,72
1.71,ok,6,true,false,false,false,false,72
1.72,ok,6,true,false,false,false,false,72
1.73,ok,6,true,false,false,false,false,72
1.74,ok,6,true,false,false,false,false,72
1.75,ok,6,true,false,false,false,false,72
1.76,ok,6,true,false,false,false,false,72
1.77,ok,6,true,false,false,false,false,72
1.78,ok,6,true,false,false,false,false,72
1.79,ok,6,true,false,false,false,false,72
1.8,ok,6,true,false,false,false,false,72
1.8100000000000001,ok,6,true,false,false,false,false,72
1.8200000000000001,ok,6,true,false,false,false,false,72
1.8300000000000001,ok,6,true,false,false,false,false,72
1.8400000000000001,ok,6,true,false,false,false,false,72
1.8500000000000001,ok,6,true,false,false,false,false,72
1.8600000000000001,ok,6,true,false,false,false,false,72
1.8700000000000001,ok,6,true,false,false,false,false,72
1.8800000000000001,ok,6,true,false,false,false,false,72
1.8900000000000001,ok,6,true,false,false,false,false,72
1.9000000000000001,ok,6,true,false,false,false,false,72
1.9100000000000001,ok,6,true,false,false,false,false,72
1.9199999999999999,ok,6,true,false,false,false,false,72
1.9299999999999999,ok,6,true,false,false,false,false,72
1.9399999999999999,ok,6,true,false,false,false,false,72
1.95,ok,6,true,false,false,false,false,72
1.96,ok,6,true,false,false,false,false,72
1.97,ok,6,true,false,false,false,false,72
1.98,ok,6,true,false,false,false,false,72
1.99,ok,6,true,false,false,false,false,72
2,ok,6,true,false,false,false,false,72
2.0100000000000002,ok,6,true,false,false,false,false,72
2.02,ok,6,true,false,false,false,false,72
2.0300000000000002,ok,6,true,false,false,false,false,72
2.04,ok,6,true,false,false,false,false,72
2.0499999999999998,ok,6,true,false,false,false,false,72
2.0600000000000001,ok,6,true,false,false,false,false,72
2.0699999999999998,ok,6,true,false,false,false,false,72
2.0800000000000001,ok,6,true,false,false,false,false,72
2.0899999999999999,ok,6,true,false,false,false,false,72
2.1000000000000001,ok,6,true,false,false,false,false,72
2.1099999999999999,ok,6,true,false,false,false,false,72
2.1200000000000001,ok,6,true,false,false,false,false,72
2.1299999999999999,ok,6,true,false,false,false,false,72
2.1400000000000001,ok,6,true,false,false,false,false,72
2.1499999999999999,ok,6,true,false,false,false,false,72
2.1600000000000001,ok,6,true,false,false,false,false,72
2.1699999999999999,ok,6,true,false,false,false,false,72
2.1800000000000002,ok,6,true,false,false,false,false,72
2.1899999999999999,ok,6,true,false,false,false,false,72
2.2000000000000002,ok,6,true,false,false,false,false,72
2.21,ok,6,true,false,false,false,false,72
2.2200000000000002,ok,6,true,false,false,false,false,72
2.23,ok,6,true,false,false,false,false,72
2.2400000000000002,ok,6,true,false,false,false,false,72
2.25,ok,6,true,false,false,false,false,72
2.2600000000000002,ok,6,true,false,false,false,false,72
2.27,ok,6,true,false,false,false,false,72
2.2800000000000002,ok,6,true,false,false,false,false,72
2.29,ok,6,true,false,false,false,false,72
2.3000000000000003,ok,6,true,false,false,false,false,72
2.3100000000000001,ok,6,true,false,false,false,false,72
2.3199999999999998,ok,6,true,false,false,false,false,72
2.3300000000000001,ok,6,true,false,false,false,false,72
2.3399999999999999,ok,6,true,false,false,false,false,72
2.3500000000000001,ok,6,true,false,false,false,false,72
2.3599999999999999,ok,6,true,false,false,false,false,72
2.3700000000000001,ok,6,true,false,false,false,false,72
2.3799999999999999,ok,6,true,false,false,false,false,72
2.3900000000000001,ok,6,true,false,false,false,false,72
2.3999999999999999,ok,6,true,false,false,false,false,72
2.4100000000000001,ok,6,true,false,false,false,false,72
2.4199999999999999,ok,6,true,false,false,false,false,72
2.4300000000000002,ok,6,true,false,false,false,false,72
2.4399999999999999,ok,6,true,false,false,false,false,72
2.4500000000000002,ok,6,true,false,false,false,false,72
2.46,ok,6,true,false,false,false,false,72
2.4700000000000002,ok,6,true,false,false,false,false,72
2.48,ok,6,true,false,false,false,false,72
2.4900000000000002,ok,6,true,false,false,false,false,72
2.5,ok,6,true,false,false,false,false,72
2.5100000000000002,ok,6,true,false,false,false,false,72
2.52,ok,6,true,false,false,false,false,72
2.5300000000000002,ok,6,true,false,false,false,false,72
2.54,ok,6,true,false,false,false,false,72
2.5500000000000003,ok,6,true,false,false,false,false,72
2.5600000000000001,ok,6,true,false,false,false,false,72
2.5699999999999998,ok,6,true,false,false,false,false,72
2.5800000000000001,ok,6,true,false,false,false,false,72
2.5899999999999999,ok,6,true,false,false,false,false,72
2.6000000000000001,ok,6,true,false,false,false,false,72
2.6099999999999999,ok,6,true,false,false,false,false,72
2.6200000000000001,ok,6,true,false,false,false,false,72
2.6299999999999999,ok,6,true,false,false,false,false,72
2.6400000000000001,ok,6,true,false,false,false,false,72
2.6499999999999999,ok,6,true,false,false,false,false,72
2.6600000000000001,ok,6,true,false,false,false,false,72
2.6699999999999999,ok,6,true,false,false,false,false,72
2.6800000000000002,ok,6,true,false,false,false,false,72
2.6899999999999999,ok,6,true,false,false,false,false,72
2.7000000000000002,ok,6,true,false,false,false,false,72
2.71,ok,6,true,false,false,false,false,72
2.7200000000000002,ok,6,true,false,false,false,false,72
2.73,ok,6,true,false,false,false,false,72
2.7400000000000002,ok,6,true,false,false,false,false,72
2.75,ok,6,true,false,false,false,false,72
2.7600000000000002,ok,6,true,false,false,false,false,72
2.77,ok,6,true,false,false,false,false,72
2.7800000000000002,ok,6,true,false,false,false,false,72
2.79,ok,6,true,false,false,false,false,72
2.8000000000000003,ok,6,true,false,false,false,false,72
2.8100000000000001,ok,6,true,false,false,false,false,72
2.8199999999999998,ok,6,true,false,false,false,false,72
2.8300000000000001,ok,6,true,false,false,false,false,72
2.8399999999999999,ok,6,true,false,false,false,false,72
2.8500000000000001,ok,6,true,false,false,false,false,72
2.8599999999999999,ok,6,true,false,false,false,false,72
2.8700000000000001,ok,6,true,false,false,false,false,72
2.8799999999999999,ok,6,true,false,false,false,false,72
2.8900000000000001,ok,6,true,false,false,false,false,72
2.8999999999999999,ok,6,true,false,false,false,false,72
2.9100000000000001,ok,6,true,false,false,false,false,72
2.9199999999999999,ok,6,true,false,false,false,false,72
2.9300000000000002,ok,6,true,false,false,false,false,72
2.9399999999999999,ok,6,true,false,false,false,false,72
2.9500000000000002,ok,6,true,false,false,false,false,72
2.96,ok,6,true,false,false,false,false,72
2.9700000000000002,ok,6,true,false,false,false,false,72
2.98,ok,6,true,false,false,false,false,72
2.9900000000000002,ok,6,true,false,false,false,false,72
3,ok,6,true,false,false,false,false,72
3.0100000000000002,ok,6,true,false,false,false,false,72
3.02,ok,6,true,false,false,false,false,72
3.0300000000000002,ok,6,true,false,false,false,false,72
3.04,ok,6,true,false,false,false,false,120
3.0500000000000003,ok,6,true,false,false,false,false,120
3.0600000000000001,ok,6,true,false,false,false,false,120
3.0700000000000003,ok,6,true,false,false,false,false,120
3.0800000000000001,ok,6,true,false,false,false,false,120
3.0899999999999999,ok,6,true,false,false,false,false,120
3.1000000000000001,ok,6,true,false,false,false,false,120
3.1099999999999999,ok,6,true,false,false,false,false,120
3.1200000000000001,ok,6,true,false,false,false,false,120
3.1299999999999999,ok,6,true,false,false,false,false,120
3.1400000000000001,ok,6,true,false,false,false,false,120
3.1499999999999999,ok,6,true,false,false,false,false,120
3.1600000000000001,ok,6,true,false,false,false,false,120
3.1699999999999999,ok,6,true,false,false,false,false,120
3.1800000000000002,ok,6,true,false,false,false,false,120
3.1899999999999999,ok,6,true,false,false,false,false,120
3.2000000000000002,ok,6,true,false,false,false,false,120
3.21,ok,6,true,false,false,false,false,120
3.2200000000000002,ok,6,true,false,false,false,false,120
3.23,ok,6,true,false,false,false,false,120
3.2400000000000002,ok,6,true,false,false,false,false,120
3.25,ok,6,true,false,false,false,false,120
3.2600000000000002,ok,6,true,false,false,false,false,72
3.27,ok,6,true,false,false,false,false,72
3.2800000000000002,ok,6,true,false,false,false,false,72
3.29,ok,6,true,false,false,false,false,72
3.3000000000000003,ok,6,true,false,false,false,false,72
3.3100000000000001,ok,6,true,false,false,false,false,72
3.3200000000000003,ok,6,true,false,false,false,false,72
3.3300000000000001,ok,6,true,false,false,false,false,72
3.3399999999999999,ok,6,true,false,false,false,false,72
3.3500000000000001,ok,6,true,false,false,false,false,72
3.3599999999999999,ok,6,true,false,false,false,false,72
3.3700000000000001,ok,6,true,false,false,false,false,72
3.3799999999999999,ok,6,true,false,false,false,false,72
3.3900000000000001,ok,6,true,false,false,false,false,72
3.3999999999999999,ok,6,true,false,false,false,false,72
3.4100000000000001,ok,6,true,false,false,false,false,72
3.4199999999999999,ok,6,true,false,false,false,false,72
3.4300000000000002,ok,6,true,false,false,false,false,72
3.4399999999999999,ok,6,true,false,false,false,false,72
3.4500000000000002,ok,6,true,false,false,false,false,72
3.46,ok,6,true,false,false,false,false,72
3.4700000000000002,ok,6,true,false,false,false,false,72
3.48,ok,6,true,false,false,false,false,72
3.4900000000000002,ok,6,true,false,false,false,false,72
3.5,ok,6,true,false,false,false,false,72
3.5100000000000002,ok,6,true,false,false,false,false,72
3.52,ok,6,true,false,false,false,false,72
3.5300000000000002,ok,6,true,false,false,false,false,72
3.54,ok,6,true,false,false,false,false,72
3.5500000000000003,ok,6,true,false,false,false,false,72
3.5600000000000001,ok,6,true,false,false,false,false,72
3.5700000000000003,ok,6,true,false,false,false,false,72
3.5800000000000001,ok,6,true,false,false,false,false,72
3.5899999999999999,ok,6,true,false,false,false,false,72
3.6000000000000001,ok,6,true,false,false,false,false,72
3.6099999999999999,ok,6,true,false,false,false,false,72
3.6200000000000001,ok,6,true,false,false,false,false,72
3.6299999999999999,ok,6,true,false,false,false,false,72
3.6400000000000001,ok,6,true,false,false,false,false,72
3.6499999999999999,ok,6,true,false,false,false,false,72
3.6600000000000001,ok,6,true,false,false,false,false,72
3.6699999999999999,ok,6,true,false,false,false,false,72
3.6800000000000002,ok,6,true,false,false,false,false,72
3.6899999999999999,ok,6,true,false,false,false,false,72
3.7000000000000002,ok,6,true,false,false,false,false,72
3.71,ok,6,true,false,false,false,false,72
3.7200000000000002,ok,6,true,false,false,false,false,72
3.73,ok,6,true,false,false,false,false,72
3.7400000000000002,ok,6,true,false,false,false,false,72
3.75,ok,6,true,false,false,false,false,72
3.7600000000000002,ok,6,true,false,false,false,false,72
3.77,ok,6,true,false,false,false,false,72
3.7800000000000002,ok,6,true,false,false,false,false,72
3.79,ok,6,true,false,false,false,false,72
3.8000000000000003,ok,6,true,false,false,false,false,72
3.8100000000000001,ok,6,true,false,false,false,false,72
3.8200000000000003,ok,6,true,false,false,false,false,72
3.8300000000000001,ok,6,true,false,false,false,false,72
3.8399999999999999,ok,6,true,false,false,false,false,72
3.8500000000000001,ok,6,true,false,false,false,false,72
3.8599999999999999,ok,6,true,false,false,false,false,72
3.8700000000000001,ok,6,true,false,false,false,false,72
3.8799999999999999,ok,6,true,false,false,false,false,72
3.8900000000000001,ok,6,true,false,false,false,false,72
3.8999999999999999,ok,6,true,false,false,false,false,72
3.9100000000000001,ok,6,true,false,false,false,false,72
3.9199999999999999,ok,6,true,false,false,false,false,72
3.9300000000000002,ok,6,true,false,false,false,false,72
3.9399999999999999,ok,6,true,false,false,false,false,72
3.9500000000000002,ok,6,true,false,false,false,false,72
3.96,ok,6,true,false,false,false,false,72
3.9700000000000002,ok,6,true,false,false,false,false,72
3.98,ok,6,true,false,false,false,false,72
3.9900000000000002,ok,6,true,false,false,false,false,72
4,ok,6,true,false,false,false,false,72
4.0099999999999998,ok,6,true,false,false,false,false,72
4.0200000000000005,ok,6,true,false,false,false,false,72
4.0300000000000002,ok,6,true,false,false,false,false,72
4.04,ok,6,true,false,false,false,false,72
4.0499999999999998,ok,6,true,false,false,false,false,72
4.0600000000000005,ok,6,true,false,false,false,false,72
4.0700000000000003,ok,6,true,false,false,false,false,72
4.0800000000000001,ok,6,true,false,false,false,false,72
4.0899999999999999,ok,6,true,false,false,false,false,72
4.0999999999999996,ok,6,true,false,false,false,false,72
4.1100000000000003,ok,6,true,false,false,false,false,72
4.1200000000000001,ok,6,true,false,false,false,false,72
4.1299999999999999,ok,6,true,false,false,false,false,72
4.1399999999999997,ok,6,true,false,false,false,false,72
4.1500000000000004,ok,6,true,false,false,false,false,72
4.1600000000000001,ok,6,true,false,false,false,false,72
4.1699999999999999,ok,6,true,false,false,false,false,72
4.1799999999999997,ok,6,true,false,false,false,false,72
4.1900000000000004,ok,6,true,false,false,false,false,72
4.2000000000000002,ok,6,true,false,false,false,false,72
4.21,ok,6,true,false,false,false,false,72
4.2199999999999998,ok,6,true,false,false,false,false,72
4.2300000000000004,ok,6,true,false,false,false,false,72
4.2400000000000002,ok,6,true,false,false,false,false,72
4.25,ok,6,true,false,false,false,false,72
4.2599999999999998,ok,6,true,false,false,false,false,72
4.2700000000000005,ok,6,true,false,false,false,false,72
4.2800000000000002,ok,6,true,false,false,false,false,72
4.29,ok,6,true,false,false,false,false,72
4.2999999999999998,ok,6,true,false,false,false,false,72
4.3100000000000005,ok,6,true,false,false,false,false,72
4.3200000000000003,ok,6,true,false,false,false,false,72
4.3300000000000001,ok,6,true,false,false,false,false,72
4.3399999999999999,ok,6,true,false,false,false,false,72
4.3500000000000005,ok,6,true,false,false,false,false,72
4.3600000000000003,ok,6,true,false,false,false,false,72
4.3700000000000001,ok,6,true,false,false,false,false,72
4.3799999999999999,ok,6,true,false,false,false,false,72
4.3899999999999997,ok,6,true,false,false,false,false,72
4.4000000000000004,ok,6,true,false,false,false,false,72
4.4100000000000001,ok,6,true,false,false,false,false,72
4.4199999999999999,ok,6,true,false,false,false,false,72
4.4299999999999997,ok,6,true,false,false,false,false,72
4.4400000000000004,ok,6,true,false,false,false,false,72
4.4500000000000002,ok,6,true,false,false,false,false,72
4.46,ok,6,true,false,false,false,false,72
4.4699999999999998,ok,6,true,false,false,false,false,72
4.4800000000000004,ok,6,true,false,false,false,false,72
4.4900000000000002,ok,6,true,false,false,false,false,72
4.5,ok,6,true,false,false,false,false,72
4.5099999999999998,ok,6,true,false,false,false,false,72
4.5200000000000005,ok,6,true,false,false,false,false,72
4.5300000000000002,ok,6,true,false,false,false,false,72
4.54,ok,6,true,false,false,false,false,72
4.5499999999999998,ok,6,true,false,false,false,false,72
4.5600000000000005,ok,6,true,false,false,false,false,72
4.5700000000000003,ok,6,true,false,false,false,false,72
4.5800000000000001,ok,6,true,false,false,false,false,72
4.5899999999999999,ok,6,true,false,false,false,false,72
4.6000000000000005,ok,6,true,false,false,false,false,72
4.6100000000000003,ok,6,true,false,false,false,false,120
4.6200000000000001,ok,6,true,false,false,false,false,120
4.6299999999999999,ok,6,true,false,false,false,false,120
4.6399999999999997,ok,6,true,false,false,false,false,120
4.6500000000000004,ok,6,true,false,false,false,false,120
4.6600000000000001,ok,6,true,false,false,false,false,120
4.6699999999999999,ok,6,true,false,false,false,false,120
4.6799999999999997,ok,6,true,false,false,false,false,120
4.6900000000000004,ok,6,true,false,false,false,false,120
4.7000000000000002,ok,6,true,false,false,false,false,120
4.71,ok,6,true,false,false,false,false,120
4.7199999999999998,ok,6,true,false,false,false,false,120
4.7300000000000004,ok,6,true,false,false,false,false,120
4.7400000000000002,ok,6,true,false,false,false,false,120
4.75,ok,6,true,false,false,false,false,120
4.7599999999999998,ok,6,true,false,false,false,false,120
4.7700000000000005,ok,6,true,false,false,false,false,120
4.7800000000000002,ok,6,true,false,false,false,false,120
4.79,ok,6,true,false,false,false,false,120
4.7999999999999998,ok,6,true,false,false,false,false,120
4.8100000000000005,ok,6,true,false,false,false,false,120
4.8200000000000003,ok,6,true,false,false,false,false,120
4.8300000000000001,ok,6,true,false,false,false,false,72
4.8399999999999999,ok,6,true,false,false,false,false,72
4.8500000000000005,ok,6,true,false,false,false,false,72
4.8600000000000003,ok,6,true,false,false,false,false,72
4.8700000000000001,ok,6,true,false,false,false,false,72
4.8799999999999999,ok,6,true,false,false,false,false,72
4.8899999999999997,ok,6,true,false,false,false,false,72
4.9000000000000004,ok,6,true,false,false,false,false,72
4.9100000000000001,ok,6,true,false,false,false,false,72
4.9199999999999999,ok,6,true,false,false,false,false,72
4.9299999999999997,ok,6,true,false,false,false,false,72
4.9400000000000004,ok,6,true,false,false,false,false,72
4.9500000000000002,ok,6,true,false,false,false,false,72
4.96,ok,6,true,false,false,false,false,72
4.9699999999999998,ok,6,true,false,false,false,false,72
4.9800000000000004,ok,6,true,false,false,false,false,72
4.9900000000000002,ok,6,true,false,false,false,false,72
5,ok,6,true,false,false,false,false,72
5.0099999999999998,ok,6,true,false,false,false,false,72
5.0200000000000005,ok,6,true,false,false,false,false,72
5.0300000000000002,ok,6,true,false,false,false,false,72
5.04,ok,6,true,false,false,false,false,72
5.0499999999999998,ok,6,true,false,false,false,false,72
5.0600000000000005,ok,6,true,false,false,false,false,72
5.0700000000000003,ok,6,true,false,false,false,false,72
5.0800000000000001,ok,6,true,false,false,false,false,72
5.0899999999999999,ok,6,true,false,false,false,false,72
5.1000000000000005,ok,6,true,false,false,false,false,72
5.1100000000000003,ok,6,true,false,false,false,false,72
5.1200000000000001,ok,6,true,false,false,false,false,72
5.1299999999999999,ok,6,true,false,false,false,false,72
5.1399999999999997,ok,6,true,false,false,false,false,72
5.1500000000000004,ok,6,true,false,false,false,false,72
5.1600000000000001,ok,6,true,false,false,false,false,72
5.1699999999999999,ok,6,true,false,false,false,false,72
5.1799999999999997,ok,6,true,false,false,false,false,72
5.1900000000000004,ok,6,true,false,false,false,false,72
5.2000000000000002,ok,6,true,false,false,false,false,72
5.21,ok,6,true,false,false,false,false,72
5.2199999999999998,ok,6,true,false,false,false,false,72
5.2300000000000004,ok,6,true,false,false,false,false,72
5.2400000000000002,ok,6,true,false,false,false,false,72
5.25,ok,6,true,false,false,false,false,72
5.2599999999999998,ok,6,true,false,false,false,false,72
5.2700000000000005,ok,6,true,false,false,false,false,72
5.2800000000000002,ok,6,true,false,false,false,false,72
5.29,ok,6,true,false,false,false,false,72
5.2999999999999998,ok,6,true,false,false,false,false,72
5.3100000000000005,ok,6,true,false,false,false,false,72
5.3200000000000003,ok,6,true,false,false,false,false,72
5.3300000000000001,ok,6,true,false,false,false,false,72
5.3399999999999999,ok,6,true,false,false,false,false,72
5.3500000000000005,ok,6,true,false,false,false,false,72
5.3600000000000003,ok,6,true,false,false,false,false,72
5.3700000000000001,ok,6,true,false,false,false,false,72
5.3799999999999999,ok,6,true,false,false,false,false,72
5.3899999999999997,ok,6,true,false,false,false,false,72
5.4000000000000004,ok,6,true,false,false,false,false,72
5.4100000000000001,ok,6,true,false,false,false,false,72
5.4199999999999999,ok,6,true,false,false,false,false,72
5.4299999999999997,ok,6,true,false,false,false,false,72
5.4400000000000004,ok,6,true,false,false,false,false,72
5.4500000000000002,ok,6,true,false,false,false,false,72
5.46,ok,6,true,false,false,false,false,72
5.4699999999999998,ok,6,true,false,false,false,false,72
5.4800000000000004,ok,6,true,false,false,false,false,72
5.4900000000000002,ok,6,true,false,false,false,false,72
5.5,ok,6,true,false,false,false,false,72
5.5099999999999998,ok,6,true,false,false,false,false,72
5.5200000000000005,ok,6,true,false,false,false,false,72
5.5300000000000002,ok,6,true,false,false,false,false,72
5.54,ok,6,true,false,false,false,false,72
5.5499999999999998,ok,6,true,false,false,false,false,72
5.5600000000000005,ok,6,true,false,false,false,false,72
5.5700000000000003,ok,6,true,false,false,false,false,72
5.5800000000000001,ok,6,true,false,false,false,false,72
5.5899999999999999,ok,6,true,false,false,false,false,72
5.6000000000000005,ok,6,true,false,false,false,false,72
5.6100000000000003,ok,6,true,false,false,false,false,72
5.6200000000000001,ok,6,true,false,false,false,false,72
5.6299999999999999,ok,6,true,false,false,false,false,72
5.6399999999999997,ok,6,true,false,false,false,false,72
5.6500000000000004,ok,6,true,false,false,false,false,72
5.6600000000000001,ok,6,true,false,false,false,false,72
5.6699999999999999,ok,6,true,false,false,false,false,72
5.6799999999999997,ok,6,true,false,false,false,false,72
5.6900000000000004,ok,6,true,false,false,false,false,72
5.7000000000000002,ok,6,true,false,false,false,false,72
5.71,ok,6,true,false,false,false,false,72
5.7199999999999998,ok,6,true,false,false,false,false,72
5.7300000000000004,ok,6,true,false,false,false,false,72
5.7400000000000002,ok,6,true,false,false,false,false,72
5.75,ok,6,true,false,false,false,false,72
5.7599999999999998,ok,6,true,false,false,false,false,72
5.7700000000000005,ok,6,true,false,false,false,false,72
5.7800000000000002,ok,6,true,false,false,false,false,72
5.79,ok,6,true,false,false,false,false,72
5.7999999999999998,ok,6,true,false,false,false,false,72
5.8100000000000005,ok,6,true,false,false,false,false,72
5.8200000000000003,ok,6,true,false,false,false,false,72
5.8300000000000001,ok,6,true,false,false,false,false,72
5.8399999999999999,ok,6,true,false,false,false,false,72
5.8500000000000005,ok,6,true,false,false,false,false,72
5.8600000000000003,ok,6,true,false,false,false,false,72
5.8700000000000001,ok,6,true,false,false,false,false,72
5.8799999999999999,ok,6,true,false,false,false,false,72
5.8899999999999997,ok,6,true,false,false,false,false,72
5.9000000000000004,ok,6,true,false,false,false,false,72
5.9100000000000001,ok,6,true,false,false,false,false,72
5.9199999999999999,ok,6,true,false,false,false,false,72
5.9299999999999997,ok,6,true,false,false,false,false,72
5.9400000000000004,ok,6,true,false,false,false,false,72
5.9500000000000002,ok,6,true,false,false,false,false,72
5.96,ok,6,true,false,false,false,false,72
5.9699999999999998,ok,6,true,false,false,false,false,72
5.9800000000000004,ok,6,true,false,false,false,false,72
5.9900000000000002,ok,6,true,false,false,false,false,72
6,ok,6,true,false,false,false,false,72
6.0099999999999998,ok,6,true,false,false,false,false,72
6.0200000000000005,ok,6,true,false,false,false,false,72
6.0300000000000002,ok,6,true,false,false,false,false,72
6.04,ok,6,true,false,false,false,false,72
6.0499999999999998,ok,6,true,false,false,false,false,72
6.0600000000000005,ok,6,true,false,false,false,false,72
6.0700000000000003,ok,6,true,false,false,false,false,72
6.0800000000000001,ok,6,true,false,false,false,false,72
6.0899999999999999,ok,6,true,false,false,false,false,72
6.1000000000000005,ok,6,true,false,false,false,false,72
6.1100000000000003,ok,6,true,false,false,false,false,72
6.1200000000000001,ok,6,true,false,false,false,false,72
6.1299999999999999,ok,6,true,false,false,false,false,72
6.1400000000000006,ok,6,true,false,false,false,false,72
6.1500000000000004,ok,6,true,false,false,false,false,72
6.1600000000000001,ok,6,true,false,false,false,false,72
6.1699999999999999,ok,6,true,false,false,false,false,72
6.1799999999999997,ok,6,true,false,false,false,false,120
6.1900000000000004,ok,6,true,false,false,false,false,120
6.2000000000000002,ok,6,true,false,false,false,false,120
6.21,ok,6,true,false,false,false,false,120
6.2199999999999998,ok,6,true,false,false,false,false,120
6.2300000000000004,ok,6,true,false,false,false,false,120
6.2400000000000002,ok,6,true,false,false,false,false,120
6.25,ok,6,true,false,false,false,false,120
6.2599999999999998,ok,6,true,false,false,false,false,120
6.2700000000000005,ok,6,true,false,false,false,false,120
