candidate_idx,name,theta,phi,lambda,basis_idx,n_pool,n_filtered,max_clique_filtered,found_fourth,aggregate_found_fourth
1,F6_theta0,0.0,0.5,0.3,1,48,0,0,false,false
1,F6_theta0,0.0,0.5,0.3,2,48,0,0,false,false
1,F6_theta0,0.0,0.5,0.3,3,48,0,0,false,false
1,F6_theta0,0.0,0.5,0.3,4,48,0,0,false,false
1,F6_theta0,0.0,0.5,0.3,5,48,0,0,false,false
1,F6_theta0,0.0,0.5,0.3,6,48,0,0,false,false
1,F6_theta0,0.0,0.5,0.3,7,48,0,0,false,false
1,F6_theta0,0.0,0.5,0.3,8,48,0,0,false,false
2,Dita,0.9553166181245092,0.7853981633974483,0.4,1,72,0,0,false,false
2,Dita,0.9553166181245092,0.7853981633974483,0.4,2,72,0,0,false,false
2,Dita,0.9553166181245092,0.7853981633974483,0.4,3,72,0,0,false,false
2,Dita,0.9553166181245092,0.7853981633974483,0.4,4,72,0,0,false,false
3,degen_circulant_match,1.5707963268,0.05,6.2331853072,1,48,0,0,false,false
3,degen_circulant_match,1.5707963268,0.05,6.2331853072,2,48,0,0,false,false
4,ref_F6_theta0,0.0,0.495,0.2975,1,48,0,0,false,false
4,ref_F6_theta0,0.0,0.495,0.2975,2,48,0,0,false,false
4,ref_F6_theta0,0.0,0.495,0.2975,3,48,0,0,false,false
4,ref_F6_theta0,0.0,0.495,0.2975,4,48,0,0,false,false
4,ref_F6_theta0,0.0,0.495,0.2975,5,48,0,0,false,false
4,ref_F6_theta0,0.0,0.495,0.2975,6,48,0,0,false,false
4,ref_F6_theta0,0.0,0.495,0.2975,7,48,0,0,false,false
4,ref_F6_theta0,0.0,0.495,0.2975,8,48,0,0,false,false
5,ref_F6_theta0,0.0,0.495,0.3,1,48,0,0,false,false
5,ref_F6_theta0,0.0,0.495,0.3,2,48,0,0,false,false
5,ref_F6_theta0,0.0,0.495,0.3,3,48,0,0,false,false
5,ref_F6_theta0,0.0,0.495,0.3,4,48,0,0,false,false
5,ref_F6_theta0,0.0,0.495,0.3,5,48,0,0,false,false
5,ref_F6_theta0,0.0,0.495,0.3,6,48,0,0,false,false
5,ref_F6_theta0,0.0,0.495,0.3,7,48,0,0,false,false
5,ref_F6_theta0,0.0,0.495,0.3,8,48,0,0,false,false
6,ref_F6_theta0,0.0,0.4975,0.2975,1,48,0,0,false,false
6,ref_F6_theta0,0.0,0.4975,0.2975,2,48,0,0,false,false
6,ref_F6_theta0,0.0,0.4975,0.2975,3,48,0,0,false,false
6,ref_F6_theta0,0.0,0.4975,0.2975,4,48,0,0,false,false
6,ref_F6_theta0,0.0,0.4975,0.2975,5,48,0,0,false,false
6,ref_F6_theta0,0.0,0.4975,0.2975,6,48,0,0,false,false
6,ref_F6_theta0,0.0,0.4975,0.2975,7,48,0,0,false,false
6,ref_F6_theta0,0.0,0.4975,0.2975,8,48,0,0,false,false
7,ref_F6_theta0,0.0,0.4975,0.3,1,48,0,0,false,false
7,ref_F6_theta0,0.0,0.4975,0.3,2,48,0,0,false,false
7,ref_F6_theta0,0.0,0.4975,0.3,3,48,0,0,false,false
7,ref_F6_theta0,0.0,0.4975,0.3,4,48,0,0,false,false
7,ref_F6_theta0,0.0,0.4975,0.3,5,48,0,0,false,false
7,ref_F6_theta0,0.0,0.4975,0.3,6,48,0,0,false,false
7,ref_F6_theta0,0.0,0.4975,0.3,7,48,0,0,false,false
7,ref_F6_theta0,0.0,0.4975,0.3,8,48,0,0,false,false
8,ref_F6_theta0,0.0,0.5,0.2975,1,48,0,0,false,false
8,ref_F6_theta0,0.0,0.5,0.2975,2,48,0,0,false,false
8,ref_F6_theta0,0.0,0.5,0.2975,3,48,0,0,false,false
8,ref_F6_theta0,0.0,0.5,0.2975,4,48,0,0,false,false
8,ref_F6_theta0,0.0,0.5,0.2975,5,48,0,0,false,false
8,ref_F6_theta0,0.0,0.5,0.2975,6,48,0,0,false,false
8,ref_F6_theta0,0.0,0.5,0.2975,7,48,0,0,false,false
8,ref_F6_theta0,0.0,0.5,0.2975,8,48,0,0,false,false
9,ref_F6_theta0,0.0,0.5025,0.2975,1,48,0,0,false,false
9,ref_F6_theta0,0.0,0.5025,0.2975,2,48,0,0,false,false
9,ref_F6_theta0,0.0,0.5025,0.2975,3,48,0,0,false,false
9,ref_F6_theta0,0.0,0.5025,0.2975,4,48,0,0,false,false
9,ref_F6_theta0,0.0,0.5025,0.2975,5,48,0,0,false,false
9,ref_F6_theta0,0.0,0.5025,0.2975,6,48,0,0,false,false
9,ref_F6_theta0,0.0,0.5025,0.2975,7,48,0,0,false,false
9,ref_F6_theta0,0.0,0.5025,0.2975,8,48,0,0,false,false
10,ref_F6_theta0,0.0,0.5025,0.3,1,48,0,0,false,false
10,ref_F6_theta0,0.0,0.5025,0.3,2,48,0,0,false,false
10,ref_F6_theta0,0.0,0.5025,0.3,3,48,0,0,false,false
10,ref_F6_theta0,0.0,0.5025,0.3,4,48,0,0,false,false
10,ref_F6_theta0,0.0,0.5025,0.3,5,48,0,0,false,false
10,ref_F6_theta0,0.0,0.5025,0.3,6,48,0,0,false,false
10,ref_F6_theta0,0.0,0.5025,0.3,7,48,0,0,false,false
10,ref_F6_theta0,0.0,0.5025,0.3,8,48,0,0,false,false
11,ref_F6_theta0,0.0,0.505,0.2975,1,48,0,0,false,false
11,ref_F6_theta0,0.0,0.505,0.2975,2,48,0,0,false,false
11,ref_F6_theta0,0.0,0.505,0.2975,3,48,0,0,false,false
11,ref_F6_theta0,0.0,0.505,0.2975,4,48,0,0,false,false
11,ref_F6_theta0,0.0,0.505,0.2975,5,48,0,0,false,false
11,ref_F6_theta0,0.0,0.505,0.2975,6,48,0,0,false,false
11,ref_F6_theta0,0.0,0.505,0.2975,7,48,0,0,false,false
11,ref_F6_theta0,0.0,0.505,0.2975,8,48,0,0,false,false
12,ref_F6_theta0,0.0,0.505,0.3,1,48,0,0,false,false
12,ref_F6_theta0,0.0,0.505,0.3,2,48,0,0,false,false
12,ref_F6_theta0,0.0,0.505,0.3,3,48,0,0,false,false
12,ref_F6_theta0,0.0,0.505,0.3,4,48,0,0,false,false
12,ref_F6_theta0,0.0,0.505,0.3,5,48,0,0,false,false
12,ref_F6_theta0,0.0,0.505,0.3,6,48,0,0,false,false
12,ref_F6_theta0,0.0,0.505,0.3,7,48,0,0,false,false
12,ref_F6_theta0,0.0,0.505,0.3,8,48,0,0,false,false
13,ref_Dita,0.9553166181245092,0.7853981633974483,0.395,1,72,0,0,false,false
13,ref_Dita,0.9553166181245092,0.7853981633974483,0.395,2,72,0,0,false,false
13,ref_Dita,0.9553166181245092,0.7853981633974483,0.395,3,72,0,0,false,false
13,ref_Dita,0.9553166181245092,0.7853981633974483,0.395,4,72,0,0,false,false
14,ref_Dita,0.9553166181245092,0.7853981633974483,0.3975,1,72,0,0,false,false
14,ref_Dita,0.9553166181245092,0.7853981633974483,0.3975,2,72,0,0,false,false
14,ref_Dita,0.9553166181245092,0.7853981633974483,0.3975,3,72,0,0,false,false
14,ref_Dita,0.9553166181245092,0.7853981633974483,0.3975,4,72,0,0,false,false
15,ref_Dita,0.9553166181245092,0.7853981633974483,0.4025,1,72,0,0,false,false
15,ref_Dita,0.9553166181245092,0.7853981633974483,0.4025,2,72,0,0,false,false
15,ref_Dita,0.9553166181245092,0.7853981633974483,0.4025,3,72,0,0,false,false
15,ref_Dita,0.9553166181245092,0.7853981633974483,0.4025,4,72,0,0,false,false
16,ref_Dita,0.9553166181245092,0.7853981633974483,0.405,1,72,0,0,false,false
16,ref_Dita,0.9553166181245092,0.7853981633974483,0.405,2,72,0,0,false,false
16,ref_Dita,0.9553166181245092,0.7853981633974483,0.405,3,72,0,0,false,false
16,ref_Dita,0.9553166181245092,0.7853981633974483,0.405,4,72,0,0,false,false
17,ref_degen_circulant_match,1.5707963268,0.045000000000000005,6.2381853072,1,48,0,0,false,false
17,ref_degen_circulant_match,1.5707963268,0.045000000000000005,6.2381853072,2,48,0,0,false,false
18,ref_degen_circulant_match,1.5707963268,0.0475,6.235685307200001,1,48,0,0,false,false
18,ref_degen_circulant_match,1.5707963268,0.0475,6.235685307200001,2,48,0,0,false,false
19,ref_degen_circulant_match,1.5707963268,0.052500000000000005,6.2306853072,1,48,0,0,false,false
19,ref_degen_circulant_match,1.5707963268,0.052500000000000005,6.2306853072,2,48,0,0,false,false
20,ref_degen_circulant_match,1.5707963268,0.055,6.2281853072,1,48,0,0,false,false
20,ref_degen_circulant_match,1.5707963268,0.055,6.2281853072,2,48,0,0,false,false
21,ref_ref_F6_theta0,0.0,0.49,0.2925,1,48,0,0,false,false
21,ref_ref_F6_theta0,0.0,0.49,0.2925,2,48,0,0,false,false
21,ref_ref_F6_theta0,0.0,0.49,0.2925,3,48,0,0,false,false
21,ref_ref_F6_theta0,0.0,0.49,0.2925,4,48,0,0,false,false
21,ref_ref_F6_theta0,0.0,0.49,0.2925,5,48,0,0,false,false
21,ref_ref_F6_theta0,0.0,0.49,0.2925,6,48,0,0,false,false
21,ref_ref_F6_theta0,0.0,0.49,0.2925,7,48,0,0,false,false
21,ref_ref_F6_theta0,0.0,0.49,0.2925,8,48,0,0,false,false
22,ref_ref_F6_theta0,0.0,0.49,0.2975,1,48,0,0,false,false
22,ref_ref_F6_theta0,0.0,0.49,0.2975,2,48,0,0,false,false
22,ref_ref_F6_theta0,0.0,0.49,0.2975,3,48,0,0,false,false
22,ref_ref_F6_theta0,0.0,0.49,0.2975,4,48,0,0,false,false
22,ref_ref_F6_theta0,0.0,0.49,0.2975,5,48,0,0,false,false
22,ref_ref_F6_theta0,0.0,0.49,0.2975,6,48,0,0,false,false
22,ref_ref_F6_theta0,0.0,0.49,0.2975,7,48,0,0,false,false
22,ref_ref_F6_theta0,0.0,0.49,0.2975,8,48,0,0,false,false
23,ref_ref_F6_theta0,0.0,0.49,0.3,1,48,0,0,false,false
23,ref_ref_F6_theta0,0.0,0.49,0.3,2,48,0,0,false,false
23,ref_ref_F6_theta0,0.0,0.49,0.3,3,48,0,0,false,false
23,ref_ref_F6_theta0,0.0,0.49,0.3,4,48,0,0,false,false
23,ref_ref_F6_theta0,0.0,0.49,0.3,5,48,0,0,false,false
23,ref_ref_F6_theta0,0.0,0.49,0.3,6,48,0,0,false,false
23,ref_ref_F6_theta0,0.0,0.49,0.3,7,48,0,0,false,false
23,ref_ref_F6_theta0,0.0,0.49,0.3,8,48,0,0,false,false
24,ref_ref_F6_theta0,0.0,0.4925,0.2925,1,48,0,0,false,false
24,ref_ref_F6_theta0,0.0,0.4925,0.2925,2,48,0,0,false,false
24,ref_ref_F6_theta0,0.0,0.4925,0.2925,3,48,0,0,false,false
24,ref_ref_F6_theta0,0.0,0.4925,0.2925,4,48,0,0,false,false
24,ref_ref_F6_theta0,0.0,0.4925,0.2925,5,48,0,0,false,false
24,ref_ref_F6_theta0,0.0,0.4925,0.2925,6,48,0,0,false,false
24,ref_ref_F6_theta0,0.0,0.4925,0.2925,7,48,0,0,false,false
24,ref_ref_F6_theta0,0.0,0.4925,0.2925,8,48,0,0,false,false
25,ref_ref_F6_theta0,0.0,0.4925,0.2975,1,48,0,0,false,false
25,ref_ref_F6_theta0,0.0,0.4925,0.2975,2,48,0,0,false,false
25,ref_ref_F6_theta0,0.0,0.4925,0.2975,3,48,0,0,false,false
25,ref_ref_F6_theta0,0.0,0.4925,0.2975,4,48,0,0,false,false
25,ref_ref_F6_theta0,0.0,0.4925,0.2975,5,48,0,0,false,false
25,ref_ref_F6_theta0,0.0,0.4925,0.2975,6,48,0,0,false,false
25,ref_ref_F6_theta0,0.0,0.4925,0.2975,7,48,0,0,false,false
25,ref_ref_F6_theta0,0.0,0.4925,0.2975,8,48,0,0,false,false
26,ref_ref_F6_theta0,0.0,0.4925,0.3,1,48,0,0,false,false
26,ref_ref_F6_theta0,0.0,0.4925,0.3,2,48,0,0,false,false
26,ref_ref_F6_theta0,0.0,0.4925,0.3,3,48,0,0,false,false
26,ref_ref_F6_theta0,0.0,0.4925,0.3,4,48,0,0,false,false
26,ref_ref_F6_theta0,0.0,0.4925,0.3,5,48,0,0,false,false
26,ref_ref_F6_theta0,0.0,0.4925,0.3,6,48,0,0,false,false
26,ref_ref_F6_theta0,0.0,0.4925,0.3,7,48,0,0,false,false
26,ref_ref_F6_theta0,0.0,0.4925,0.3,8,48,0,0,false,false
27,ref_ref_F6_theta0,0.0,0.495,0.2925,1,48,0,0,false,false
27,ref_ref_F6_theta0,0.0,0.495,0.2925,2,48,0,0,false,false
27,ref_ref_F6_theta0,0.0,0.495,0.2925,3,48,0,0,false,false
27,ref_ref_F6_theta0,0.0,0.495,0.2925,4,48,0,0,false,false
27,ref_ref_F6_theta0,0.0,0.495,0.2925,5,48,0,0,false,false
27,ref_ref_F6_theta0,0.0,0.495,0.2925,6,48,0,0,false,false
27,ref_ref_F6_theta0,0.0,0.495,0.2925,7,48,0,0,false,false
27,ref_ref_F6_theta0,0.0,0.495,0.2925,8,48,0,0,false,false
28,ref_ref_F6_theta0,0.0,0.4975,0.2925,1,48,0,0,false,false
28,ref_ref_F6_theta0,0.0,0.4975,0.2925,2,48,0,0,false,false
28,ref_ref_F6_theta0,0.0,0.4975,0.2925,3,48,0,0,false,false
28,ref_ref_F6_theta0,0.0,0.4975,0.2925,4,48,0,0,false,false
28,ref_ref_F6_theta0,0.0,0.4975,0.2925,5,48,0,0,false,false
28,ref_ref_F6_theta0,0.0,0.4975,0.2925,6,48,0,0,false,false
28,ref_ref_F6_theta0,0.0,0.4975,0.2925,7,48,0,0,false,false
28,ref_ref_F6_theta0,0.0,0.4975,0.2925,8,48,0,0,false,false
29,ref_ref_F6_theta0,0.0,0.5,0.2925,1,48,0,0,false,false
29,ref_ref_F6_theta0,0.0,0.5,0.2925,2,48,0,0,false,false
29,ref_ref_F6_theta0,0.0,0.5,0.2925,3,48,0,0,false,false
29,ref_ref_F6_theta0,0.0,0.5,0.2925,4,48,0,0,false,false
29,ref_ref_F6_theta0,0.0,0.5,0.2925,5,48,0,0,false,false
29,ref_ref_F6_theta0,0.0,0.5,0.2925,6,48,0,0,false,false
29,ref_ref_F6_theta0,0.0,0.5,0.2925,7,48,0,0,false,false
29,ref_ref_F6_theta0,0.0,0.5,0.2925,8,48,0,0,false,false
30,ref_ref_F6_theta0,0.0,0.5025,0.2925,1,48,0,0,false,false
30,ref_ref_F6_theta0,0.0,0.5025,0.2925,2,48,0,0,false,false
30,ref_ref_F6_theta0,0.0,0.5025,0.2925,3,48,0,0,false,false
30,ref_ref_F6_theta0,0.0,0.5025,0.2925,4,48,0,0,false,false
30,ref_ref_F6_theta0,0.0,0.5025,0.2925,5,48,0,0,false,false
30,ref_ref_F6_theta0,0.0,0.5025,0.2925,6,48,0,0,false,false
30,ref_ref_F6_theta0,0.0,0.5025,0.2925,7,48,0,0,false,false
30,ref_ref_F6_theta0,0.0,0.5025,0.2925,8,48,0,0,false,false
31,ref_ref_F6_theta0,0.0,0.505,0.2925,1,48,0,0,false,false
31,ref_ref_F6_theta0,0.0,0.505,0.2925,2,48,0,0,false,false
31,ref_ref_F6_theta0,0.0,0.505,0.2925,3,48,0,0,false,false
31,ref_ref_F6_theta0,0.0,0.505,0.2925,4,48,0,0,false,false
31,ref_ref_F6_theta0,0.0,0.505,0.2925,5,48,0,0,false,false
31,ref_ref_F6_theta0,0.0,0.505,0.2925,6,48,0,0,false,false
31,ref_ref_F6_theta0,0.0,0.505,0.2925,7,48,0,0,false,false
31,ref_ref_F6_theta0,0.0,0.505,0.2925,8,48,0,0,false,false
32,ref_ref_F6_theta0,0.0,0.5075,0.2925,1,48,0,0,false,false
32,ref_ref_F6_theta0,0.0,0.5075,0.2925,2,48,0,0,false,false
32,ref_ref_F6_theta0,0.0,0.5075,0.2925,3,48,0,0,false,false
32,ref_ref_F6_theta0,0.0,0.5075,0.2925,4,48,0,0,false,false
32,ref_ref_F6_theta0,0.0,0.5075,0.2925,5,48,0,0,false,false
32,ref_ref_F6_theta0,0.0,0.5075,0.2925,6,48,0,0,false,false
32,ref_ref_F6_theta0,0.0,0.5075,0.2925,7,48,0,0,false,false
32,ref_ref_F6_theta0,0.0,0.5075,0.2925,8,48,0,0,false,false
33,ref_ref_F6_theta0,0.0,0.5075,0.2975,1,48,0,0,false,false
33,ref_ref_F6_theta0,0.0,0.5075,0.2975,2,48,0,0,false,false
33,ref_ref_F6_theta0,0.0,0.5075,0.2975,3,48,0,0,false,false
33,ref_ref_F6_theta0,0.0,0.5075,0.2975,4,48,0,0,false,false
33,ref_ref_F6_theta0,0.0,0.5075,0.2975,5,48,0,0,false,false
33,ref_ref_F6_theta0,0.0,0.5075,0.2975,6,48,0,0,false,false
33,ref_ref_F6_theta0,0.0,0.5075,0.2975,7,48,0,0,false,false
33,ref_ref_F6_theta0,0.0,0.5075,0.2975,8,48,0,0,false,false
34,ref_ref_F6_theta0,0.0,0.5075,0.3,1,48,0,0,false,false
34,ref_ref_F6_theta0,0.0,0.5075,0.3,2,48,0,0,false,false
34,ref_ref_F6_theta0,0.0,0.5075,0.3,3,48,0,0,false,false
34,ref_ref_F6_theta0,0.0,0.5075,0.3,4,48,0,0,false,false
34,ref_ref_F6_theta0,0.0,0.5075,0.3,5,48,0,0,false,false
34,ref_ref_F6_theta0,0.0,0.5075,0.3,6,48,0,0,false,false
34,ref_ref_F6_theta0,0.0,0.5075,0.3,7,48,0,0,false,false
34,ref_ref_F6_theta0,0.0,0.5075,0.3,8,48,0,0,false,false
35,ref_ref_F6_theta0,0.0,0.51,0.2925,1,48,0,0,false,false
35,ref_ref_F6_theta0,0.0,0.51,0.2925,2,48,0,0,false,false
35,ref_ref_F6_theta0,0.0,0.51,0.2925,3,48,0,0,false,false
35,ref_ref_F6_theta0,0.0,0.51,0.2925,4,48,0,0,false,false
35,ref_ref_F6_theta0,0.0,0.51,0.2925,5,48,0,0,false,false
35,ref_ref_F6_theta0,0.0,0.51,0.2925,6,48,0,0,false,false
35,ref_ref_F6_theta0,0.0,0.51,0.2925,7,48,0,0,false,false
35,ref_ref_F6_theta0,0.0,0.51,0.2925,8,48,0,0,false,false
36,ref_ref_F6_theta0,0.0,0.51,0.2975,1,48,0,0,false,false
36,ref_ref_F6_theta0,0.0,0.51,0.2975,2,48,0,0,false,false
36,ref_ref_F6_theta0,0.0,0.51,0.2975,3,48,0,0,false,false
36,ref_ref_F6_theta0,0.0,0.51,0.2975,4,48,0,0,false,false
36,ref_ref_F6_theta0,0.0,0.51,0.2975,5,48,0,0,false,false
36,ref_ref_F6_theta0,0.0,0.51,0.2975,6,48,0,0,false,false
36,ref_ref_F6_theta0,0.0,0.51,0.2975,7,48,0,0,false,false
36,ref_ref_F6_theta0,0.0,0.51,0.2975,8,48,0,0,false,false
37,ref_ref_F6_theta0,0.0,0.51,0.3,1,48,0,0,false,false
37,ref_ref_F6_theta0,0.0,0.51,0.3,2,48,0,0,false,false
37,ref_ref_F6_theta0,0.0,0.51,0.3,3,48,0,0,false,false
37,ref_ref_F6_theta0,0.0,0.51,0.3,4,48,0,0,false,false
37,ref_ref_F6_theta0,0.0,0.51,0.3,5,48,0,0,false,false
37,ref_ref_F6_theta0,0.0,0.51,0.3,6,48,0,0,false,false
37,ref_ref_F6_theta0,0.0,0.51,0.3,7,48,0,0,false,false
37,ref_ref_F6_theta0,0.0,0.51,0.3,8,48,0,0,false,false
38,ref_ref_Dita,0.9553166181245092,0.7853981633974483,0.39,1,72,0,0,false,false
38,ref_ref_Dita,0.9553166181245092,0.7853981633974483,0.39,2,72,0,0,false,false
38,ref_ref_Dita,0.9553166181245092,0.7853981633974483,0.39,3,72,0,0,false,false
38,ref_ref_Dita,0.9553166181245092,0.7853981633974483,0.39,4,72,0,0,false,false
39,ref_ref_Dita,0.9553166181245092,0.7853981633974483,0.3925,1,72,0,0,false,false
39,ref_ref_Dita,0.9553166181245092,0.7853981633974483,0.3925,2,72,0,0,false,false
39,ref_ref_Dita,0.9553166181245092,0.7853981633974483,0.3925,3,72,0,0,false,false
39,ref_ref_Dita,0.9553166181245092,0.7853981633974483,0.3925,4,72,0,0,false,false
40,ref_ref_Dita,0.9553166181245092,0.7853981633974483,0.40750000000000003,1,72,0,0,false,false
40,ref_ref_Dita,0.9553166181245092,0.7853981633974483,0.40750000000000003,2,72,0,0,false,false
40,ref_ref_Dita,0.9553166181245092,0.7853981633974483,0.40750000000000003,3,72,0,0,false,false
40,ref_ref_Dita,0.9553166181245092,0.7853981633974483,0.40750000000000003,4,72,0,0,false,false
41,ref_ref_Dita,0.9553166181245092,0.7853981633974483,0.41000000000000003,1,72,0,0,false,false
41,ref_ref_Dita,0.9553166181245092,0.7853981633974483,0.41000000000000003,2,72,0,0,false,false
41,ref_ref_Dita,0.9553166181245092,0.7853981633974483,0.41000000000000003,3,72,0,0,false,false
41,ref_ref_Dita,0.9553166181245092,0.7853981633974483,0.41000000000000003,4,72,0,0,false,false
42,ref_ref_degen_circulant_match,1.5707963268,0.04000000000000001,6.2431853072,1,48,0,0,false,false
42,ref_ref_degen_circulant_match,1.5707963268,0.04000000000000001,6.2431853072,2,48,0,0,false,false
43,ref_ref_degen_circulant_match,1.5707963268,0.0425,6.240685307200001,1,48,0,0,false,false
43,ref_ref_degen_circulant_match,1.5707963268,0.0425,6.240685307200001,2,48,0,0,false,false
44,ref_ref_degen_circulant_match,1.5707963268,0.0575,6.2256853072,1,48,0,0,false,false
44,ref_ref_degen_circulant_match,1.5707963268,0.0575,6.2256853072,2,48,0,0,false,false
45,ref_ref_degen_circulant_match,1.5707963268,0.06,6.2231853072000005,1,48,0,0,false,false
45,ref_ref_degen_circulant_match,1.5707963268,0.06,6.2231853072000005,2,48,0,0,false,false
