theta,phi,lambda,n_pool,max_clique,found_third,found_fourth,mu_defect_min,homotopy_used,fresh_fallback,drop_suspected,found_fourth_tol1e-6,found_fourth_tol1e-8,found_fourth_tol1e-10
0.02,0.02,0.0,48.0,2.0,0.0,0.0,8.326672684688674e-17,1.0,1.0,1.0,0.0,0.0,0.0
0.02,0.02,0.7853981633974483,48.0,2.0,0.0,0.0,5.551115123125783e-17,1.0,1.0,1.0,0.0,0.0,0.0
0.02,0.02,1.5707963267948966,48.0,2.0,0.0,0.0,8.326672684688674e-17,1.0,1.0,1.0,0.0,0.0,0.0
0.02,0.02,2.356194490192345,48.0,2.0,0.0,0.0,8.326672684688674e-17,1.0,1.0,1.0,0.0,0.0,0.0
0.02,0.02,3.141592653589793,48.0,2.0,0.0,0.0,5.551115123125783e-17,1.0,1.0,1.0,0.0,0.0,0.0
0.02,0.02,3.9269908169872414,48.0,2.0,0.0,0.0,8.326672684688674e-17,1.0,1.0,1.0,0.0,0.0,0.0
0.02,0.02,4.71238898038469,48.0,2.0,0.0,0.0,8.326672684688674e-17,1.0,1.0,1.0,0.0,0.0,0.0
0.02,0.02,5.497787143782138,48.0,2.0,0.0,0.0,1.1102230246251565e-16,1.0,1.0,1.0,0.0,0.0,0.0
0.02,0.4630846647985419,0.0,48.0,2.0,0.0,0.0,8.326672684688674e-17,1.0,1.0,1.0,0.0,0.0,0.0
0.02,0.4630846647985419,0.7853981633974483,48.0,2.0,0.0,0.0,8.326672684688674e-17,1.0,1.0,1.0,0.0,0.0,0.0
0.02,0.4630846647985419,1.5707963267948966,48.0,2.0,0.0,0.0,8.326672684688674e-17,1.0,1.0,1.0,0.0,0.0,0.0
0.02,0.4630846647985419,2.356194490192345,48.0,2.0,0.0,0.0,5.551115123125783e-17,1.0,1.0,1.0,0.0,0.0,0.0
0.02,0.4630846647985419,3.141592653589793,48.0,2.0,0.0,0.0,8.326672684688674e-17,1.0,1.0,1.0,0.0,0.0,0.0
0.02,0.4630846647985419,3.9269908169872414,48.0,2.0,0.0,0.0,8.326672684688674e-17,1.0,1.0,1.0,0.0,0.0,0.0
0.02,0.4630846647985419,4.71238898038469,48.0,2.0,0.0,0.0,8.326672684688674e-17,1.0,1.0,1.0,0.0,0.0,0.0
0.02,0.4630846647985419,5.497787143782138,48.0,2.0,0.0,0.0,8.326672684688674e-17,1.0,1.0,1.0,0.0,0.0,0.0
0.02,0.9061693295970837,0.0,48.0,2.0,0.0,0.0,5.551115123125783e-17,1.0,1.0,1.0,0.0,0.0,0.0
0.02,0.9061693295970837,0.7853981633974483,48.0,2.0,0.0,0.0,5.551115123125783e-17,1.0,1.0,1.0,0.0,0.0,0.0
0.02,0.9061693295970837,1.5707963267948966,48.0,2.0,0.0,0.0,1.1102230246251565e-16,1.0,1.0,1.0,0.0,0.0,0.0
0.02,0.9061693295970837,2.356194490192345,48.0,2.0,0.0,0.0,8.326672684688674e-17,1.0,1.0,1.0,0.0,0.0,0.0
0.02,0.9061693295970837,3.141592653589793,48.0,2.0,0.0,0.0,8.326672684688674e-17,1.0,1.0,1.0,0.0,0.0,0.0
0.02,0.9061693295970837,3.9269908169872414,48.0,2.0,0.0,0.0,1.6653345369377348e-16,1.0,1.0,1.0,0.0,0.0,0.0
0.02,0.9061693295970837,4.71238898038469,48.0,2.0,0.0,0.0,1.1102230246251565e-16,1.0,1.0,1.0,0.0,0.0,0.0
0.02,0.9061693295970837,5.497787143782138,48.0,2.0,0.0,0.0,8.326672684688674e-17,1.0,1.0,1.0,0.0,0.0,0.0
0.02,1.3492539943956257,0.0,48.0,2.0,0.0,0.0,8.326672684688674e-17,1.0,1.0,1.0,0.0,0.0,0.0
0.02,1.3492539943956257,0.7853981633974483,48.0,2.0,0.0,0.0,8.326672684688674e-17,1.0,1.0,1.0,0.0,0.0,0.0
0.02,1.3492539943956257,1.5707963267948966,48.0,2.0,0.0,0.0,5.551115123125783e-17,1.0,1.0,1.0,0.0,0.0,0.0
0.02,1.3492539943956257,2.356194490192345,48.0,2.0,0.0,0.0,5.551115123125783e-17,1.0,1.0,1.0,0.0,0.0,0.0
0.02,1.3492539943956257,3.141592653589793,48.0,2.0,0.0,0.0,1.1102230246251565e-16,1.0,1.0,1.0,0.0,0.0,0.0
0.02,1.3492539943956257,3.9269908169872414,48.0,2.0,0.0,0.0,5.551115123125783e-17,1.0,1.0,1.0,0.0,0.0,0.0
0.02,1.3492539943956257,4.71238898038469,48.0,2.0,0.0,0.0,1.1102230246251565e-16,1.0,1.0,1.0,0.0,0.0,0.0
0.02,1.3492539943956257,5.497787143782138,48.0,2.0,0.0,0.0,5.551115123125783e-17,1.0,1.0,1.0,0.0,0.0,0.0
0.02,1.7923386591941675,0.0,48.0,2.0,0.0,0.0,8.326672684688674e-17,1.0,1.0,1.0,0.0,0.0,0.0
0.02,1.7923386591941675,0.7853981633974483,48.0,2.0,0.0,0.0,5.551115123125783e-17,1.0,1.0,1.0,0.0,0.0,0.0
0.02,1.7923386591941675,1.5707963267948966,48.0,2.0,0.0,0.0,5.551115123125783e-17,1.0,1.0,1.0,0.0,0.0,0.0
0.02,1.7923386591941675,2.356194490192345,48.0,2.0,0.0,0.0,8.326672684688674e-17,1.0,1.0,1.0,0.0,0.0,0.0
0.02,1.7923386591941675,3.141592653589793,48.0,2.0,0.0,0.0,5.551115123125783e-17,1.0,1.0,1.0,0.0,0.0,0.0
0.02,1.7923386591941675,3.9269908169872414,48.0,2.0,0.0,0.0,5.551115123125783e-17,1.0,1.0,1.0,0.0,0.0,0.0
0.02,1.7923386591941675,4.71238898038469,48.0,2.0,0.0,0.0,5.551115123125783e-17,1.0,1.0,1.0,0.0,0.0,0.0
0.02,1.7923386591941675,5.497787143782138,48.0,2.0,0.0,0.0,7.494005416219807e-16,1.0,1.0,1.0,0.0,0.0,0.0
0.02,2.2354233239927095,0.0,48.0,2.0,0.0,0.0,8.326672684688674e-17,1.0,1.0,1.0,0.0,0.0,0.0
0.02,2.2354233239927095,0.7853981633974483,48.0,2.0,0.0,0.0,8.326672684688674e-17,1.0,1.0,1.0,0.0,0.0,0.0
0.02,2.2354233239927095,1.5707963267948966,48.0,2.0,0.0,0.0,8.326672684688674e-17,1.0,1.0,1.0,0.0,0.0,0.0
0.02,2.2354233239927095,2.356194490192345,48.0,2.0,0.0,0.0,8.326672684688674e-17,1.0,1.0,1.0,0.0,0.0,0.0
0.02,2.2354233239927095,3.141592653589793,48.0,2.0,0.0,0.0,8.326672684688674e-17,1.0,1.0,1.0,0.0,0.0,0.0
0.02,2.2354233239927095,3.9269908169872414,48.0,2.0,0.0,0.0,8.326672684688674e-17,1.0,1.0,1.0,0.0,0.0,0.0
0.02,2.2354233239927095,4.71238898038469,48.0,2.0,0.0,0.0,8.326672684688674e-17,1.0,1.0,1.0,0.0,0.0,0.0
0.02,2.2354233239927095,5.497787143782138,48.0,2.0,0.0,0.0,2.7755575615628914e-16,1.0,1.0,1.0,0.0,0.0,0.0
0.02,2.6785079887912513,0.0,48.0,2.0,0.0,0.0,8.326672684688674e-17,1.0,1.0,1.0,0.0,0.0,0.0
0.02,2.6785079887912513,0.7853981633974483,48.0,2.0,0.0,0.0,8.326672684688674e-17,1.0,1.0,1.0,0.0,0.0,0.0
0.02,2.6785079887912513,1.5707963267948966,48.0,2.0,0.0,0.0,8.326672684688674e-17,1.0,1.0,1.0,0.0,0.0,0.0
0.02,2.6785079887912513,2.356194490192345,48.0,2.0,0.0,0.0,1.3877787807814457e-16,1.0,1.0,1.0,0.0,0.0,0.0
0.02,2.6785079887912513,3.141592653589793,48.0,2.0,0.0,0.0,8.326672684688674e-17,1.0,1.0,1.0,0.0,0.0,0.0
0.02,2.6785079887912513,3.9269908169872414,48.0,2.0,0.0,0.0,8.326672684688674e-17,1.0,1.0,1.0,0.0,0.0,0.0
0.02,2.6785079887912513,4.71238898038469,48.0,2.0,0.0,0.0,8.326672684688674e-17,1.0,1.0,1.0,0.0,0.0,0.0
0.02,2.6785079887912513,5.497787143782138,48.0,2.0,0.0,0.0,8.326672684688674e-17,1.0,1.0,1.0,0.0,0.0,0.0
0.02,3.121592653589793,0.0,48.0,2.0,0.0,0.0,8.326672684688674e-17,1.0,1.0,1.0,0.0,0.0,0.0
0.02,3.121592653589793,0.7853981633974483,48.0,2.0,0.0,0.0,5.551115123125783e-17,1.0,1.0,1.0,0.0,0.0,0.0
0.02,3.121592653589793,1.5707963267948966,48.0,2.0,0.0,0.0,1.1102230246251565e-16,1.0,1.0,1.0,0.0,0.0,0.0
0.02,3.121592653589793,2.356194490192345,48.0,2.0,0.0,0.0,8.326672684688674e-17,1.0,1.0,1.0,0.0,0.0,0.0
0.02,3.121592653589793,3.141592653589793,48.0,2.0,0.0,0.0,8.326672684688674e-17,1.0,1.0,1.0,0.0,0.0,0.0
0.02,3.121592653589793,3.9269908169872414,48.0,2.0,0.0,0.0,5.551115123125783e-17,1.0,1.0,1.0,0.0,0.0,0.0
0.02,3.121592653589793,4.71238898038469,48.0,2.0,0.0,0.0,8.326672684688674e-17,1.0,1.0,1.0,0.0,0.0,0.0
0.02,3.121592653589793,5.497787143782138,48.0,2.0,0.0,0.0,1.1102230246251565e-16,1.0,1.0,1.0,0.0,0.0,0.0
0.4630846647985419,0.02,0.0,56.0,2.0,0.0,0.0,8.326672684688674e-17,1.0,1.0,1.0,0.0,0.0,0.0
0.4630846647985419,0.02,0.7853981633974483,52.0,2.0,0.0,0.0,5.551115123125783e-17,1.0,1.0,1.0,0.0,0.0,0.0
0.4630846647985419,0.02,1.5707963267948966,56.0,2.0,0.0,0.0,8.326672684688674e-17,1.0,1.0,1.0,0.0,0.0,0.0
0.4630846647985419,0.02,2.356194490192345,52.0,2.0,0.0,0.0,8.326672684688674e-17,1.0,1.0,1.0,0.0,0.0,0.0
0.4630846647985419,0.02,3.141592653589793,56.0,2.0,0.0,0.0,5.551115123125783e-17,1.0,1.0,1.0,0.0,0.0,0.0
0.4630846647985419,0.02,3.9269908169872414,52.0,2.0,0.0,0.0,8.326672684688674e-17,1.0,1.0,1.0,0.0,0.0,0.0
0.4630846647985419,0.02,4.71238898038469,56.0,2.0,0.0,0.0,8.326672684688674e-17,1.0,1.0,1.0,0.0,0.0,0.0
0.4630846647985419,0.02,5.497787143782138,52.0,2.0,0.0,0.0,5.551115123125783e-17,1.0,1.0,1.0,0.0,0.0,0.0
0.4630846647985419,0.4630846647985419,0.0,56.0,2.0,0.0,0.0,5.551115123125783e-17,1.0,1.0,1.0,0.0,0.0,0.0
0.4630846647985419,0.4630846647985419,0.7853981633974483,52.0,2.0,0.0,0.0,5.551115123125783e-17,1.0,1.0,1.0,0.0,0.0,0.0
0.4630846647985419,0.4630846647985419,1.5707963267948966,52.0,2.0,0.0,0.0,5.551115123125783e-17,1.0,1.0,1.0,0.0,0.0,0.0
0.4630846647985419,0.4630846647985419,2.356194490192345,48.0,2.0,0.0,0.0,8.326672684688674e-17,1.0,1.0,1.0,0.0,0.0,0.0
0.4630846647985419,0.4630846647985419,3.141592653589793,56.0,2.0,0.0,0.0,5.551115123125783e-17,1.0,1.0,1.0,0.0,0.0,0.0
0.4630846647985419,0.4630846647985419,3.9269908169872414,52.0,2.0,0.0,0.0,8.326672684688674e-17,1.0,1.0,1.0,0.0,0.0,0.0
0.4630846647985419,0.4630846647985419,4.71238898038469,52.0,2.0,0.0,0.0,5.551115123125783e-17,1.0,1.0,1.0,0.0,0.0,0.0
0.4630846647985419,0.4630846647985419,5.497787143782138,48.0,2.0,0.0,0.0,8.326672684688674e-17,1.0,1.0,1.0,0.0,0.0,0.0
0.4630846647985419,0.9061693295970837,0.0,52.0,2.0,0.0,0.0,5.551115123125783e-17,1.0,1.0,1.0,0.0,0.0,0.0
0.4630846647985419,0.9061693295970837,0.7853981633974483,48.0,2.0,0.0,0.0,5.551115123125783e-17,1.0,1.0,1.0,0.0,0.0,0.0
0.4630846647985419,0.9061693295970837,1.5707963267948966,52.0,2.0,0.0,0.0,8.326672684688674e-17,1.0,1.0,1.0,0.0,0.0,0.0
0.4630846647985419,0.9061693295970837,2.356194490192345,52.0,2.0,0.0,0.0,8.326672684688674e-17,1.0,1.0,1.0,0.0,0.0,0.0
0.4630846647985419,0.9061693295970837,3.141592653589793,52.0,2.0,0.0,0.0,8.326672684688674e-17,1.0,1.0,1.0,0.0,0.0,0.0
0.4630846647985419,0.9061693295970837,3.9269908169872414,48.0,2.0,0.0,0.0,1.1102230246251565e-16,1.0,1.0,1.0,0.0,0.0,0.0
0.4630846647985419,0.9061693295970837,4.71238898038469,52.0,2.0,0.0,0.0,8.326672684688674e-17,1.0,1.0,1.0,0.0,0.0,0.0
0.4630846647985419,0.9061693295970837,5.497787143782138,52.0,2.0,0.0,0.0,8.326672684688674e-17,1.0,1.0,1.0,0.0,0.0,0.0
0.4630846647985419,1.3492539943956257,0.0,48.0,2.0,0.0,0.0,8.326672684688674e-17,1.0,1.0,1.0,0.0,0.0,0.0
0.4630846647985419,1.3492539943956257,0.7853981633974483,52.0,2.0,0.0,0.0,8.326672684688674e-17,1.0,1.0,1.0,0.0,0.0,0.0
0.4630846647985419,1.3492539943956257,1.5707963267948966,56.0,2.0,0.0,0.0,8.326672684688674e-17,1.0,1.0,1.0,0.0,0.0,0.0
0.4630846647985419,1.3492539943956257,2.356194490192345,56.0,2.0,0.0,0.0,8.326672684688674e-17,1.0,1.0,1.0,0.0,0.0,0.0
0.4630846647985419,1.3492539943956257,3.141592653589793,48.0,2.0,0.0,0.0,8.326672684688674e-17,1.0,1.0,1.0,0.0,0.0,0.0
0.4630846647985419,1.3492539943956257,3.9269908169872414,52.0,2.0,0.0,0.0,8.326672684688674e-17,1.0,1.0,1.0,0.0,0.0,0.0
0.4630846647985419,1.3492539943956257,4.71238898038469,56.0,2.0,0.0,0.0,8.326672684688674e-17,1.0,1.0,1.0,0.0,0.0,0.0
0.4630846647985419,1.3492539943956257,5.497787143782138,56.0,2.0,0.0,0.0,5.551115123125783e-17,1.0,1.0,1.0,0.0,0.0,0.0
0.4630846647985419,1.7923386591941675,0.0,48.0,2.0,0.0,0.0,5.551115123125783e-17,1.0,1.0,1.0,0.0,0.0,0.0
0.4630846647985419,1.7923386591941675,0.7853981633974483,56.0,2.0,0.0,0.0,8.326672684688674e-17,1.0,1.0,1.0,0.0,0.0,0.0
0.4630846647985419,1.7923386591941675,1.5707963267948966,56.0,2.0,0.0,0.0,5.551115123125783e-17,1.0,1.0,1.0,0.0,0.0,0.0
0.4630846647985419,1.7923386591941675,2.356194490192345,52.0,2.0,0.0,0.0,8.326672684688674e-17,1.0,1.0,1.0,0.0,0.0,0.0
0.4630846647985419,1.7923386591941675,3.141592653589793,48.0,2.0,0.0,0.0,8.326672684688674e-17,1.0,1.0,1.0,0.0,0.0,0.0
0.4630846647985419,1.7923386591941675,3.9269908169872414,56.0,2.0,0.0,0.0,8.326672684688674e-17,1.0,1.0,1.0,0.0,0.0,0.0
0.4630846647985419,1.7923386591941675,4.71238898038469,56.0,2.0,0.0,0.0,8.326672684688674e-17,1.0,1.0,1.0,0.0,0.0,0.0
0.4630846647985419,1.7923386591941675,5.497787143782138,52.0,2.0,0.0,0.0,8.326672684688674e-17,1.0,1.0,1.0,0.0,0.0,0.0
0.4630846647985419,2.2354233239927095,0.0,52.0,2.0,0.0,0.0,5.551115123125783e-17,1.0,1.0,1.0,0.0,0.0,0.0
0.4630846647985419,2.2354233239927095,0.7853981633974483,52.0,2.0,0.0,0.0,8.326672684688674e-17,1.0,1.0,1.0,0.0,0.0,0.0
0.4630846647985419,2.2354233239927095,1.5707963267948966,52.0,2.0,0.0,0.0,8.326672684688674e-17,1.0,1.0,1.0,0.0,0.0,0.0
0.4630846647985419,2.2354233239927095,2.356194490192345,48.0,2.0,0.0,0.0,8.326672684688674e-17,1.0,1.0,1.0,0.0,0.0,0.0
0.4630846647985419,2.2354233239927095,3.141592653589793,52.0,2.0,0.0,0.0,8.326672684688674e-17,1.0,1.0,1.0,0.0,0.0,0.0
0.4630846647985419,2.2354233239927095,3.9269908169872414,52.0,2.0,0.0,0.0,8.326672684688674e-17,1.0,1.0,1.0,0.0,0.0,0.0
0.4630846647985419,2.2354233239927095,4.71238898038469,52.0,2.0,0.0,0.0,8.326672684688674e-17,1.0,1.0,1.0,0.0,0.0,0.0
0.4630846647985419,2.2354233239927095,5.497787143782138,48.0,2.0,0.0,0.0,5.551115123125783e-17,1.0,1.0,1.0,0.0,0.0,0.0
0.4630846647985419,2.6785079887912513,0.0,56.0,2.0,0.0,0.0,8.326672684688674e-17,1.0,1.0,1.0,0.0,0.0,0.0
0.4630846647985419,2.6785079887912513,0.7853981633974483,48.0,2.0,0.0,0.0,8.326672684688674e-17,1.0,1.0,1.0,0.0,0.0,0.0
0.4630846647985419,2.6785079887912513,1.5707963267948966,52.0,2.0,0.0,0.0,8.326672684688674e-17,1.0,1.0,1.0,0.0,0.0,0.0
0.4630846647985419,2.6785079887912513,2.356194490192345,52.0,2.0,0.0,0.0,8.326672684688674e-17,1.0,1.0,1.0,0.0,0.0,0.0
0.4630846647985419,2.6785079887912513,3.141592653589793,56.0,2.0,0.0,0.0,8.326672684688674e-17,1.0,1.0,1.0,0.0,0.0,0.0
0.4630846647985419,2.6785079887912513,3.9269908169872414,48.0,2.0,0.0,0.0,8.326672684688674e-17,1.0,1.0,1.0,0.0,0.0,0.0
0.4630846647985419,2.6785079887912513,4.71238898038469,52.0,2.0,0.0,0.0,8.326672684688674e-17,1.0,1.0,1.0,0.0,0.0,0.0
0.4630846647985419,2.6785079887912513,5.497787143782138,52.0,2.0,0.0,0.0,8.326672684688674e-17,1.0,1.0,1.0,0.0,0.0,0.0
0.4630846647985419,3.121592653589793,0.0,56.0,2.0,0.0,0.0,8.326672684688674e-17,1.0,1.0,1.0,0.0,0.0,0.0
0.4630846647985419,3.121592653589793,0.7853981633974483,52.0,2.0,0.0,0.0,8.326672684688674e-17,1.0,1.0,1.0,0.0,0.0,0.0
0.4630846647985419,3.121592653589793,1.5707963267948966,56.0,2.0,0.0,0.0,8.326672684688674e-17,1.0,1.0,1.0,0.0,0.0,0.0
0.4630846647985419,3.121592653589793,2.356194490192345,52.0,2.0,0.0,0.0,1.1102230246251565e-16,1.0,1.0,1.0,0.0,0.0,0.0
0.4630846647985419,3.121592653589793,3.141592653589793,56.0,2.0,0.0,0.0,8.326672684688674e-17,1.0,1.0,1.0,0.0,0.0,0.0
0.4630846647985419,3.121592653589793,3.9269908169872414,52.0,2.0,0.0,0.0,8.326672684688674e-17,1.0,1.0,1.0,0.0,0.0,0.0
0.4630846647985419,3.121592653589793,4.71238898038469,56.0,2.0,0.0,0.0,5.551115123125783e-17,1.0,1.0,1.0,0.0,0.0,0.0
0.4630846647985419,3.121592653589793,5.497787143782138,52.0,2.0,0.0,0.0,5.551115123125783e-17,1.0,1.0,1.0,0.0,0.0,0.0
0.9061693295970837,0.02,0.0,56.0,2.0,0.0,0.0,8.326672684688674e-17,1.0,1.0,1.0,0.0,0.0,0.0
0.9061693295970837,0.02,0.7853981633974483,56.0,2.0,0.0,0.0,8.326672684688674e-17,1.0,1.0,1.0,0.0,0.0,0.0
0.9061693295970837,0.02,1.5707963267948966,56.0,2.0,0.0,0.0,8.326672684688674e-17,1.0,1.0,1.0,0.0,0.0,0.0
0.9061693295970837,0.02,2.356194490192345,56.0,2.0,0.0,0.0,5.551115123125783e-17,1.0,1.0,1.0,0.0,0.0,0.0
0.9061693295970837,0.02,3.141592653589793,56.0,2.0,0.0,0.0,8.326672684688674e-17,1.0,1.0,1.0,0.0,0.0,0.0
0.9061693295970837,0.02,3.9269908169872414,56.0,2.0,0.0,0.0,8.326672684688674e-17,1.0,1.0,1.0,0.0,0.0,0.0
0.9061693295970837,0.02,4.71238898038469,56.0,2.0,0.0,0.0,8.326672684688674e-17,1.0,1.0,1.0,0.0,0.0,0.0
0.9061693295970837,0.02,5.497787143782138,56.0,2.0,0.0,0.0,8.326672684688674e-17,1.0,1.0,1.0,0.0,0.0,0.0
0.9061693295970837,0.4630846647985419,0.0,56.0,2.0,0.0,0.0,8.326672684688674e-17,1.0,1.0,1.0,0.0,0.0,0.0
0.9061693295970837,0.4630846647985419,0.7853981633974483,56.0,2.0,0.0,0.0,8.326672684688674e-17,1.0,1.0,1.0,0.0,0.0,0.0
0.9061693295970837,0.4630846647985419,1.5707963267948966,56.0,2.0,0.0,0.0,8.326672684688674e-17,1.0,1.0,1.0,0.0,0.0,0.0
0.9061693295970837,0.4630846647985419,2.356194490192345,56.0,2.0,0.0,0.0,8.326672684688674e-17,1.0,1.0,1.0,0.0,0.0,0.0
0.9061693295970837,0.4630846647985419,3.141592653589793,56.0,2.0,0.0,0.0,8.326672684688674e-17,1.0,1.0,1.0,0.0,0.0,0.0
0.9061693295970837,0.4630846647985419,3.9269908169872414,56.0,2.0,0.0,0.0,8.326672684688674e-17,1.0,1.0,1.0,0.0,0.0,0.0
0.9061693295970837,0.4630846647985419,4.71238898038469,56.0,2.0,0.0,0.0,5.551115123125783e-17,1.0,1.0,1.0,0.0,0.0,0.0
0.9061693295970837,0.4630846647985419,5.497787143782138,56.0,2.0,0.0,0.0,5.551115123125783e-17,1.0,1.0,1.0,0.0,0.0,0.0
0.9061693295970837,0.9061693295970837,0.0,72.0,2.0,0.0,0.0,5.551115123125783e-17,1.0,1.0,1.0,0.0,0.0,0.0
0.9061693295970837,0.9061693295970837,0.7853981633974483,56.0,2.0,0.0,0.0,8.326672684688674e-17,1.0,1.0,1.0,0.0,0.0,0.0
0.9061693295970837,0.9061693295970837,1.5707963267948966,56.0,2.0,0.0,0.0,8.326672684688674e-17,1.0,1.0,1.0,0.0,0.0,0.0
0.9061693295970837,0.9061693295970837,2.356194490192345,56.0,2.0,0.0,0.0,8.326672684688674e-17,1.0,1.0,1.0,0.0,0.0,0.0
0.9061693295970837,0.9061693295970837,3.141592653589793,72.0,2.0,0.0,0.0,8.326672684688674e-17,1.0,1.0,1.0,0.0,0.0,0.0
0.9061693295970837,0.9061693295970837,3.9269908169872414,56.0,2.0,0.0,0.0,5.551115123125783e-17,1.0,1.0,1.0,0.0,0.0,0.0
0.9061693295970837,0.9061693295970837,4.71238898038469,56.0,2.0,0.0,0.0,8.326672684688674e-17,1.0,1.0,1.0,0.0,0.0,0.0
0.9061693295970837,0.9061693295970837,5.497787143782138,56.0,2.0,0.0,0.0,5.551115123125783e-17,1.0,1.0,1.0,0.0,0.0,0.0
0.9061693295970837,1.3492539943956257,0.0,52.0,2.0,0.0,0.0,8.326672684688674e-17,1.0,1.0,1.0,0.0,0.0,0.0
0.9061693295970837,1.3492539943956257,0.7853981633974483,56.0,2.0,0.0,0.0,8.326672684688674e-17,1.0,1.0,1.0,0.0,0.0,0.0
0.9061693295970837,1.3492539943956257,1.5707963267948966,52.0,2.0,0.0,0.0,5.551115123125783e-17,1.0,1.0,1.0,0.0,0.0,0.0
0.9061693295970837,1.3492539943956257,2.356194490192345,56.0,2.0,0.0,0.0,5.551115123125783e-17,1.0,1.0,1.0,0.0,0.0,0.0
0.9061693295970837,1.3492539943956257,3.141592653589793,52.0,2.0,0.0,0.0,8.326672684688674e-17,1.0,1.0,1.0,0.0,0.0,0.0
0.9061693295970837,1.3492539943956257,3.9269908169872414,56.0,2.0,0.0,0.0,8.326672684688674e-17,1.0,1.0,1.0,0.0,0.0,0.0
0.9061693295970837,1.3492539943956257,4.71238898038469,52.0,2.0,0.0,0.0,8.326672684688674e-17,1.0,1.0,1.0,0.0,0.0,0.0
0.9061693295970837,1.3492539943956257,5.497787143782138,56.0,2.0,0.0,0.0,5.551115123125783e-17,1.0,1.0,1.0,0.0,0.0,0.0
0.9061693295970837,1.7923386591941675,0.0,52.0,2.0,0.0,0.0,5.551115123125783e-17,1.0,1.0,1.0,0.0,0.0,0.0
0.9061693295970837,1.7923386591941675,0.7853981633974483,56.0,2.0,0.0,0.0,8.326672684688674e-17,1.0,1.0,1.0,0.0,0.0,0.0
0.9061693295970837,1.7923386591941675,1.5707963267948966,52.0,2.0,0.0,0.0,5.551115123125783e-17,1.0,1.0,1.0,0.0,0.0,0.0
0.9061693295970837,1.7923386591941675,2.356194490192345,56.0,2.0,0.0,0.0,5.551115123125783e-17,1.0,1.0,1.0,0.0,0.0,0.0
0.9061693295970837,1.7923386591941675,3.141592653589793,52.0,2.0,0.0,0.0,5.551115123125783e-17,1.0,1.0,1.0,0.0,0.0,0.0
0.9061693295970837,1.7923386591941675,3.9269908169872414,56.0,2.0,0.0,0.0,8.326672684688674e-17,1.0,1.0,1.0,0.0,0.0,0.0
0.9061693295970837,1.7923386591941675,4.71238898038469,52.0,2.0,0.0,0.0,8.326672684688674e-17,1.0,1.0,1.0,0.0,0.0,0.0
0.9061693295970837,1.7923386591941675,5.497787143782138,56.0,2.0,0.0,0.0,8.326672684688674e-17,1.0,1.0,1.0,0.0,0.0,0.0
0.9061693295970837,2.2354233239927095,0.0,72.0,2.0,0.0,0.0,8.326672684688674e-17,1.0,1.0,1.0,0.0,0.0,0.0
0.9061693295970837,2.2354233239927095,0.7853981633974483,56.0,2.0,0.0,0.0,5.551115123125783e-17,1.0,1.0,1.0,0.0,0.0,0.0
0.9061693295970837,2.2354233239927095,1.5707963267948966,56.0,2.0,0.0,0.0,5.551115123125783e-17,1.0,1.0,1.0,0.0,0.0,0.0
0.9061693295970837,2.2354233239927095,2.356194490192345,56.0,2.0,0.0,0.0,5.551115123125783e-17,1.0,1.0,1.0,0.0,0.0,0.0
0.9061693295970837,2.2354233239927095,3.141592653589793,72.0,2.0,0.0,0.0,5.551115123125783e-17,1.0,1.0,1.0,0.0,0.0,0.0
0.9061693295970837,2.2354233239927095,3.9269908169872414,56.0,2.0,0.0,0.0,5.551115123125783e-17,1.0,1.0,1.0,0.0,0.0,0.0
0.9061693295970837,2.2354233239927095,4.71238898038469,56.0,2.0,0.0,0.0,8.326672684688674e-17,1.0,1.0,1.0,0.0,0.0,0.0
0.9061693295970837,2.2354233239927095,5.497787143782138,56.0,2.0,0.0,0.0,5.551115123125783e-17,1.0,1.0,1.0,0.0,0.0,0.0
0.9061693295970837,2.6785079887912513,0.0,56.0,2.0,0.0,0.0,8.326672684688674e-17,1.0,1.0,1.0,0.0,0.0,0.0
0.9061693295970837,2.6785079887912513,0.7853981633974483,56.0,2.0,0.0,0.0,5.551115123125783e-17,1.0,1.0,1.0,0.0,0.0,0.0
0.9061693295970837,2.6785079887912513,1.5707963267948966,56.0,2.0,0.0,0.0,8.326672684688674e-17,1.0,1.0,1.0,0.0,0.0,0.0
0.9061693295970837,2.6785079887912513,2.356194490192345,56.0,2.0,0.0,0.0,8.326672684688674e-17,1.0,1.0,1.0,0.0,0.0,0.0
0.9061693295970837,2.6785079887912513,3.141592653589793,56.0,2.0,0.0,0.0,8.326672684688674e-17,1.0,1.0,1.0,0.0,0.0,0.0
0.9061693295970837,2.6785079887912513,3.9269908169872414,56.0,2.0,0.0,0.0,8.326672684688674e-17,1.0,1.0,1.0,0.0,0.0,0.0
0.9061693295970837,2.6785079887912513,4.71238898038469,56.0,2.0,0.0,0.0,8.326672684688674e-17,1.0,1.0,1.0,0.0,0.0,0.0
0.9061693295970837,2.6785079887912513,5.497787143782138,56.0,2.0,0.0,0.0,8.326672684688674e-17,1.0,1.0,1.0,0.0,0.0,0.0
0.9061693295970837,3.121592653589793,0.0,56.0,2.0,0.0,0.0,8.326672684688674e-17,1.0,1.0,1.0,0.0,0.0,0.0
0.9061693295970837,3.121592653589793,0.7853981633974483,56.0,2.0,0.0,0.0,5.551115123125783e-17,1.0,1.0,1.0,0.0,0.0,0.0
0.9061693295970837,3.121592653589793,1.5707963267948966,56.0,2.0,0.0,0.0,5.551115123125783e-17,1.0,1.0,1.0,0.0,0.0,0.0
0.9061693295970837,3.121592653589793,2.356194490192345,56.0,2.0,0.0,0.0,8.326672684688674e-17,1.0,1.0,1.0,0.0,0.0,0.0
0.9061693295970837,3.121592653589793,3.141592653589793,56.0,2.0,0.0,0.0,8.326672684688674e-17,1.0,1.0,1.0,0.0,0.0,0.0
0.9061693295970837,3.121592653589793,3.9269908169872414,56.0,2.0,0.0,0.0,5.551115123125783e-17,1.0,1.0,1.0,0.0,0.0,0.0
0.9061693295970837,3.121592653589793,4.71238898038469,56.0,2.0,0.0,0.0,8.326672684688674e-17,1.0,1.0,1.0,0.0,0.0,0.0
0.9061693295970837,3.121592653589793,5.497787143782138,56.0,2.0,0.0,0.0,5.551115123125783e-17,1.0,1.0,1.0,0.0,0.0,0.0
1.3492539943956257,0.02,0.0,48.0,2.0,0.0,0.0,8.326672684688674e-17,1.0,1.0,1.0,0.0,0.0,0.0
1.3492539943956257,0.02,0.7853981633974483,48.0,2.0,0.0,0.0,5.551115123125783e-17,1.0,1.0,1.0,0.0,0.0,0.0
1.3492539943956257,0.02,1.5707963267948966,48.0,2.0,0.0,0.0,5.551115123125783e-17,1.0,1.0,1.0,0.0,0.0,0.0
1.3492539943956257,0.02,2.356194490192345,48.0,2.0,0.0,0.0,5.551115123125783e-17,1.0,1.0,1.0,0.0,0.0,0.0
1.3492539943956257,0.02,3.141592653589793,48.0,2.0,0.0,0.0,8.326672684688674e-17,1.0,1.0,1.0,0.0,0.0,0.0
1.3492539943956257,0.02,3.9269908169872414,48.0,2.0,0.0,0.0,5.551115123125783e-17,1.0,1.0,1.0,0.0,0.0,0.0
1.3492539943956257,0.02,4.71238898038469,48.0,2.0,0.0,0.0,5.551115123125783e-17,1.0,1.0,1.0,0.0,0.0,0.0
1.3492539943956257,0.02,5.497787143782138,48.0,2.0,0.0,0.0,8.326672684688674e-17,1.0,1.0,1.0,0.0,0.0,0.0
1.3492539943956257,0.4630846647985419,0.0,52.0,2.0,0.0,0.0,5.551115123125783e-17,1.0,1.0,1.0,0.0,0.0,0.0
1.3492539943956257,0.4630846647985419,0.7853981633974483,52.0,2.0,0.0,0.0,8.326672684688674e-17,1.0,1.0,1.0,0.0,0.0,0.0
1.3492539943956257,0.4630846647985419,1.5707963267948966,52.0,2.0,0.0,0.0,8.326672684688674e-17,1.0,1.0,1.0,0.0,0.0,0.0
1.3492539943956257,0.4630846647985419,2.356194490192345,48.0,2.0,0.0,0.0,8.326672684688674e-17,1.0,1.0,1.0,0.0,0.0,0.0
1.3492539943956257,0.4630846647985419,3.141592653589793,52.0,2.0,0.0,0.0,5.551115123125783e-17,1.0,1.0,1.0,0.0,0.0,0.0
1.3492539943956257,0.4630846647985419,3.9269908169872414,52.0,2.0,0.0,0.0,8.326672684688674e-17,1.0,1.0,1.0,0.0,0.0,0.0
1.3492539943956257,0.4630846647985419,4.71238898038469,52.0,2.0,0.0,0.0,8.326672684688674e-17,1.0,1.0,1.0,0.0,0.0,0.0
1.3492539943956257,0.4630846647985419,5.497787143782138,48.0,2.0,0.0,0.0,5.551115123125783e-17,1.0,1.0,1.0,0.0,0.0,0.0
1.3492539943956257,0.9061693295970837,0.0,56.0,2.0,0.0,0.0,5.551115123125783e-17,1.0,1.0,1.0,0.0,0.0,0.0
1.3492539943956257,0.9061693295970837,0.7853981633974483,56.0,2.0,0.0,0.0,8.326672684688674e-17,1.0,1.0,1.0,0.0,0.0,0.0
1.3492539943956257,0.9061693295970837,1.5707963267948966,56.0,2.0,0.0,0.0,8.326672684688674e-17,1.0,1.0,1.0,0.0,0.0,0.0
1.3492539943956257,0.9061693295970837,2.356194490192345,48.0,2.0,0.0,0.0,8.326672684688674e-17,1.0,1.0,1.0,0.0,0.0,0.0
1.3492539943956257,0.9061693295970837,3.141592653589793,56.0,2.0,0.0,0.0,8.326672684688674e-17,1.0,1.0,1.0,0.0,0.0,0.0
1.3492539943956257,0.9061693295970837,3.9269908169872414,56.0,2.0,0.0,0.0,8.326672684688674e-17,1.0,1.0,1.0,0.0,0.0,0.0
1.3492539943956257,0.9061693295970837,4.71238898038469,56.0,2.0,0.0,0.0,8.326672684688674e-17,1.0,1.0,1.0,0.0,0.0,0.0
1.3492539943956257,0.9061693295970837,5.497787143782138,48.0,2.0,0.0,0.0,5.551115123125783e-17,1.0,1.0,1.0,0.0,0.0,0.0
1.3492539943956257,1.3492539943956257,0.0,52.0,2.0,0.0,0.0,8.326672684688674e-17,1.0,1.0,1.0,0.0,0.0,0.0
1.3492539943956257,1.3492539943956257,0.7853981633974483,52.0,2.0,0.0,0.0,8.326672684688674e-17,1.0,1.0,1.0,0.0,0.0,0.0
1.3492539943956257,1.3492539943956257,1.5707963267948966,48.0,2.0,0.0,0.0,8.326672684688674e-17,1.0,1.0,1.0,0.0,0.0,0.0
1.3492539943956257,1.3492539943956257,2.356194490192345,52.0,2.0,0.0,0.0,5.551115123125783e-17,1.0,1.0,1.0,0.0,0.0,0.0
1.3492539943956257,1.3492539943956257,3.141592653589793,52.0,2.0,0.0,0.0,8.326672684688674e-17,1.0,1.0,1.0,0.0,0.0,0.0
1.3492539943956257,1.3492539943956257,3.9269908169872414,52.0,2.0,0.0,0.0,5.551115123125783e-17,1.0,1.0,1.0,0.0,0.0,0.0
1.3492539943956257,1.3492539943956257,4.71238898038469,48.0,2.0,0.0,0.0,8.326672684688674e-17,1.0,1.0,1.0,0.0,0.0,0.0
1.3492539943956257,1.3492539943956257,5.497787143782138,52.0,2.0,0.0,0.0,8.326672684688674e-17,1.0,1.0,1.0,0.0,0.0,0.0
1.3492539943956257,1.7923386591941675,0.0,52.0,2.0,0.0,0.0,5.551115123125783e-17,1.0,1.0,1.0,0.0,0.0,0.0
1.3492539943956257,1.7923386591941675,0.7853981633974483,52.0,2.0,0.0,0.0,8.326672684688674e-17,1.0,1.0,1.0,0.0,0.0,0.0
1.3492539943956257,1.7923386591941675,1.5707963267948966,48.0,2.0,0.0,0.0,5.551115123125783e-17,1.0,1.0,1.0,0.0,0.0,0.0
1.3492539943956257,1.7923386591941675,2.356194490192345,52.0,2.0,0.0,0.0,8.326672684688674e-17,1.0,1.0,1.0,0.0,0.0,0.0
1.3492539943956257,1.7923386591941675,3.141592653589793,52.0,2.0,0.0,0.0,8.326672684688674e-17,1.0,1.0,1.0,0.0,0.0,0.0
1.3492539943956257,1.7923386591941675,3.9269908169872414,52.0,2.0,0.0,0.0,8.326672684688674e-17,1.0,1.0,1.0,0.0,0.0,0.0
1.3492539943956257,1.7923386591941675,4.71238898038469,48.0,2.0,0.0,0.0,8.326672684688674e-17,1.0,1.0,1.0,0.0,0.0,0.0
1.3492539943956257,1.7923386591941675,5.497787143782138,52.0,2.0,0.0,0.0,5.551115123125783e-17,1.0,1.0,1.0,0.0,0.0,0.0
1.3492539943956257,2.2354233239927095,0.0,56.0,2.0,0.0,0.0,5.551115123125783e-17,1.0,1.0,1.0,0.0,0.0,0.0
1.3492539943956257,2.2354233239927095,0.7853981633974483,48.0,2.0,0.0,0.0,5.551115123125783e-17,1.0,1.0,1.0,0.0,0.0,0.0
1.3492539943956257,2.2354233239927095,1.5707963267948966,56.0,2.0,0.0,0.0,8.326672684688674e-17,1.0,1.0,1.0,0.0,0.0,0.0
1.3492539943956257,2.2354233239927095,2.356194490192345,56.0,2.0,0.0,0.0,8.326672684688674e-17,1.0,1.0,1.0,0.0,0.0,0.0
1.3492539943956257,2.2354233239927095,3.141592653589793,56.0,2.0,0.0,0.0,5.551115123125783e-17,1.0,1.0,1.0,0.0,0.0,0.0
1.3492539943956257,2.2354233239927095,3.9269908169872414,48.0,2.0,0.0,0.0,8.326672684688674e-17,1.0,1.0,1.0,0.0,0.0,0.0
1.3492539943956257,2.2354233239927095,4.71238898038469,56.0,2.0,0.0,0.0,8.326672684688674e-17,1.0,1.0,1.0,0.0,0.0,0.0
1.3492539943956257,2.2354233239927095,5.497787143782138,56.0,2.0,0.0,0.0,8.326672684688674e-17,1.0,1.0,1.0,0.0,0.0,0.0
1.3492539943956257,2.6785079887912513,0.0,52.0,2.0,0.0,0.0,5.551115123125783e-17,1.0,1.0,1.0,0.0,0.0,0.0
1.3492539943956257,2.6785079887912513,0.7853981633974483,48.0,2.0,0.0,0.0,8.326672684688674e-17,1.0,1.0,1.0,0.0,0.0,0.0
1.3492539943956257,2.6785079887912513,1.5707963267948966,52.0,2.0,0.0,0.0,8.326672684688674e-17,1.0,1.0,1.0,0.0,0.0,0.0
1.3492539943956257,2.6785079887912513,2.356194490192345,52.0,2.0,0.0,0.0,8.326672684688674e-17,1.0,1.0,1.0,0.0,0.0,0.0
1.3492539943956257,2.6785079887912513,3.141592653589793,52.0,2.0,0.0,0.0,8.326672684688674e-17,1.0,1.0,1.0,0.0,0.0,0.0
1.3492539943956257,2.6785079887912513,3.9269908169872414,48.0,2.0,0.0,0.0,1.1102230246251565e-16,1.0,1.0,1.0,0.0,0.0,0.0
1.3492539943956257,2.6785079887912513,4.71238898038469,52.0,2.0,0.0,0.0,8.326672684688674e-17,1.0,1.0,1.0,0.0,0.0,0.0
1.3492539943956257,2.6785079887912513,5.497787143782138,52.0,2.0,0.0,0.0,8.326672684688674e-17,1.0,1.0,1.0,0.0,0.0,0.0
1.3492539943956257,3.121592653589793,0.0,48.0,2.0,0.0,0.0,8.326672684688674e-17,1.0,1.0,1.0,0.0,0.0,0.0
1.3492539943956257,3.121592653589793,0.7853981633974483,48.0,2.0,0.0,0.0,8.326672684688674e-17,1.0,1.0,1.0,0.0,0.0,0.0
1.3492539943956257,3.121592653589793,1.5707963267948966,48.0,2.0,0.0,0.0,8.326672684688674e-17,1.0,1.0,1.0,0.0,0.0,0.0
1.3492539943956257,3.121592653589793,2.356194490192345,48.0,2.0,0.0,0.0,8.326672684688674e-17,1.0,1.0,1.0,0.0,0.0,0.0
1.3492539943956257,3.121592653589793,3.141592653589793,48.0,2.0,0.0,0.0,5.551115123125783e-17,1.0,1.0,1.0,0.0,0.0,0.0
1.3492539943956257,3.121592653589793,3.9269908169872414,48.0,2.0,0.0,0.0,8.326672684688674e-17,1.0,1.0,1.0,0.0,0.0,0.0
1.3492539943956257,3.121592653589793,4.71238898038469,48.0,2.0,0.0,0.0,5.551115123125783e-17,1.0,1.0,1.0,0.0,0.0,0.0
1.3492539943956257,3.121592653589793,5.497787143782138,48.0,2.0,0.0,0.0,8.326672684688674e-17,1.0,1.0,1.0,0.0,0.0,0.0
1.7923386591941675,0.02,0.0,48.0,2.0,0.0,0.0,8.326672684688674e-17,1.0,1.0,1.0,0.0,0.0,0.0
1.7923386591941675,0.02,0.7853981633974483,48.0,2.0,0.0,0.0,8.326672684688674e-17,1.0,1.0,1.0,0.0,0.0,0.0
1.7923386591941675,0.02,1.5707963267948966,48.0,2.0,0.0,0.0,5.551115123125783e-17,1.0,1.0,1.0,0.0,0.0,0.0
1.7923386591941675,0.02,2.356194490192345,48.0,2.0,0.0,0.0,5.551115123125783e-17,1.0,1.0,1.0,0.0,0.0,0.0
1.7923386591941675,0.02,3.141592653589793,48.0,2.0,0.0,0.0,5.551115123125783e-17,1.0,1.0,1.0,0.0,0.0,0.0
1.7923386591941675,0.02,3.9269908169872414,48.0,2.0,0.0,0.0,8.326672684688674e-17,1.0,1.0,1.0,0.0,0.0,0.0
1.7923386591941675,0.02,4.71238898038469,48.0,2.0,0.0,0.0,8.326672684688674e-17,1.0,1.0,1.0,0.0,0.0,0.0
1.7923386591941675,0.02,5.497787143782138,48.0,2.0,0.0,0.0,5.551115123125783e-17,1.0,1.0,1.0,0.0,0.0,0.0
1.7923386591941675,0.4630846647985419,0.0,52.0,2.0,0.0,0.0,8.326672684688674e-17,1.0,1.0,1.0,0.0,0.0,0.0
1.7923386591941675,0.4630846647985419,0.7853981633974483,52.0,2.0,0.0,0.0,5.551115123125783e-17,1.0,1.0,1.0,0.0,0.0,0.0
1.7923386591941675,0.4630846647985419,1.5707963267948966,52.0,2.0,0.0,0.0,8.326672684688674e-17,1.0,1.0,1.0,0.0,0.0,0.0
1.7923386591941675,0.4630846647985419,2.356194490192345,48.0,2.0,0.0,0.0,5.551115123125783e-17,1.0,1.0,1.0,0.0,0.0,0.0
1.7923386591941675,0.4630846647985419,3.141592653589793,52.0,2.0,0.0,0.0,5.551115123125783e-17,1.0,1.0,1.0,0.0,0.0,0.0
1.7923386591941675,0.4630846647985419,3.9269908169872414,52.0,2.0,0.0,0.0,8.326672684688674e-17,1.0,1.0,1.0,0.0,0.0,0.0
1.7923386591941675,0.4630846647985419,4.71238898038469,52.0,2.0,0.0,0.0,8.326672684688674e-17,1.0,1.0,1.0,0.0,0.0,0.0
1.7923386591941675,0.4630846647985419,5.497787143782138,48.0,2.0,0.0,0.0,8.326672684688674e-17,1.0,1.0,1.0,0.0,0.0,0.0
1.7923386591941675,0.9061693295970837,0.0,56.0,2.0,0.0,0.0,8.326672684688674e-17,1.0,1.0,1.0,0.0,0.0,0.0
1.7923386591941675,0.9061693295970837,0.7853981633974483,56.0,2.0,0.0,0.0,8.326672684688674e-17,1.0,1.0,1.0,0.0,0.0,0.0
1.7923386591941675,0.9061693295970837,1.5707963267948966,56.0,2.0,0.0,0.0,5.551115123125783e-17,1.0,1.0,1.0,0.0,0.0,0.0
1.7923386591941675,0.9061693295970837,2.356194490192345,48.0,2.0,0.0,0.0,8.326672684688674e-17,1.0,1.0,1.0,0.0,0.0,0.0
1.7923386591941675,0.9061693295970837,3.141592653589793,56.0,2.0,0.0,0.0,8.326672684688674e-17,1.0,1.0,1.0,0.0,0.0,0.0
1.7923386591941675,0.9061693295970837,3.9269908169872414,56.0,2.0,0.0,0.0,5.551115123125783e-17,1.0,1.0,1.0,0.0,0.0,0.0
1.7923386591941675,0.9061693295970837,4.71238898038469,56.0,2.0,0.0,0.0,8.326672684688674e-17,1.0,1.0,1.0,0.0,0.0,0.0
1.7923386591941675,0.9061693295970837,5.497787143782138,48.0,2.0,0.0,0.0,8.326672684688674e-17,1.0,1.0,1.0,0.0,0.0,0.0
1.7923386591941675,1.3492539943956257,0.0,52.0,2.0,0.0,0.0,8.326672684688674e-17,1.0,1.0,1.0,0.0,0.0,0.0
1.7923386591941675,1.3492539943956257,0.7853981633974483,52.0,2.0,0.0,0.0,8.326672684688674e-17,1.0,1.0,1.0,0.0,0.0,0.0
1.7923386591941675,1.3492539943956257,1.5707963267948966,48.0,2.0,0.0,0.0,8.326672684688674e-17,1.0,1.0,1.0,0.0,0.0,0.0
1.7923386591941675,1.3492539943956257,2.356194490192345,52.0,2.0,0.0,0.0,8.326672684688674e-17,1.0,1.0,1.0,0.0,0.0,0.0
1.7923386591941675,1.3492539943956257,3.141592653589793,52.0,2.0,0.0,0.0,8.326672684688674e-17,1.0,1.0,1.0,0.0,0.0,0.0
1.7923386591941675,1.3492539943956257,3.9269908169872414,52.0,2.0,0.0,0.0,5.551115123125783e-17,1.0,1.0,1.0,0.0,0.0,0.0
1.7923386591941675,1.3492539943956257,4.71238898038469,48.0,2.0,0.0,0.0,8.326672684688674e-17,1.0,1.0,1.0,0.0,0.0,0.0
1.7923386591941675,1.3492539943956257,5.497787143782138,52.0,2.0,0.0,0.0,8.326672684688674e-17,1.0,1.0,1.0,0.0,0.0,0.0
1.7923386591941675,1.7923386591941675,0.0,52.0,2.0,0.0,0.0,8.326672684688674e-17,1.0,1.0,1.0,0.0,0.0,0.0
1.7923386591941675,1.7923386591941675,0.7853981633974483,52.0,2.0,0.0,0.0,8.326672684688674e-17,1.0,1.0,1.0,0.0,0.0,0.0
1.7923386591941675,1.7923386591941675,1.5707963267948966,48.0,2.0,0.0,0.0,8.326672684688674e-17,1.0,1.0,1.0,0.0,0.0,0.0
1.7923386591941675,1.7923386591941675,2.356194490192345,52.0,2.0,0.0,0.0,1.1102230246251565e-16,1.0,1.0,1.0,0.0,0.0,0.0
1.7923386591941675,1.7923386591941675,3.141592653589793,52.0,2.0,0.0,0.0,8.326672684688674e-17,1.0,1.0,1.0,0.0,0.0,0.0
1.7923386591941675,1.7923386591941675,3.9269908169872414,52.0,2.0,0.0,0.0,5.551115123125783e-17,1.0,1.0,1.0,0.0,0.0,0.0
1.7923386591941675,1.7923386591941675,4.71238898038469,48.0,2.0,0.0,0.0,8.326672684688674e-17,1.0,1.0,1.0,0.0,0.0,0.0
1.7923386591941675,1.7923386591941675,5.497787143782138,52.0,2.0,0.0,0.0,8.326672684688674e-17,1.0,1.0,1.0,0.0,0.0,0.0
1.7923386591941675,2.2354233239927095,0.0,56.0,2.0,0.0,0.0,5.551115123125783e-17,1.0,1.0,1.0,0.0,0.0,0.0
1.7923386591941675,2.2354233239927095,0.7853981633974483,48.0,2.0,0.0,0.0,8.326672684688674e-17,1.0,1.0,1.0,0.0,0.0,0.0
1.7923386591941675,2.2354233239927095,1.5707963267948966,56.0,2.0,0.0,0.0,8.326672684688674e-17,1.0,1.0,1.0,0.0,0.0,0.0
1.7923386591941675,2.2354233239927095,2.356194490192345,56.0,2.0,0.0,0.0,8.326672684688674e-17,1.0,1.0,1.0,0.0,0.0,0.0
1.7923386591941675,2.2354233239927095,3.141592653589793,56.0,2.0,0.0,0.0,5.551115123125783e-17,1.0,1.0,1.0,0.0,0.0,0.0
1.7923386591941675,2.2354233239927095,3.9269908169872414,48.0,2.0,0.0,0.0,5.551115123125783e-17,1.0,1.0,1.0,0.0,0.0,0.0
1.7923386591941675,2.2354233239927095,4.71238898038469,56.0,2.0,0.0,0.0,5.551115123125783e-17,1.0,1.0,1.0,0.0,0.0,0.0
1.7923386591941675,2.2354233239927095,5.497787143782138,56.0,2.0,0.0,0.0,5.551115123125783e-17,1.0,1.0,1.0,0.0,0.0,0.0
1.7923386591941675,2.6785079887912513,0.0,52.0,2.0,0.0,0.0,8.326672684688674e-17,1.0,1.0,1.0,0.0,0.0,0.0
1.7923386591941675,2.6785079887912513,0.7853981633974483,48.0,2.0,0.0,0.0,5.551115123125783e-17,1.0,1.0,1.0,0.0,0.0,0.0
1.7923386591941675,2.6785079887912513,1.5707963267948966,52.0,2.0,0.0,0.0,5.551115123125783e-17,1.0,1.0,1.0,0.0,0.0,0.0
1.7923386591941675,2.6785079887912513,2.356194490192345,52.0,2.0,0.0,0.0,8.326672684688674e-17,1.0,1.0,1.0,0.0,0.0,0.0
1.7923386591941675,2.6785079887912513,3.141592653589793,52.0,2.0,0.0,0.0,8.326672684688674e-17,1.0,1.0,1.0,0.0,0.0,0.0
1.7923386591941675,2.6785079887912513,3.9269908169872414,48.0,2.0,0.0,0.0,8.326672684688674e-17,1.0,1.0,1.0,0.0,0.0,0.0
1.7923386591941675,2.6785079887912513,4.71238898038469,52.0,2.0,0.0,0.0,8.326672684688674e-17,1.0,1.0,1.0,0.0,0.0,0.0
1.7923386591941675,2.6785079887912513,5.497787143782138,52.0,2.0,0.0,0.0,8.326672684688674e-17,1.0,1.0,1.0,0.0,0.0,0.0
1.7923386591941675,3.121592653589793,0.0,48.0,2.0,0.0,0.0,5.551115123125783e-17,1.0,1.0,1.0,0.0,0.0,0.0
1.7923386591941675,3.121592653589793,0.7853981633974483,48.0,2.0,0.0,0.0,8.326672684688674e-17,1.0,1.0,1.0,0.0,0.0,0.0
1.7923386591941675,3.121592653589793,1.5707963267948966,48.0,2.0,0.0,0.0,5.551115123125783e-17,1.0,1.0,1.0,0.0,0.0,0.0
1.7923386591941675,3.121592653589793,2.356194490192345,48.0,2.0,0.0,0.0,8.326672684688674e-17,1.0,1.0,1.0,0.0,0.0,0.0
1.7923386591941675,3.121592653589793,3.141592653589793,48.0,2.0,0.0,0.0,5.551115123125783e-17,1.0,1.0,1.0,0.0,0.0,0.0
1.7923386591941675,3.121592653589793,3.9269908169872414,48.0,2.0,0.0,0.0,8.326672684688674e-17,1.0,1.0,1.0,0.0,0.0,0.0
1.7923386591941675,3.121592653589793,4.71238898038469,48.0,2.0,0.0,0.0,5.551115123125783e-17,1.0,1.0,1.0,0.0,0.0,0.0
1.7923386591941675,3.121592653589793,5.497787143782138,48.0,2.0,0.0,0.0,8.326672684688674e-17,1.0,1.0,1.0,0.0,0.0,0.0
2.2354233239927095,0.02,0.0,56.0,2.0,0.0,0.0,8.326672684688674e-17,1.0,1.0,1.0,0.0,0.0,0.0
2.2354233239927095,0.02,0.7853981633974483,56.0,2.0,0.0,0.0,8.326672684688674e-17,1.0,1.0,1.0,0.0,0.0,0.0
2.2354233239927095,0.02,1.5707963267948966,56.0,2.0,0.0,0.0,8.326672684688674e-17,1.0,1.0,1.0,0.0,0.0,0.0
2.2354233239927095,0.02,2.356194490192345,56.0,2.0,0.0,0.0,5.551115123125783e-17,1.0,1.0,1.0,0.0,0.0,0.0
2.2354233239927095,0.02,3.141592653589793,56.0,2.0,0.0,0.0,8.326672684688674e-17,1.0,1.0,1.0,0.0,0.0,0.0
2.2354233239927095,0.02,3.9269908169872414,56.0,2.0,0.0,0.0,8.326672684688674e-17,1.0,1.0,1.0,0.0,0.0,0.0
2.2354233239927095,0.02,4.71238898038469,56.0,2.0,0.0,0.0,8.326672684688674e-17,1.0,1.0,1.0,0.0,0.0,0.0
2.2354233239927095,0.02,5.497787143782138,56.0,2.0,0.0,0.0,8.326672684688674e-17,1.0,1.0,1.0,0.0,0.0,0.0
2.2354233239927095,0.4630846647985419,0.0,56.0,2.0,0.0,0.0,8.326672684688674e-17,1.0,1.0,1.0,0.0,0.0,0.0
2.2354233239927095,0.4630846647985419,0.7853981633974483,56.0,2.0,0.0,0.0,8.326672684688674e-17,1.0,1.0,1.0,0.0,0.0,0.0
2.2354233239927095,0.4630846647985419,1.5707963267948966,56.0,2.0,0.0,0.0,8.326672684688674e-17,1.0,1.0,1.0,0.0,0.0,0.0
2.2354233239927095,0.4630846647985419,2.356194490192345,56.0,2.0,0.0,0.0,5.551115123125783e-17,1.0,1.0,1.0,0.0,0.0,0.0
2.2354233239927095,0.4630846647985419,3.141592653589793,56.0,2.0,0.0,0.0,8.326672684688674e-17,1.0,1.0,1.0,0.0,0.0,0.0
2.2354233239927095,0.4630846647985419,3.9269908169872414,56.0,2.0,0.0,0.0,8.326672684688674e-17,1.0,1.0,1.0,0.0,0.0,0.0
2.2354233239927095,0.4630846647985419,4.71238898038469,56.0,2.0,0.0,0.0,8.326672684688674e-17,1.0,1.0,1.0,0.0,0.0,0.0
2.2354233239927095,0.4630846647985419,5.497787143782138,56.0,2.0,0.0,0.0,8.326672684688674e-17,1.0,1.0,1.0,0.0,0.0,0.0
2.2354233239927095,0.9061693295970837,0.0,72.0,2.0,0.0,0.0,8.326672684688674e-17,1.0,1.0,1.0,0.0,0.0,0.0
2.2354233239927095,0.9061693295970837,0.7853981633974483,56.0,2.0,0.0,0.0,8.326672684688674e-17,1.0,1.0,1.0,0.0,0.0,0.0
2.2354233239927095,0.9061693295970837,1.5707963267948966,56.0,2.0,0.0,0.0,5.551115123125783e-17,1.0,1.0,1.0,0.0,0.0,0.0
2.2354233239927095,0.9061693295970837,2.356194490192345,56.0,2.0,0.0,0.0,5.551115123125783e-17,1.0,1.0,1.0,0.0,0.0,0.0
2.2354233239927095,0.9061693295970837,3.141592653589793,72.0,2.0,0.0,0.0,5.551115123125783e-17,1.0,1.0,1.0,0.0,0.0,0.0
2.2354233239927095,0.9061693295970837,3.9269908169872414,56.0,2.0,0.0,0.0,5.551115123125783e-17,1.0,1.0,1.0,0.0,0.0,0.0
2.2354233239927095,0.9061693295970837,4.71238898038469,56.0,2.0,0.0,0.0,5.551115123125783e-17,1.0,1.0,1.0,0.0,0.0,0.0
2.2354233239927095,0.9061693295970837,5.497787143782138,56.0,2.0,0.0,0.0,8.326672684688674e-17,1.0,1.0,1.0,0.0,0.0,0.0
2.2354233239927095,1.3492539943956257,0.0,52.0,2.0,0.0,0.0,8.326672684688674e-17,1.0,1.0,1.0,0.0,0.0,0.0
2.2354233239927095,1.3492539943956257,0.7853981633974483,56.0,2.0,0.0,0.0,8.326672684688674e-17,1.0,1.0,1.0,0.0,0.0,0.0
2.2354233239927095,1.3492539943956257,1.5707963267948966,52.0,2.0,0.0,0.0,8.326672684688674e-17,1.0,1.0,1.0,0.0,0.0,0.0
2.2354233239927095,1.3492539943956257,2.356194490192345,56.0,2.0,0.0,0.0,8.326672684688674e-17,1.0,1.0,1.0,0.0,0.0,0.0
2.2354233239927095,1.3492539943956257,3.141592653589793,52.0,2.0,0.0,0.0,8.326672684688674e-17,1.0,1.0,1.0,0.0,0.0,0.0
2.2354233239927095,1.3492539943956257,3.9269908169872414,56.0,2.0,0.0,0.0,8.326672684688674e-17,1.0,1.0,1.0,0.0,0.0,0.0
2.2354233239927095,1.3492539943956257,4.71238898038469,52.0,2.0,0.0,0.0,8.326672684688674e-17,1.0,1.0,1.0,0.0,0.0,0.0
2.2354233239927095,1.3492539943956257,5.497787143782138,56.0,2.0,0.0,0.0,5.551115123125783e-17,1.0,1.0,1.0,0.0,0.0,0.0
2.2354233239927095,1.7923386591941675,0.0,52.0,2.0,0.0,0.0,8.326672684688674e-17,1.0,1.0,1.0,0.0,0.0,0.0
2.2354233239927095,1.7923386591941675,0.7853981633974483,56.0,2.0,0.0,0.0,5.551115123125783e-17,1.0,1.0,1.0,0.0,0.0,0.0
2.2354233239927095,1.7923386591941675,1.5707963267948966,52.0,2.0,0.0,0.0,5.551115123125783e-17,1.0,1.0,1.0,0.0,0.0,0.0
2.2354233239927095,1.7923386591941675,2.356194490192345,56.0,2.0,0.0,0.0,8.326672684688674e-17,1.0,1.0,1.0,0.0,0.0,0.0
2.2354233239927095,1.7923386591941675,3.141592653589793,52.0,2.0,0.0,0.0,8.326672684688674e-17,1.0,1.0,1.0,0.0,0.0,0.0
2.2354233239927095,1.7923386591941675,3.9269908169872414,56.0,2.0,0.0,0.0,8.326672684688674e-17,1.0,1.0,1.0,0.0,0.0,0.0
2.2354233239927095,1.7923386591941675,4.71238898038469,52.0,2.0,0.0,0.0,8.326672684688674e-17,1.0,1.0,1.0,0.0,0.0,0.0
2.2354233239927095,1.7923386591941675,5.497787143782138,56.0,2.0,0.0,0.0,5.551115123125783e-17,1.0,1.0,1.0,0.0,0.0,0.0
2.2354233239927095,2.2354233239927095,0.0,72.0,2.0,0.0,0.0,8.326672684688674e-17,1.0,1.0,1.0,0.0,0.0,0.0
2.2354233239927095,2.2354233239927095,0.7853981633974483,56.0,2.0,0.0,0.0,5.551115123125783e-17,1.0,1.0,1.0,0.0,0.0,0.0
2.2354233239927095,2.2354233239927095,1.5707963267948966,56.0,2.0,0.0,0.0,8.326672684688674e-17,1.0,1.0,1.0,0.0,0.0,0.0
2.2354233239927095,2.2354233239927095,2.356194490192345,56.0,2.0,0.0,0.0,8.326672684688674e-17,1.0,1.0,1.0,0.0,0.0,0.0
2.2354233239927095,2.2354233239927095,3.141592653589793,72.0,2.0,0.0,0.0,8.326672684688674e-17,1.0,1.0,1.0,0.0,0.0,0.0
2.2354233239927095,2.2354233239927095,3.9269908169872414,56.0,2.0,0.0,0.0,5.551115123125783e-17,1.0,1.0,1.0,0.0,0.0,0.0
2.2354233239927095,2.2354233239927095,4.71238898038469,56.0,2.0,0.0,0.0,8.326672684688674e-17,1.0,1.0,1.0,0.0,0.0,0.0
2.2354233239927095,2.2354233239927095,5.497787143782138,56.0,2.0,0.0,0.0,5.551115123125783e-17,1.0,1.0,1.0,0.0,0.0,0.0
2.2354233239927095,2.6785079887912513,0.0,56.0,2.0,0.0,0.0,8.326672684688674e-17,1.0,1.0,1.0,0.0,0.0,0.0
2.2354233239927095,2.6785079887912513,0.7853981633974483,56.0,2.0,0.0,0.0,8.326672684688674e-17,1.0,1.0,1.0,0.0,0.0,0.0
2.2354233239927095,2.6785079887912513,1.5707963267948966,56.0,2.0,0.0,0.0,5.551115123125783e-17,1.0,1.0,1.0,0.0,0.0,0.0
2.2354233239927095,2.6785079887912513,2.356194490192345,56.0,2.0,0.0,0.0,5.551115123125783e-17,1.0,1.0,1.0,0.0,0.0,0.0
2.2354233239927095,2.6785079887912513,3.141592653589793,56.0,2.0,0.0,0.0,8.326672684688674e-17,1.0,1.0,1.0,0.0,0.0,0.0
2.2354233239927095,2.6785079887912513,3.9269908169872414,56.0,2.0,0.0,0.0,5.551115123125783e-17,1.0,1.0,1.0,0.0,0.0,0.0
2.2354233239927095,2.6785079887912513,4.71238898038469,56.0,2.0,0.0,0.0,5.551115123125783e-17,1.0,1.0,1.0,0.0,0.0,0.0
2.2354233239927095,2.6785079887912513,5.497787143782138,56.0,2.0,0.0,0.0,5.551115123125783e-17,1.0,1.0,1.0,0.0,0.0,0.0
2.2354233239927095,3.121592653589793,0.0,56.0,2.0,0.0,0.0,5.551115123125783e-17,1.0,1.0,1.0,0.0,0.0,0.0
2.2354233239927095,3.121592653589793,0.7853981633974483,56.0,2.0,0.0,0.0,8.326672684688674e-17,1.0,1.0,1.0,0.0,0.0,0.0
2.2354233239927095,3.121592653589793,1.5707963267948966,56.0,2.0,0.0,0.0,8.326672684688674e-17,1.0,1.0,1.0,0.0,0.0,0.0
2.2354233239927095,3.121592653589793,2.356194490192345,56.0,2.0,0.0,0.0,5.551115123125783e-17,1.0,1.0,1.0,0.0,0.0,0.0
2.2354233239927095,3.121592653589793,3.141592653589793,56.0,2.0,0.0,0.0,8.326672684688674e-17,1.0,1.0,1.0,0.0,0.0,0.0
2.2354233239927095,3.121592653589793,3.9269908169872414,56.0,2.0,0.0,0.0,8.326672684688674e-17,1.0,1.0,1.0,0.0,0.0,0.0
2.2354233239927095,3.121592653589793,4.71238898038469,56.0,2.0,0.0,0.0,8.326672684688674e-17,1.0,1.0,1.0,0.0,0.0,0.0
2.2354233239927095,3.121592653589793,5.497787143782138,56.0,2.0,0.0,0.0,8.326672684688674e-17,1.0,1.0,1.0,0.0,0.0,0.0
2.6785079887912513,0.02,0.0,56.0,2.0,0.0,0.0,5.551115123125783e-17,1.0,1.0,1.0,0.0,0.0,0.0
2.6785079887912513,0.02,0.7853981633974483,52.0,2.0,0.0,0.0,8.326672684688674e-17,1.0,1.0,1.0,0.0,0.0,0.0
2.6785079887912513,0.02,1.5707963267948966,56.0,2.0,0.0,0.0,5.551115123125783e-17,1.0,1.0,1.0,0.0,0.0,0.0
2.6785079887912513,0.02,2.356194490192345,52.0,2.0,0.0,0.0,5.551115123125783e-17,1.0,1.0,1.0,0.0,0.0,0.0
2.6785079887912513,0.02,3.141592653589793,56.0,2.0,0.0,0.0,8.326672684688674e-17,1.0,1.0,1.0,0.0,0.0,0.0
2.6785079887912513,0.02,3.9269908169872414,52.0,2.0,0.0,0.0,8.326672684688674e-17,1.0,1.0,1.0,0.0,0.0,0.0
2.6785079887912513,0.02,4.71238898038469,56.0,2.0,0.0,0.0,5.551115123125783e-17,1.0,1.0,1.0,0.0,0.0,0.0
2.6785079887912513,0.02,5.497787143782138,52.0,2.0,0.0,0.0,5.551115123125783e-17,1.0,1.0,1.0,0.0,0.0,0.0
2.6785079887912513,0.4630846647985419,0.0,56.0,2.0,0.0,0.0,5.551115123125783e-17,1.0,1.0,1.0,0.0,0.0,0.0
2.6785079887912513,0.4630846647985419,0.7853981633974483,52.0,2.0,0.0,0.0,8.326672684688674e-17,1.0,1.0,1.0,0.0,0.0,0.0
2.6785079887912513,0.4630846647985419,1.5707963267948966,52.0,2.0,0.0,0.0,8.326672684688674e-17,1.0,1.0,1.0,0.0,0.0,0.0
2.6785079887912513,0.4630846647985419,2.356194490192345,48.0,2.0,0.0,0.0,5.551115123125783e-17,1.0,1.0,1.0,0.0,0.0,0.0
2.6785079887912513,0.4630846647985419,3.141592653589793,56.0,2.0,0.0,0.0,8.326672684688674e-17,1.0,1.0,1.0,0.0,0.0,0.0
2.6785079887912513,0.4630846647985419,3.9269908169872414,52.0,2.0,0.0,0.0,1.1102230246251565e-16,1.0,1.0,1.0,0.0,0.0,0.0
2.6785079887912513,0.4630846647985419,4.71238898038469,52.0,2.0,0.0,0.0,5.551115123125783e-17,1.0,1.0,1.0,0.0,0.0,0.0
2.6785079887912513,0.4630846647985419,5.497787143782138,48.0,2.0,0.0,0.0,8.326672684688674e-17,1.0,1.0,1.0,0.0,0.0,0.0
2.6785079887912513,0.9061693295970837,0.0,52.0,2.0,0.0,0.0,8.326672684688674e-17,1.0,1.0,1.0,0.0,0.0,0.0
2.6785079887912513,0.9061693295970837,0.7853981633974483,48.0,2.0,0.0,0.0,8.326672684688674e-17,1.0,1.0,1.0,0.0,0.0,0.0
2.6785079887912513,0.9061693295970837,1.5707963267948966,52.0,2.0,0.0,0.0,5.551115123125783e-17,1.0,1.0,1.0,0.0,0.0,0.0
2.6785079887912513,0.9061693295970837,2.356194490192345,52.0,2.0,0.0,0.0,8.326672684688674e-17,1.0,1.0,1.0,0.0,0.0,0.0
2.6785079887912513,0.9061693295970837,3.141592653589793,52.0,2.0,0.0,0.0,8.326672684688674e-17,1.0,1.0,1.0,0.0,0.0,0.0
2.6785079887912513,0.9061693295970837,3.9269908169872414,48.0,2.0,0.0,0.0,8.326672684688674e-17,1.0,1.0,1.0,0.0,0.0,0.0
2.6785079887912513,0.9061693295970837,4.71238898038469,52.0,2.0,0.0,0.0,5.551115123125783e-17,1.0,1.0,1.0,0.0,0.0,0.0
2.6785079887912513,0.9061693295970837,5.497787143782138,52.0,2.0,0.0,0.0,5.551115123125783e-17,1.0,1.0,1.0,0.0,0.0,0.0
2.6785079887912513,1.3492539943956257,0.0,48.0,2.0,0.0,0.0,8.326672684688674e-17,1.0,1.0,1.0,0.0,0.0,0.0
2.6785079887912513,1.3492539943956257,0.7853981633974483,52.0,2.0,0.0,0.0,8.326672684688674e-17,1.0,1.0,1.0,0.0,0.0,0.0
2.6785079887912513,1.3492539943956257,1.5707963267948966,56.0,2.0,0.0,0.0,5.551115123125783e-17,1.0,1.0,1.0,0.0,0.0,0.0
2.6785079887912513,1.3492539943956257,2.356194490192345,56.0,2.0,0.0,0.0,5.551115123125783e-17,1.0,1.0,1.0,0.0,0.0,0.0
2.6785079887912513,1.3492539943956257,3.141592653589793,48.0,2.0,0.0,0.0,8.326672684688674e-17,1.0,1.0,1.0,0.0,0.0,0.0
2.6785079887912513,1.3492539943956257,3.9269908169872414,52.0,2.0,0.0,0.0,8.326672684688674e-17,1.0,1.0,1.0,0.0,0.0,0.0
2.6785079887912513,1.3492539943956257,4.71238898038469,56.0,2.0,0.0,0.0,5.551115123125783e-17,1.0,1.0,1.0,0.0,0.0,0.0
2.6785079887912513,1.3492539943956257,5.497787143782138,56.0,2.0,0.0,0.0,5.551115123125783e-17,1.0,1.0,1.0,0.0,0.0,0.0
2.6785079887912513,1.7923386591941675,0.0,48.0,2.0,0.0,0.0,8.326672684688674e-17,1.0,1.0,1.0,0.0,0.0,0.0
2.6785079887912513,1.7923386591941675,0.7853981633974483,56.0,2.0,0.0,0.0,8.326672684688674e-17,1.0,1.0,1.0,0.0,0.0,0.0
2.6785079887912513,1.7923386591941675,1.5707963267948966,56.0,2.0,0.0,0.0,8.326672684688674e-17,1.0,1.0,1.0,0.0,0.0,0.0
2.6785079887912513,1.7923386591941675,2.356194490192345,52.0,2.0,0.0,0.0,8.326672684688674e-17,1.0,1.0,1.0,0.0,0.0,0.0
2.6785079887912513,1.7923386591941675,3.141592653589793,48.0,2.0,0.0,0.0,8.326672684688674e-17,1.0,1.0,1.0,0.0,0.0,0.0
2.6785079887912513,1.7923386591941675,3.9269908169872414,56.0,2.0,0.0,0.0,5.551115123125783e-17,1.0,1.0,1.0,0.0,0.0,0.0
2.6785079887912513,1.7923386591941675,4.71238898038469,56.0,2.0,0.0,0.0,5.551115123125783e-17,1.0,1.0,1.0,0.0,0.0,0.0
2.6785079887912513,1.7923386591941675,5.497787143782138,52.0,2.0,0.0,0.0,8.326672684688674e-17,1.0,1.0,1.0,0.0,0.0,0.0
2.6785079887912513,2.2354233239927095,0.0,52.0,2.0,0.0,0.0,5.551115123125783e-17,1.0,1.0,1.0,0.0,0.0,0.0
2.6785079887912513,2.2354233239927095,0.7853981633974483,52.0,2.0,0.0,0.0,8.326672684688674e-17,1.0,1.0,1.0,0.0,0.0,0.0
2.6785079887912513,2.2354233239927095,1.5707963267948966,52.0,2.0,0.0,0.0,8.326672684688674e-17,1.0,1.0,1.0,0.0,0.0,0.0
2.6785079887912513,2.2354233239927095,2.356194490192345,48.0,2.0,0.0,0.0,5.551115123125783e-17,1.0,1.0,1.0,0.0,0.0,0.0
2.6785079887912513,2.2354233239927095,3.141592653589793,52.0,2.0,0.0,0.0,8.326672684688674e-17,1.0,1.0,1.0,0.0,0.0,0.0
2.6785079887912513,2.2354233239927095,3.9269908169872414,52.0,2.0,0.0,0.0,8.326672684688674e-17,1.0,1.0,1.0,0.0,0.0,0.0
2.6785079887912513,2.2354233239927095,4.71238898038469,52.0,2.0,0.0,0.0,8.326672684688674e-17,1.0,1.0,1.0,0.0,0.0,0.0
2.6785079887912513,2.2354233239927095,5.497787143782138,48.0,2.0,0.0,0.0,8.326672684688674e-17,1.0,1.0,1.0,0.0,0.0,0.0
2.6785079887912513,2.6785079887912513,0.0,56.0,2.0,0.0,0.0,8.326672684688674e-17,1.0,1.0,1.0,0.0,0.0,0.0
2.6785079887912513,2.6785079887912513,0.7853981633974483,48.0,2.0,0.0,0.0,5.551115123125783e-17,1.0,1.0,1.0,0.0,0.0,0.0
2.6785079887912513,2.6785079887912513,1.5707963267948966,52.0,2.0,0.0,0.0,1.1102230246251565e-16,1.0,1.0,1.0,0.0,0.0,0.0
2.6785079887912513,2.6785079887912513,2.356194490192345,52.0,2.0,0.0,0.0,8.326672684688674e-17,1.0,1.0,1.0,0.0,0.0,0.0
2.6785079887912513,2.6785079887912513,3.141592653589793,56.0,2.0,0.0,0.0,8.326672684688674e-17,1.0,1.0,1.0,0.0,0.0,0.0
2.6785079887912513,2.6785079887912513,3.9269908169872414,48.0,2.0,0.0,0.0,8.326672684688674e-17,1.0,1.0,1.0,0.0,0.0,0.0
2.6785079887912513,2.6785079887912513,4.71238898038469,52.0,2.0,0.0,0.0,8.326672684688674e-17,1.0,1.0,1.0,0.0,0.0,0.0
2.6785079887912513,2.6785079887912513,5.497787143782138,52.0,2.0,0.0,0.0,8.326672684688674e-17,1.0,1.0,1.0,0.0,0.0,0.0
2.6785079887912513,3.121592653589793,0.0,56.0,2.0,0.0,0.0,5.551115123125783e-17,1.0,1.0,1.0,0.0,0.0,0.0
2.6785079887912513,3.121592653589793,0.7853981633974483,52.0,2.0,0.0,0.0,5.551115123125783e-17,1.0,1.0,1.0,0.0,0.0,0.0
2.6785079887912513,3.121592653589793,1.5707963267948966,56.0,2.0,0.0,0.0,5.551115123125783e-17,1.0,1.0,1.0,0.0,0.0,0.0
2.6785079887912513,3.121592653589793,2.356194490192345,52.0,2.0,0.0,0.0,8.326672684688674e-17,1.0,1.0,1.0,0.0,0.0,0.0
2.6785079887912513,3.121592653589793,3.141592653589793,56.0,2.0,0.0,0.0,8.326672684688674e-17,1.0,1.0,1.0,0.0,0.0,0.0
2.6785079887912513,3.121592653589793,3.9269908169872414,52.0,2.0,0.0,0.0,8.326672684688674e-17,1.0,1.0,1.0,0.0,0.0,0.0
2.6785079887912513,3.121592653589793,4.71238898038469,56.0,2.0,0.0,0.0,8.326672684688674e-17,1.0,1.0,1.0,0.0,0.0,0.0
2.6785079887912513,3.121592653589793,5.497787143782138,52.0,2.0,0.0,0.0,8.326672684688674e-17,1.0,1.0,1.0,0.0,0.0,0.0
3.121592653589793,0.02,0.0,48.0,2.0,0.0,0.0,5.551115123125783e-17,1.0,1.0,1.0,0.0,0.0,0.0
3.121592653589793,0.02,0.7853981633974483,48.0,2.0,0.0,0.0,8.326672684688674e-17,1.0,1.0,1.0,0.0,0.0,0.0
3.121592653589793,0.02,1.5707963267948966,48.0,2.0,0.0,0.0,1.1102230246251565e-16,1.0,1.0,1.0,0.0,0.0,0.0
3.121592653589793,0.02,2.356194490192345,48.0,2.0,0.0,0.0,8.326672684688674e-17,1.0,1.0,1.0,0.0,0.0,0.0
3.121592653589793,0.02,3.141592653589793,48.0,2.0,0.0,0.0,8.326672684688674e-17,1.0,1.0,1.0,0.0,0.0,0.0
3.121592653589793,0.02,3.9269908169872414,48.0,2.0,0.0,0.0,1.3877787807814457e-16,1.0,1.0,1.0,0.0,0.0,0.0
3.121592653589793,0.02,4.71238898038469,48.0,2.0,0.0,0.0,1.3877787807814457e-16,1.0,1.0,1.0,0.0,0.0,0.0
3.121592653589793,0.02,5.497787143782138,48.0,2.0,0.0,0.0,8.326672684688674e-17,1.0,1.0,1.0,0.0,0.0,0.0
3.121592653589793,0.4630846647985419,0.0,48.0,2.0,0.0,0.0,8.326672684688674e-17,1.0,1.0,1.0,0.0,0.0,0.0
3.121592653589793,0.4630846647985419,0.7853981633974483,48.0,2.0,0.0,0.0,8.326672684688674e-17,1.0,1.0,1.0,0.0,0.0,0.0
3.121592653589793,0.4630846647985419,1.5707963267948966,48.0,2.0,0.0,0.0,8.326672684688674e-17,1.0,1.0,1.0,0.0,0.0,0.0
3.121592653589793,0.4630846647985419,2.356194490192345,48.0,2.0,0.0,0.0,8.326672684688674e-17,1.0,1.0,1.0,0.0,0.0,0.0
3.121592653589793,0.4630846647985419,3.141592653589793,48.0,2.0,0.0,0.0,8.326672684688674e-17,1.0,1.0,1.0,0.0,0.0,0.0
3.121592653589793,0.4630846647985419,3.9269908169872414,48.0,2.0,0.0,0.0,1.1102230246251565e-16,1.0,1.0,1.0,0.0,0.0,0.0
3.121592653589793,0.4630846647985419,4.71238898038469,48.0,2.0,0.0,0.0,5.551115123125783e-17,1.0,1.0,1.0,0.0,0.0,0.0
3.121592653589793,0.4630846647985419,5.497787143782138,48.0,2.0,0.0,0.0,8.326672684688674e-17,1.0,1.0,1.0,0.0,0.0,0.0
3.121592653589793,0.9061693295970837,0.0,48.0,2.0,0.0,0.0,5.551115123125783e-17,1.0,1.0,1.0,0.0,0.0,0.0
3.121592653589793,0.9061693295970837,0.7853981633974483,48.0,2.0,0.0,0.0,8.326672684688674e-17,1.0,1.0,1.0,0.0,0.0,0.0
3.121592653589793,0.9061693295970837,1.5707963267948966,48.0,2.0,0.0,0.0,5.551115123125783e-17,1.0,1.0,1.0,0.0,0.0,0.0
3.121592653589793,0.9061693295970837,2.356194490192345,48.0,2.0,0.0,0.0,5.551115123125783e-17,1.0,1.0,1.0,0.0,0.0,0.0
3.121592653589793,0.9061693295970837,3.141592653589793,48.0,2.0,0.0,0.0,8.326672684688674e-17,1.0,1.0,1.0,0.0,0.0,0.0
3.121592653589793,0.9061693295970837,3.9269908169872414,48.0,2.0,0.0,0.0,4.163336342344337e-16,1.0,1.0,1.0,0.0,0.0,0.0
3.121592653589793,0.9061693295970837,4.71238898038469,48.0,2.0,0.0,0.0,8.326672684688674e-17,1.0,1.0,1.0,0.0,0.0,0.0
3.121592653589793,0.9061693295970837,5.497787143782138,48.0,2.0,0.0,0.0,8.326672684688674e-17,1.0,1.0,1.0,0.0,0.0,0.0
3.121592653589793,1.3492539943956257,0.0,48.0,2.0,0.0,0.0,2.498001805406602e-16,1.0,1.0,1.0,0.0,0.0,0.0
3.121592653589793,1.3492539943956257,0.7853981633974483,48.0,2.0,0.0,0.0,4.718447854656915e-16,1.0,1.0,1.0,0.0,0.0,0.0
3.121592653589793,1.3492539943956257,1.5707963267948966,48.0,2.0,0.0,0.0,8.326672684688674e-17,1.0,1.0,1.0,0.0,0.0,0.0
3.121592653589793,1.3492539943956257,2.356194490192345,48.0,2.0,0.0,0.0,5.551115123125783e-17,1.0,1.0,1.0,0.0,0.0,0.0
3.121592653589793,1.3492539943956257,3.141592653589793,48.0,2.0,0.0,0.0,8.326672684688674e-17,1.0,1.0,1.0,0.0,0.0,0.0
3.121592653589793,1.3492539943956257,3.9269908169872414,48.0,2.0,0.0,0.0,7.771561172376096e-16,1.0,1.0,1.0,0.0,0.0,0.0
3.121592653589793,1.3492539943956257,4.71238898038469,48.0,2.0,0.0,0.0,1.3877787807814457e-16,1.0,1.0,1.0,0.0,0.0,0.0
3.121592653589793,1.3492539943956257,5.497787143782138,48.0,2.0,0.0,0.0,5.551115123125783e-17,1.0,1.0,1.0,0.0,0.0,0.0
3.121592653589793,1.7923386591941675,0.0,48.0,2.0,0.0,0.0,1.3877787807814457e-16,1.0,1.0,1.0,0.0,0.0,0.0
3.121592653589793,1.7923386591941675,0.7853981633974483,48.0,2.0,0.0,0.0,1.942890293094024e-16,1.0,1.0,1.0,0.0,0.0,0.0
3.121592653589793,1.7923386591941675,1.5707963267948966,48.0,2.0,0.0,0.0,8.326672684688674e-17,1.0,1.0,1.0,0.0,0.0,0.0
3.121592653589793,1.7923386591941675,2.356194490192345,48.0,2.0,0.0,0.0,8.326672684688674e-17,1.0,1.0,1.0,0.0,0.0,0.0
3.121592653589793,1.7923386591941675,3.141592653589793,48.0,2.0,0.0,0.0,1.3877787807814457e-16,1.0,1.0,1.0,0.0,0.0,0.0
3.121592653589793,1.7923386591941675,3.9269908169872414,48.0,2.0,0.0,0.0,2.498001805406602e-16,1.0,1.0,1.0,0.0,0.0,0.0
3.121592653589793,1.7923386591941675,4.71238898038469,48.0,2.0,0.0,0.0,8.326672684688674e-17,1.0,1.0,1.0,0.0,0.0,0.0
3.121592653589793,1.7923386591941675,5.497787143782138,48.0,2.0,0.0,0.0,8.326672684688674e-17,1.0,1.0,1.0,0.0,0.0,0.0
3.121592653589793,2.2354233239927095,0.0,48.0,2.0,0.0,0.0,8.326672684688674e-17,1.0,1.0,1.0,0.0,0.0,0.0
3.121592653589793,2.2354233239927095,0.7853981633974483,48.0,2.0,0.0,0.0,1.3877787807814457e-16,1.0,1.0,1.0,0.0,0.0,0.0
3.121592653589793,2.2354233239927095,1.5707963267948966,48.0,2.0,0.0,0.0,1.1102230246251565e-16,1.0,1.0,1.0,0.0,0.0,0.0
3.121592653589793,2.2354233239927095,2.356194490192345,48.0,2.0,0.0,0.0,5.551115123125783e-17,1.0,1.0,1.0,0.0,0.0,0.0
3.121592653589793,2.2354233239927095,3.141592653589793,48.0,2.0,0.0,0.0,8.326672684688674e-17,1.0,1.0,1.0,0.0,0.0,0.0
3.121592653589793,2.2354233239927095,3.9269908169872414,48.0,2.0,0.0,0.0,8.326672684688674e-17,1.0,1.0,1.0,0.0,0.0,0.0
3.121592653589793,2.2354233239927095,4.71238898038469,48.0,2.0,0.0,0.0,5.551115123125783e-17,1.0,1.0,1.0,0.0,0.0,0.0
3.121592653589793,2.2354233239927095,5.497787143782138,48.0,2.0,0.0,0.0,5.551115123125783e-17,1.0,1.0,1.0,0.0,0.0,0.0
3.121592653589793,2.6785079887912513,0.0,48.0,2.0,0.0,0.0,8.326672684688674e-17,1.0,1.0,1.0,0.0,0.0,0.0
3.121592653589793,2.6785079887912513,0.7853981633974483,48.0,2.0,0.0,0.0,1.1102230246251565e-16,1.0,1.0,1.0,0.0,0.0,0.0
3.121592653589793,2.6785079887912513,1.5707963267948966,48.0,2.0,0.0,0.0,8.326672684688674e-17,1.0,1.0,1.0,0.0,0.0,0.0
3.121592653589793,2.6785079887912513,2.356194490192345,48.0,2.0,0.0,0.0,5.551115123125783e-17,1.0,1.0,1.0,0.0,0.0,0.0
3.121592653589793,2.6785079887912513,3.141592653589793,48.0,2.0,0.0,0.0,1.1102230246251565e-16,1.0,1.0,1.0,0.0,0.0,0.0
3.121592653589793,2.6785079887912513,3.9269908169872414,48.0,2.0,0.0,0.0,1.1102230246251565e-16,1.0,1.0,1.0,0.0,0.0,0.0
3.121592653589793,2.6785079887912513,4.71238898038469,48.0,2.0,0.0,0.0,8.326672684688674e-17,1.0,1.0,1.0,0.0,0.0,0.0
3.121592653589793,2.6785079887912513,5.497787143782138,48.0,2.0,0.0,0.0,8.326672684688674e-17,1.0,1.0,1.0,0.0,0.0,0.0
3.121592653589793,3.121592653589793,0.0,48.0,2.0,0.0,0.0,5.551115123125783e-17,1.0,1.0,1.0,0.0,0.0,0.0
3.121592653589793,3.121592653589793,0.7853981633974483,48.0,2.0,0.0,0.0,1.1102230246251565e-16,1.0,1.0,1.0,0.0,0.0,0.0
3.121592653589793,3.121592653589793,1.5707963267948966,48.0,2.0,0.0,0.0,8.326672684688674e-17,1.0,1.0,1.0,0.0,0.0,0.0
3.121592653589793,3.121592653589793,2.356194490192345,48.0,2.0,0.0,0.0,8.326672684688674e-17,1.0,1.0,1.0,0.0,0.0,0.0
3.121592653589793,3.121592653589793,3.141592653589793,48.0,2.0,0.0,0.0,8.326672684688674e-17,1.0,1.0,1.0,0.0,0.0,0.0
3.121592653589793,3.121592653589793,3.9269908169872414,48.0,2.0,0.0,0.0,8.326672684688674e-17,1.0,1.0,1.0,0.0,0.0,0.0
3.121592653589793,3.121592653589793,4.71238898038469,48.0,2.0,0.0,0.0,8.326672684688674e-17,1.0,1.0,1.0,0.0,0.0,0.0
3.121592653589793,3.121592653589793,5.497787143782138,48.0,2.0,0.0,0.0,5.551115123125783e-17,1.0,1.0,1.0,0.0,0.0,0.0
