theta,phi,lambda,mixed_volume,n_tracked,n_certified,n_distinct_certified,n_verified,n_dedup_pool,old_pool_complete,new_pool_complete,cert_match,mv_gap,orig_n_pool,orig_max_clique,orig_found_third,orig_found_fourth,homotopy_used,fresh_fallback,drop_suspected
0.02,0.02,0.0,252.0,244.0,244.0,244.0,48.0,48.0,1.0,1.0,1.0,8.0,48.0,2.0,0.0,0.0,1.0,1.0,1.0
0.02,0.02,0.7853981633974483,252.0,252.0,252.0,252.0,48.0,48.0,1.0,1.0,1.0,0.0,48.0,2.0,0.0,0.0,1.0,1.0,1.0
0.02,0.02,1.5707963267948966,252.0,252.0,252.0,252.0,48.0,48.0,1.0,1.0,1.0,0.0,48.0,2.0,0.0,0.0,1.0,1.0,1.0
0.02,0.02,2.356194490192345,252.0,252.0,252.0,252.0,48.0,48.0,1.0,1.0,1.0,0.0,48.0,2.0,0.0,0.0,1.0,1.0,1.0
0.02,0.02,3.141592653589793,252.0,244.0,244.0,244.0,48.0,48.0,1.0,1.0,1.0,8.0,48.0,2.0,0.0,0.0,1.0,1.0,1.0
0.02,0.02,3.9269908169872414,252.0,252.0,252.0,252.0,48.0,48.0,1.0,1.0,1.0,0.0,48.0,2.0,0.0,0.0,1.0,1.0,1.0
0.02,0.02,4.71238898038469,252.0,252.0,252.0,252.0,48.0,48.0,1.0,1.0,1.0,0.0,48.0,2.0,0.0,0.0,1.0,1.0,1.0
0.02,0.02,5.497787143782138,252.0,252.0,252.0,252.0,48.0,48.0,1.0,1.0,1.0,0.0,48.0,2.0,0.0,0.0,1.0,1.0,1.0
0.02,0.4630846647985419,0.0,252.0,244.0,244.0,244.0,48.0,48.0,1.0,1.0,1.0,8.0,48.0,2.0,0.0,0.0,1.0,1.0,1.0
0.02,0.4630846647985419,0.7853981633974483,252.0,252.0,252.0,252.0,48.0,48.0,1.0,1.0,1.0,0.0,48.0,2.0,0.0,0.0,1.0,1.0,1.0
0.02,0.4630846647985419,1.5707963267948966,252.0,252.0,252.0,252.0,48.0,48.0,1.0,1.0,1.0,0.0,48.0,2.0,0.0,0.0,1.0,1.0,1.0
0.02,0.4630846647985419,2.356194490192345,252.0,252.0,252.0,252.0,48.0,48.0,1.0,1.0,1.0,0.0,48.0,2.0,0.0,0.0,1.0,1.0,1.0
0.02,0.4630846647985419,3.141592653589793,252.0,244.0,244.0,244.0,48.0,48.0,1.0,1.0,1.0,8.0,48.0,2.0,0.0,0.0,1.0,1.0,1.0
0.02,0.4630846647985419,3.9269908169872414,252.0,252.0,252.0,252.0,48.0,48.0,1.0,1.0,1.0,0.0,48.0,2.0,0.0,0.0,1.0,1.0,1.0
0.02,0.4630846647985419,4.71238898038469,252.0,252.0,252.0,252.0,48.0,48.0,1.0,1.0,1.0,0.0,48.0,2.0,0.0,0.0,1.0,1.0,1.0
0.02,0.4630846647985419,5.497787143782138,252.0,252.0,252.0,252.0,48.0,48.0,1.0,1.0,1.0,0.0,48.0,2.0,0.0,0.0,1.0,1.0,1.0
0.02,0.9061693295970837,0.0,252.0,244.0,244.0,244.0,48.0,48.0,1.0,1.0,1.0,8.0,48.0,2.0,0.0,0.0,1.0,1.0,1.0
0.02,0.9061693295970837,0.7853981633974483,252.0,252.0,252.0,252.0,48.0,48.0,1.0,1.0,1.0,0.0,48.0,2.0,0.0,0.0,1.0,1.0,1.0
0.02,0.9061693295970837,1.5707963267948966,252.0,252.0,252.0,252.0,48.0,48.0,1.0,1.0,1.0,0.0,48.0,2.0,0.0,0.0,1.0,1.0,1.0
0.02,0.9061693295970837,2.356194490192345,252.0,252.0,252.0,252.0,48.0,48.0,1.0,1.0,1.0,0.0,48.0,2.0,0.0,0.0,1.0,1.0,1.0
0.02,0.9061693295970837,3.141592653589793,252.0,244.0,244.0,244.0,48.0,48.0,1.0,1.0,1.0,8.0,48.0,2.0,0.0,0.0,1.0,1.0,1.0
0.02,0.9061693295970837,3.9269908169872414,252.0,252.0,252.0,252.0,48.0,48.0,1.0,1.0,1.0,0.0,48.0,2.0,0.0,0.0,1.0,1.0,1.0
0.02,0.9061693295970837,4.71238898038469,252.0,252.0,252.0,252.0,48.0,48.0,1.0,1.0,1.0,0.0,48.0,2.0,0.0,0.0,1.0,1.0,1.0
0.02,0.9061693295970837,5.497787143782138,252.0,252.0,252.0,252.0,48.0,48.0,1.0,1.0,1.0,0.0,48.0,2.0,0.0,0.0,1.0,1.0,1.0
0.02,1.3492539943956257,0.0,252.0,244.0,244.0,244.0,48.0,48.0,1.0,1.0,1.0,8.0,48.0,2.0,0.0,0.0,1.0,1.0,1.0
0.02,1.3492539943956257,0.7853981633974483,252.0,252.0,252.0,252.0,48.0,48.0,1.0,1.0,1.0,0.0,48.0,2.0,0.0,0.0,1.0,1.0,1.0
0.02,1.3492539943956257,1.5707963267948966,252.0,252.0,252.0,252.0,48.0,48.0,1.0,1.0,1.0,0.0,48.0,2.0,0.0,0.0,1.0,1.0,1.0
0.02,1.3492539943956257,2.356194490192345,252.0,252.0,252.0,252.0,48.0,48.0,1.0,1.0,1.0,0.0,48.0,2.0,0.0,0.0,1.0,1.0,1.0
0.02,1.3492539943956257,3.141592653589793,252.0,244.0,244.0,244.0,48.0,48.0,1.0,1.0,1.0,8.0,48.0,2.0,0.0,0.0,1.0,1.0,1.0
0.02,1.3492539943956257,3.9269908169872414,252.0,252.0,252.0,252.0,48.0,48.0,1.0,1.0,1.0,0.0,48.0,2.0,0.0,0.0,1.0,1.0,1.0
0.02,1.3492539943956257,4.71238898038469,252.0,252.0,252.0,252.0,48.0,48.0,1.0,1.0,1.0,0.0,48.0,2.0,0.0,0.0,1.0,1.0,1.0
0.02,1.3492539943956257,5.497787143782138,252.0,252.0,252.0,252.0,48.0,48.0,1.0,1.0,1.0,0.0,48.0,2.0,0.0,0.0,1.0,1.0,1.0
0.02,1.7923386591941675,0.0,252.0,244.0,244.0,244.0,48.0,48.0,1.0,1.0,1.0,8.0,48.0,2.0,0.0,0.0,1.0,1.0,1.0
0.02,1.7923386591941675,0.7853981633974483,252.0,252.0,252.0,252.0,48.0,48.0,1.0,1.0,1.0,0.0,48.0,2.0,0.0,0.0,1.0,1.0,1.0
0.02,1.7923386591941675,1.5707963267948966,252.0,252.0,252.0,252.0,48.0,48.0,1.0,1.0,1.0,0.0,48.0,2.0,0.0,0.0,1.0,1.0,1.0
0.02,1.7923386591941675,2.356194490192345,252.0,252.0,252.0,252.0,48.0,48.0,1.0,1.0,1.0,0.0,48.0,2.0,0.0,0.0,1.0,1.0,1.0
0.02,1.7923386591941675,3.141592653589793,252.0,244.0,244.0,244.0,48.0,48.0,1.0,1.0,1.0,8.0,48.0,2.0,0.0,0.0,1.0,1.0,1.0
0.02,1.7923386591941675,3.9269908169872414,252.0,252.0,252.0,252.0,48.0,48.0,1.0,1.0,1.0,0.0,48.0,2.0,0.0,0.0,1.0,1.0,1.0
0.02,1.7923386591941675,4.71238898038469,252.0,252.0,252.0,252.0,48.0,48.0,1.0,1.0,1.0,0.0,48.0,2.0,0.0,0.0,1.0,1.0,1.0
0.02,1.7923386591941675,5.497787143782138,252.0,252.0,252.0,252.0,48.0,48.0,1.0,1.0,1.0,0.0,48.0,2.0,0.0,0.0,1.0,1.0,1.0
0.02,2.2354233239927095,0.0,252.0,244.0,244.0,244.0,48.0,48.0,1.0,1.0,1.0,8.0,48.0,2.0,0.0,0.0,1.0,1.0,1.0
0.02,2.2354233239927095,0.7853981633974483,252.0,252.0,252.0,252.0,48.0,48.0,1.0,1.0,1.0,0.0,48.0,2.0,0.0,0.0,1.0,1.0,1.0
0.02,2.2354233239927095,1.5707963267948966,252.0,252.0,252.0,252.0,48.0,48.0,1.0,1.0,1.0,0.0,48.0,2.0,0.0,0.0,1.0,1.0,1.0
0.02,2.2354233239927095,2.356194490192345,252.0,252.0,252.0,252.0,48.0,48.0,1.0,1.0,1.0,0.0,48.0,2.0,0.0,0.0,1.0,1.0,1.0
0.02,2.2354233239927095,3.141592653589793,252.0,244.0,244.0,244.0,48.0,48.0,1.0,1.0,1.0,8.0,48.0,2.0,0.0,0.0,1.0,1.0,1.0
0.02,2.2354233239927095,3.9269908169872414,252.0,252.0,252.0,252.0,48.0,48.0,1.0,1.0,1.0,0.0,48.0,2.0,0.0,0.0,1.0,1.0,1.0
0.02,2.2354233239927095,4.71238898038469,252.0,252.0,252.0,252.0,48.0,48.0,1.0,1.0,1.0,0.0,48.0,2.0,0.0,0.0,1.0,1.0,1.0
0.02,2.2354233239927095,5.497787143782138,252.0,252.0,252.0,252.0,48.0,48.0,1.0,1.0,1.0,0.0,48.0,2.0,0.0,0.0,1.0,1.0,1.0
0.02,2.6785079887912513,0.0,252.0,244.0,244.0,244.0,48.0,48.0,1.0,1.0,1.0,8.0,48.0,2.0,0.0,0.0,1.0,1.0,1.0
0.02,2.6785079887912513,0.7853981633974483,252.0,252.0,252.0,252.0,48.0,48.0,1.0,1.0,1.0,0.0,48.0,2.0,0.0,0.0,1.0,1.0,1.0
0.02,2.6785079887912513,1.5707963267948966,252.0,252.0,252.0,252.0,48.0,48.0,1.0,1.0,1.0,0.0,48.0,2.0,0.0,0.0,1.0,1.0,1.0
0.02,2.6785079887912513,2.356194490192345,252.0,252.0,252.0,252.0,48.0,48.0,1.0,1.0,1.0,0.0,48.0,2.0,0.0,0.0,1.0,1.0,1.0
0.02,2.6785079887912513,3.141592653589793,252.0,244.0,244.0,244.0,48.0,48.0,1.0,1.0,1.0,8.0,48.0,2.0,0.0,0.0,1.0,1.0,1.0
0.02,2.6785079887912513,3.9269908169872414,252.0,252.0,252.0,252.0,48.0,48.0,1.0,1.0,1.0,0.0,48.0,2.0,0.0,0.0,1.0,1.0,1.0
0.02,2.6785079887912513,4.71238898038469,252.0,252.0,252.0,252.0,48.0,48.0,1.0,1.0,1.0,0.0,48.0,2.0,0.0,0.0,1.0,1.0,1.0
0.02,2.6785079887912513,5.497787143782138,252.0,252.0,252.0,252.0,48.0,48.0,1.0,1.0,1.0,0.0,48.0,2.0,0.0,0.0,1.0,1.0,1.0
0.02,3.121592653589793,0.0,252.0,244.0,244.0,244.0,48.0,48.0,1.0,1.0,1.0,8.0,48.0,2.0,0.0,0.0,1.0,1.0,1.0
0.02,3.121592653589793,0.7853981633974483,252.0,252.0,252.0,252.0,48.0,48.0,1.0,1.0,1.0,0.0,48.0,2.0,0.0,0.0,1.0,1.0,1.0
0.02,3.121592653589793,1.5707963267948966,252.0,252.0,252.0,252.0,48.0,48.0,1.0,1.0,1.0,0.0,48.0,2.0,0.0,0.0,1.0,1.0,1.0
0.02,3.121592653589793,2.356194490192345,252.0,252.0,252.0,252.0,48.0,48.0,1.0,1.0,1.0,0.0,48.0,2.0,0.0,0.0,1.0,1.0,1.0
0.02,3.121592653589793,3.141592653589793,252.0,244.0,244.0,244.0,48.0,48.0,1.0,1.0,1.0,8.0,48.0,2.0,0.0,0.0,1.0,1.0,1.0
0.02,3.121592653589793,3.9269908169872414,252.0,252.0,252.0,252.0,48.0,48.0,1.0,1.0,1.0,0.0,48.0,2.0,0.0,0.0,1.0,1.0,1.0
0.02,3.121592653589793,4.71238898038469,252.0,252.0,252.0,252.0,48.0,48.0,1.0,1.0,1.0,0.0,48.0,2.0,0.0,0.0,1.0,1.0,1.0
0.02,3.121592653589793,5.497787143782138,252.0,252.0,252.0,252.0,48.0,48.0,1.0,1.0,1.0,0.0,48.0,2.0,0.0,0.0,1.0,1.0,1.0
0.4630846647985419,0.02,0.0,252.0,244.0,244.0,244.0,56.0,56.0,1.0,1.0,1.0,8.0,56.0,2.0,0.0,0.0,1.0,1.0,1.0
0.4630846647985419,0.02,0.7853981633974483,252.0,252.0,252.0,252.0,52.0,52.0,1.0,1.0,1.0,0.0,52.0,2.0,0.0,0.0,1.0,1.0,1.0
0.4630846647985419,0.02,1.5707963267948966,252.0,252.0,252.0,252.0,56.0,56.0,1.0,1.0,1.0,0.0,56.0,2.0,0.0,0.0,1.0,1.0,1.0
0.4630846647985419,0.02,2.356194490192345,252.0,252.0,252.0,252.0,52.0,52.0,1.0,1.0,1.0,0.0,52.0,2.0,0.0,0.0,1.0,1.0,1.0
0.4630846647985419,0.02,3.141592653589793,252.0,244.0,244.0,244.0,56.0,56.0,1.0,1.0,1.0,8.0,56.0,2.0,0.0,0.0,1.0,1.0,1.0
0.4630846647985419,0.02,3.9269908169872414,252.0,252.0,252.0,252.0,52.0,52.0,1.0,1.0,1.0,0.0,52.0,2.0,0.0,0.0,1.0,1.0,1.0
0.4630846647985419,0.02,4.71238898038469,252.0,252.0,252.0,252.0,56.0,56.0,1.0,1.0,1.0,0.0,56.0,2.0,0.0,0.0,1.0,1.0,1.0
0.4630846647985419,0.02,5.497787143782138,252.0,252.0,252.0,252.0,52.0,52.0,1.0,1.0,1.0,0.0,52.0,2.0,0.0,0.0,1.0,1.0,1.0
0.4630846647985419,0.4630846647985419,0.0,252.0,244.0,244.0,244.0,56.0,56.0,1.0,1.0,1.0,8.0,56.0,2.0,0.0,0.0,1.0,1.0,1.0
0.4630846647985419,0.4630846647985419,0.7853981633974483,252.0,252.0,252.0,252.0,52.0,52.0,1.0,1.0,1.0,0.0,52.0,2.0,0.0,0.0,1.0,1.0,1.0
0.4630846647985419,0.4630846647985419,1.5707963267948966,252.0,252.0,252.0,252.0,52.0,52.0,1.0,1.0,1.0,0.0,52.0,2.0,0.0,0.0,1.0,1.0,1.0
0.4630846647985419,0.4630846647985419,2.356194490192345,252.0,252.0,252.0,252.0,48.0,48.0,1.0,1.0,1.0,0.0,48.0,2.0,0.0,0.0,1.0,1.0,1.0
0.4630846647985419,0.4630846647985419,3.141592653589793,252.0,244.0,244.0,244.0,56.0,56.0,1.0,1.0,1.0,8.0,56.0,2.0,0.0,0.0,1.0,1.0,1.0
0.4630846647985419,0.4630846647985419,3.9269908169872414,252.0,252.0,252.0,252.0,52.0,52.0,1.0,1.0,1.0,0.0,52.0,2.0,0.0,0.0,1.0,1.0,1.0
0.4630846647985419,0.4630846647985419,4.71238898038469,252.0,252.0,252.0,252.0,52.0,52.0,1.0,1.0,1.0,0.0,52.0,2.0,0.0,0.0,1.0,1.0,1.0
0.4630846647985419,0.4630846647985419,5.497787143782138,252.0,252.0,252.0,252.0,48.0,48.0,1.0,1.0,1.0,0.0,48.0,2.0,0.0,0.0,1.0,1.0,1.0
0.4630846647985419,0.9061693295970837,0.0,252.0,244.0,244.0,244.0,52.0,52.0,1.0,1.0,1.0,8.0,52.0,2.0,0.0,0.0,1.0,1.0,1.0
0.4630846647985419,0.9061693295970837,0.7853981633974483,252.0,252.0,252.0,252.0,48.0,48.0,1.0,1.0,1.0,0.0,48.0,2.0,0.0,0.0,1.0,1.0,1.0
0.4630846647985419,0.9061693295970837,1.5707963267948966,252.0,252.0,252.0,252.0,52.0,52.0,1.0,1.0,1.0,0.0,52.0,2.0,0.0,0.0,1.0,1.0,1.0
0.4630846647985419,0.9061693295970837,2.356194490192345,252.0,252.0,252.0,252.0,52.0,52.0,1.0,1.0,1.0,0.0,52.0,2.0,0.0,0.0,1.0,1.0,1.0
0.4630846647985419,0.9061693295970837,3.141592653589793,252.0,244.0,244.0,244.0,52.0,52.0,1.0,1.0,1.0,8.0,52.0,2.0,0.0,0.0,1.0,1.0,1.0
0.4630846647985419,0.9061693295970837,3.9269908169872414,252.0,252.0,252.0,252.0,48.0,48.0,1.0,1.0,1.0,0.0,48.0,2.0,0.0,0.0,1.0,1.0,1.0
0.4630846647985419,0.9061693295970837,4.71238898038469,252.0,252.0,252.0,252.0,52.0,52.0,1.0,1.0,1.0,0.0,52.0,2.0,0.0,0.0,1.0,1.0,1.0
0.4630846647985419,0.9061693295970837,5.497787143782138,252.0,252.0,252.0,252.0,52.0,52.0,1.0,1.0,1.0,0.0,52.0,2.0,0.0,0.0,1.0,1.0,1.0
0.4630846647985419,1.3492539943956257,0.0,252.0,244.0,244.0,244.0,48.0,48.0,1.0,1.0,1.0,8.0,48.0,2.0,0.0,0.0,1.0,1.0,1.0
0.4630846647985419,1.3492539943956257,0.7853981633974483,252.0,252.0,252.0,252.0,52.0,52.0,1.0,1.0,1.0,0.0,52.0,2.0,0.0,0.0,1.0,1.0,1.0
0.4630846647985419,1.3492539943956257,1.5707963267948966,252.0,252.0,252.0,252.0,56.0,56.0,1.0,1.0,1.0,0.0,56.0,2.0,0.0,0.0,1.0,1.0,1.0
0.4630846647985419,1.3492539943956257,2.356194490192345,252.0,252.0,252.0,252.0,56.0,56.0,1.0,1.0,1.0,0.0,56.0,2.0,0.0,0.0,1.0,1.0,1.0
0.4630846647985419,1.3492539943956257,3.141592653589793,252.0,244.0,244.0,244.0,48.0,48.0,1.0,1.0,1.0,8.0,48.0,2.0,0.0,0.0,1.0,1.0,1.0
0.4630846647985419,1.3492539943956257,3.9269908169872414,252.0,252.0,252.0,252.0,52.0,52.0,1.0,1.0,1.0,0.0,52.0,2.0,0.0,0.0,1.0,1.0,1.0
0.4630846647985419,1.3492539943956257,4.71238898038469,252.0,252.0,252.0,252.0,56.0,56.0,1.0,1.0,1.0,0.0,56.0,2.0,0.0,0.0,1.0,1.0,1.0
0.4630846647985419,1.3492539943956257,5.497787143782138,252.0,252.0,252.0,252.0,56.0,56.0,1.0,1.0,1.0,0.0,56.0,2.0,0.0,0.0,1.0,1.0,1.0
0.4630846647985419,1.7923386591941675,0.0,252.0,244.0,244.0,244.0,48.0,48.0,1.0,1.0,1.0,8.0,48.0,2.0,0.0,0.0,1.0,1.0,1.0
0.4630846647985419,1.7923386591941675,0.7853981633974483,252.0,252.0,252.0,252.0,56.0,56.0,1.0,1.0,1.0,0.0,56.0,2.0,0.0,0.0,1.0,1.0,1.0
0.4630846647985419,1.7923386591941675,1.5707963267948966,252.0,252.0,252.0,252.0,56.0,56.0,1.0,1.0,1.0,0.0,56.0,2.0,0.0,0.0,1.0,1.0,1.0
0.4630846647985419,1.7923386591941675,2.356194490192345,252.0,252.0,252.0,252.0,52.0,52.0,1.0,1.0,1.0,0.0,52.0,2.0,0.0,0.0,1.0,1.0,1.0
0.4630846647985419,1.7923386591941675,3.141592653589793,252.0,244.0,244.0,244.0,48.0,48.0,1.0,1.0,1.0,8.0,48.0,2.0,0.0,0.0,1.0,1.0,1.0
0.4630846647985419,1.7923386591941675,3.9269908169872414,252.0,252.0,252.0,252.0,56.0,56.0,1.0,1.0,1.0,0.0,56.0,2.0,0.0,0.0,1.0,1.0,1.0
0.4630846647985419,1.7923386591941675,4.71238898038469,252.0,252.0,252.0,252.0,56.0,56.0,1.0,1.0,1.0,0.0,56.0,2.0,0.0,0.0,1.0,1.0,1.0
0.4630846647985419,1.7923386591941675,5.497787143782138,252.0,252.0,252.0,252.0,52.0,52.0,1.0,1.0,1.0,0.0,52.0,2.0,0.0,0.0,1.0,1.0,1.0
0.4630846647985419,2.2354233239927095,0.0,252.0,244.0,244.0,244.0,52.0,52.0,1.0,1.0,1.0,8.0,52.0,2.0,0.0,0.0,1.0,1.0,1.0
0.4630846647985419,2.2354233239927095,0.7853981633974483,252.0,252.0,252.0,252.0,52.0,52.0,1.0,1.0,1.0,0.0,52.0,2.0,0.0,0.0,1.0,1.0,1.0
0.4630846647985419,2.2354233239927095,1.5707963267948966,252.0,252.0,252.0,252.0,52.0,52.0,1.0,1.0,1.0,0.0,52.0,2.0,0.0,0.0,1.0,1.0,1.0
0.4630846647985419,2.2354233239927095,2.356194490192345,252.0,252.0,252.0,252.0,48.0,48.0,1.0,1.0,1.0,0.0,48.0,2.0,0.0,0.0,1.0,1.0,1.0
0.4630846647985419,2.2354233239927095,3.141592653589793,252.0,244.0,244.0,244.0,52.0,52.0,1.0,1.0,1.0,8.0,52.0,2.0,0.0,0.0,1.0,1.0,1.0
0.4630846647985419,2.2354233239927095,3.9269908169872414,252.0,252.0,252.0,252.0,52.0,52.0,1.0,1.0,1.0,0.0,52.0,2.0,0.0,0.0,1.0,1.0,1.0
0.4630846647985419,2.2354233239927095,4.71238898038469,252.0,252.0,252.0,252.0,52.0,52.0,1.0,1.0,1.0,0.0,52.0,2.0,0.0,0.0,1.0,1.0,1.0
0.4630846647985419,2.2354233239927095,5.497787143782138,252.0,252.0,252.0,252.0,48.0,48.0,1.0,1.0,1.0,0.0,48.0,2.0,0.0,0.0,1.0,1.0,1.0
0.4630846647985419,2.6785079887912513,0.0,252.0,244.0,244.0,244.0,56.0,56.0,1.0,1.0,1.0,8.0,56.0,2.0,0.0,0.0,1.0,1.0,1.0
0.4630846647985419,2.6785079887912513,0.7853981633974483,252.0,252.0,252.0,252.0,48.0,48.0,1.0,1.0,1.0,0.0,48.0,2.0,0.0,0.0,1.0,1.0,1.0
0.4630846647985419,2.6785079887912513,1.5707963267948966,252.0,252.0,252.0,252.0,52.0,52.0,1.0,1.0,1.0,0.0,52.0,2.0,0.0,0.0,1.0,1.0,1.0
0.4630846647985419,2.6785079887912513,2.356194490192345,252.0,252.0,252.0,252.0,52.0,52.0,1.0,1.0,1.0,0.0,52.0,2.0,0.0,0.0,1.0,1.0,1.0
0.4630846647985419,2.6785079887912513,3.141592653589793,252.0,244.0,244.0,244.0,56.0,56.0,1.0,1.0,1.0,8.0,56.0,2.0,0.0,0.0,1.0,1.0,1.0
0.4630846647985419,2.6785079887912513,3.9269908169872414,252.0,252.0,252.0,252.0,48.0,48.0,1.0,1.0,1.0,0.0,48.0,2.0,0.0,0.0,1.0,1.0,1.0
0.4630846647985419,2.6785079887912513,4.71238898038469,252.0,252.0,252.0,252.0,52.0,52.0,1.0,1.0,1.0,0.0,52.0,2.0,0.0,0.0,1.0,1.0,1.0
0.4630846647985419,2.6785079887912513,5.497787143782138,252.0,252.0,252.0,252.0,52.0,52.0,1.0,1.0,1.0,0.0,52.0,2.0,0.0,0.0,1.0,1.0,1.0
0.4630846647985419,3.121592653589793,0.0,252.0,244.0,244.0,244.0,56.0,56.0,1.0,1.0,1.0,8.0,56.0,2.0,0.0,0.0,1.0,1.0,1.0
0.4630846647985419,3.121592653589793,0.7853981633974483,252.0,252.0,252.0,252.0,52.0,52.0,1.0,1.0,1.0,0.0,52.0,2.0,0.0,0.0,1.0,1.0,1.0
0.4630846647985419,3.121592653589793,1.5707963267948966,252.0,252.0,252.0,252.0,56.0,56.0,1.0,1.0,1.0,0.0,56.0,2.0,0.0,0.0,1.0,1.0,1.0
0.4630846647985419,3.121592653589793,2.356194490192345,252.0,252.0,252.0,252.0,52.0,52.0,1.0,1.0,1.0,0.0,52.0,2.0,0.0,0.0,1.0,1.0,1.0
0.4630846647985419,3.121592653589793,3.141592653589793,252.0,244.0,244.0,244.0,56.0,56.0,1.0,1.0,1.0,8.0,56.0,2.0,0.0,0.0,1.0,1.0,1.0
0.4630846647985419,3.121592653589793,3.9269908169872414,252.0,252.0,252.0,252.0,52.0,52.0,1.0,1.0,1.0,0.0,52.0,2.0,0.0,0.0,1.0,1.0,1.0
0.4630846647985419,3.121592653589793,4.71238898038469,252.0,252.0,252.0,252.0,56.0,56.0,1.0,1.0,1.0,0.0,56.0,2.0,0.0,0.0,1.0,1.0,1.0
0.4630846647985419,3.121592653589793,5.497787143782138,252.0,252.0,252.0,252.0,52.0,52.0,1.0,1.0,1.0,0.0,52.0,2.0,0.0,0.0,1.0,1.0,1.0
0.9061693295970837,0.02,0.0,252.0,244.0,244.0,244.0,56.0,56.0,1.0,1.0,1.0,8.0,56.0,2.0,0.0,0.0,1.0,1.0,1.0
0.9061693295970837,0.02,0.7853981633974483,252.0,252.0,252.0,252.0,56.0,56.0,1.0,1.0,1.0,0.0,56.0,2.0,0.0,0.0,1.0,1.0,1.0
0.9061693295970837,0.02,1.5707963267948966,252.0,252.0,252.0,252.0,56.0,56.0,1.0,1.0,1.0,0.0,56.0,2.0,0.0,0.0,1.0,1.0,1.0
0.9061693295970837,0.02,2.356194490192345,252.0,252.0,252.0,252.0,56.0,56.0,1.0,1.0,1.0,0.0,56.0,2.0,0.0,0.0,1.0,1.0,1.0
0.9061693295970837,0.02,3.141592653589793,252.0,244.0,244.0,244.0,56.0,56.0,1.0,1.0,1.0,8.0,56.0,2.0,0.0,0.0,1.0,1.0,1.0
0.9061693295970837,0.02,3.9269908169872414,252.0,252.0,252.0,252.0,56.0,56.0,1.0,1.0,1.0,0.0,56.0,2.0,0.0,0.0,1.0,1.0,1.0
0.9061693295970837,0.02,4.71238898038469,252.0,252.0,252.0,252.0,56.0,56.0,1.0,1.0,1.0,0.0,56.0,2.0,0.0,0.0,1.0,1.0,1.0
0.9061693295970837,0.02,5.497787143782138,252.0,252.0,252.0,252.0,56.0,56.0,1.0,1.0,1.0,0.0,56.0,2.0,0.0,0.0,1.0,1.0,1.0
0.9061693295970837,0.4630846647985419,0.0,252.0,244.0,244.0,244.0,56.0,56.0,1.0,1.0,1.0,8.0,56.0,2.0,0.0,0.0,1.0,1.0,1.0
0.9061693295970837,0.4630846647985419,0.7853981633974483,252.0,252.0,252.0,252.0,56.0,56.0,1.0,1.0,1.0,0.0,56.0,2.0,0.0,0.0,1.0,1.0,1.0
0.9061693295970837,0.4630846647985419,1.5707963267948966,252.0,252.0,252.0,252.0,56.0,56.0,1.0,1.0,1.0,0.0,56.0,2.0,0.0,0.0,1.0,1.0,1.0
0.9061693295970837,0.4630846647985419,2.356194490192345,252.0,252.0,252.0,252.0,56.0,56.0,1.0,1.0,1.0,0.0,56.0,2.0,0.0,0.0,1.0,1.0,1.0
0.9061693295970837,0.4630846647985419,3.141592653589793,252.0,244.0,244.0,244.0,56.0,56.0,1.0,1.0,1.0,8.0,56.0,2.0,0.0,0.0,1.0,1.0,1.0
0.9061693295970837,0.4630846647985419,3.9269908169872414,252.0,252.0,252.0,252.0,56.0,56.0,1.0,1.0,1.0,0.0,56.0,2.0,0.0,0.0,1.0,1.0,1.0
0.9061693295970837,0.4630846647985419,4.71238898038469,252.0,252.0,252.0,252.0,56.0,56.0,1.0,1.0,1.0,0.0,56.0,2.0,0.0,0.0,1.0,1.0,1.0
0.9061693295970837,0.4630846647985419,5.497787143782138,252.0,252.0,252.0,252.0,56.0,56.0,1.0,1.0,1.0,0.0,56.0,2.0,0.0,0.0,1.0,1.0,1.0
0.9061693295970837,0.9061693295970837,0.0,252.0,244.0,244.0,244.0,72.0,72.0,1.0,1.0,1.0,8.0,72.0,2.0,0.0,0.0,1.0,1.0,1.0
0.9061693295970837,0.9061693295970837,0.7853981633974483,252.0,252.0,252.0,252.0,56.0,56.0,1.0,1.0,1.0,0.0,56.0,2.0,0.0,0.0,1.0,1.0,1.0
0.9061693295970837,0.9061693295970837,1.5707963267948966,252.0,252.0,252.0,252.0,56.0,56.0,1.0,1.0,1.0,0.0,56.0,2.0,0.0,0.0,1.0,1.0,1.0
0.9061693295970837,0.9061693295970837,2.356194490192345,252.0,252.0,252.0,252.0,56.0,56.0,1.0,1.0,1.0,0.0,56.0,2.0,0.0,0.0,1.0,1.0,1.0
0.9061693295970837,0.9061693295970837,3.141592653589793,252.0,244.0,244.0,244.0,72.0,72.0,1.0,1.0,1.0,8.0,72.0,2.0,0.0,0.0,1.0,1.0,1.0
0.9061693295970837,0.9061693295970837,3.9269908169872414,252.0,252.0,252.0,252.0,56.0,56.0,1.0,1.0,1.0,0.0,56.0,2.0,0.0,0.0,1.0,1.0,1.0
0.9061693295970837,0.9061693295970837,4.71238898038469,252.0,252.0,252.0,252.0,56.0,56.0,1.0,1.0,1.0,0.0,56.0,2.0,0.0,0.0,1.0,1.0,1.0
0.9061693295970837,0.9061693295970837,5.497787143782138,252.0,252.0,252.0,252.0,56.0,56.0,1.0,1.0,1.0,0.0,56.0,2.0,0.0,0.0,1.0,1.0,1.0
0.9061693295970837,1.3492539943956257,0.0,252.0,244.0,244.0,244.0,52.0,52.0,1.0,1.0,1.0,8.0,52.0,2.0,0.0,0.0,1.0,1.0,1.0
0.9061693295970837,1.3492539943956257,0.7853981633974483,252.0,252.0,252.0,252.0,56.0,56.0,1.0,1.0,1.0,0.0,56.0,2.0,0.0,0.0,1.0,1.0,1.0
0.9061693295970837,1.3492539943956257,1.5707963267948966,252.0,252.0,252.0,252.0,52.0,52.0,1.0,1.0,1.0,0.0,52.0,2.0,0.0,0.0,1.0,1.0,1.0
0.9061693295970837,1.3492539943956257,2.356194490192345,252.0,252.0,252.0,252.0,56.0,56.0,1.0,1.0,1.0,0.0,56.0,2.0,0.0,0.0,1.0,1.0,1.0
0.9061693295970837,1.3492539943956257,3.141592653589793,252.0,244.0,244.0,244.0,52.0,52.0,1.0,1.0,1.0,8.0,52.0,2.0,0.0,0.0,1.0,1.0,1.0
0.9061693295970837,1.3492539943956257,3.9269908169872414,252.0,252.0,252.0,252.0,56.0,56.0,1.0,1.0,1.0,0.0,56.0,2.0,0.0,0.0,1.0,1.0,1.0
0.9061693295970837,1.3492539943956257,4.71238898038469,252.0,252.0,252.0,252.0,52.0,52.0,1.0,1.0,1.0,0.0,52.0,2.0,0.0,0.0,1.0,1.0,1.0
0.9061693295970837,1.3492539943956257,5.497787143782138,252.0,252.0,252.0,252.0,56.0,56.0,1.0,1.0,1.0,0.0,56.0,2.0,0.0,0.0,1.0,1.0,1.0
0.9061693295970837,1.7923386591941675,0.0,252.0,244.0,244.0,244.0,52.0,52.0,1.0,1.0,1.0,8.0,52.0,2.0,0.0,0.0,1.0,1.0,1.0
0.9061693295970837,1.7923386591941675,0.7853981633974483,252.0,252.0,252.0,252.0,56.0,56.0,1.0,1.0,1.0,0.0,56.0,2.0,0.0,0.0,1.0,1.0,1.0
0.9061693295970837,1.7923386591941675,1.5707963267948966,252.0,252.0,252.0,252.0,52.0,52.0,1.0,1.0,1.0,0.0,52.0,2.0,0.0,0.0,1.0,1.0,1.0
0.9061693295970837,1.7923386591941675,2.356194490192345,252.0,252.0,252.0,252.0,56.0,56.0,1.0,1.0,1.0,0.0,56.0,2.0,0.0,0.0,1.0,1.0,1.0
0.9061693295970837,1.7923386591941675,3.141592653589793,252.0,244.0,244.0,244.0,52.0,52.0,1.0,1.0,1.0,8.0,52.0,2.0,0.0,0.0,1.0,1.0,1.0
0.9061693295970837,1.7923386591941675,3.9269908169872414,252.0,252.0,252.0,252.0,56.0,56.0,1.0,1.0,1.0,0.0,56.0,2.0,0.0,0.0,1.0,1.0,1.0
0.9061693295970837,1.7923386591941675,4.71238898038469,252.0,252.0,252.0,252.0,52.0,52.0,1.0,1.0,1.0,0.0,52.0,2.0,0.0,0.0,1.0,1.0,1.0
0.9061693295970837,1.7923386591941675,5.497787143782138,252.0,252.0,252.0,252.0,56.0,56.0,1.0,1.0,1.0,0.0,56.0,2.0,0.0,0.0,1.0,1.0,1.0
0.9061693295970837,2.2354233239927095,0.0,252.0,244.0,244.0,244.0,72.0,72.0,1.0,1.0,1.0,8.0,72.0,2.0,0.0,0.0,1.0,1.0,1.0
0.9061693295970837,2.2354233239927095,0.7853981633974483,252.0,252.0,252.0,252.0,56.0,56.0,1.0,1.0,1.0,0.0,56.0,2.0,0.0,0.0,1.0,1.0,1.0
0.9061693295970837,2.2354233239927095,1.5707963267948966,252.0,252.0,252.0,252.0,56.0,56.0,1.0,1.0,1.0,0.0,56.0,2.0,0.0,0.0,1.0,1.0,1.0
0.9061693295970837,2.2354233239927095,2.356194490192345,252.0,252.0,252.0,252.0,56.0,56.0,1.0,1.0,1.0,0.0,56.0,2.0,0.0,0.0,1.0,1.0,1.0
0.9061693295970837,2.2354233239927095,3.141592653589793,252.0,244.0,244.0,244.0,72.0,72.0,1.0,1.0,1.0,8.0,72.0,2.0,0.0,0.0,1.0,1.0,1.0
0.9061693295970837,2.2354233239927095,3.9269908169872414,252.0,252.0,252.0,252.0,56.0,56.0,1.0,1.0,1.0,0.0,56.0,2.0,0.0,0.0,1.0,1.0,1.0
0.9061693295970837,2.2354233239927095,4.71238898038469,252.0,252.0,252.0,252.0,56.0,56.0,1.0,1.0,1.0,0.0,56.0,2.0,0.0,0.0,1.0,1.0,1.0
0.9061693295970837,2.2354233239927095,5.497787143782138,252.0,252.0,252.0,252.0,56.0,56.0,1.0,1.0,1.0,0.0,56.0,2.0,0.0,0.0,1.0,1.0,1.0
0.9061693295970837,2.6785079887912513,0.0,252.0,244.0,244.0,244.0,56.0,56.0,1.0,1.0,1.0,8.0,56.0,2.0,0.0,0.0,1.0,1.0,1.0
0.9061693295970837,2.6785079887912513,0.7853981633974483,252.0,252.0,252.0,252.0,56.0,56.0,1.0,1.0,1.0,0.0,56.0,2.0,0.0,0.0,1.0,1.0,1.0
0.9061693295970837,2.6785079887912513,1.5707963267948966,252.0,252.0,252.0,252.0,56.0,56.0,1.0,1.0,1.0,0.0,56.0,2.0,0.0,0.0,1.0,1.0,1.0
0.9061693295970837,2.6785079887912513,2.356194490192345,252.0,252.0,252.0,252.0,56.0,56.0,1.0,1.0,1.0,0.0,56.0,2.0,0.0,0.0,1.0,1.0,1.0
0.9061693295970837,2.6785079887912513,3.141592653589793,252.0,244.0,244.0,244.0,56.0,56.0,1.0,1.0,1.0,8.0,56.0,2.0,0.0,0.0,1.0,1.0,1.0
0.9061693295970837,2.6785079887912513,3.9269908169872414,252.0,252.0,252.0,252.0,56.0,56.0,1.0,1.0,1.0,0.0,56.0,2.0,0.0,0.0,1.0,1.0,1.0
0.9061693295970837,2.6785079887912513,4.71238898038469,252.0,252.0,252.0,252.0,56.0,56.0,1.0,1.0,1.0,0.0,56.0,2.0,0.0,0.0,1.0,1.0,1.0
0.9061693295970837,2.6785079887912513,5.497787143782138,252.0,252.0,252.0,252.0,56.0,56.0,1.0,1.0,1.0,0.0,56.0,2.0,0.0,0.0,1.0,1.0,1.0
0.9061693295970837,3.121592653589793,0.0,252.0,244.0,244.0,244.0,56.0,56.0,1.0,1.0,1.0,8.0,56.0,2.0,0.0,0.0,1.0,1.0,1.0
0.9061693295970837,3.121592653589793,0.7853981633974483,252.0,252.0,252.0,252.0,56.0,56.0,1.0,1.0,1.0,0.0,56.0,2.0,0.0,0.0,1.0,1.0,1.0
0.9061693295970837,3.121592653589793,1.5707963267948966,252.0,252.0,252.0,252.0,56.0,56.0,1.0,1.0,1.0,0.0,56.0,2.0,0.0,0.0,1.0,1.0,1.0
0.9061693295970837,3.121592653589793,2.356194490192345,252.0,252.0,252.0,252.0,56.0,56.0,1.0,1.0,1.0,0.0,56.0,2.0,0.0,0.0,1.0,1.0,1.0
0.9061693295970837,3.121592653589793,3.141592653589793,252.0,244.0,244.0,244.0,56.0,56.0,1.0,1.0,1.0,8.0,56.0,2.0,0.0,0.0,1.0,1.0,1.0
0.9061693295970837,3.121592653589793,3.9269908169872414,252.0,252.0,252.0,252.0,56.0,56.0,1.0,1.0,1.0,0.0,56.0,2.0,0.0,0.0,1.0,1.0,1.0
0.9061693295970837,3.121592653589793,4.71238898038469,252.0,252.0,252.0,252.0,56.0,56.0,1.0,1.0,1.0,0.0,56.0,2.0,0.0,0.0,1.0,1.0,1.0
0.9061693295970837,3.121592653589793,5.497787143782138,252.0,252.0,252.0,252.0,56.0,56.0,1.0,1.0,1.0,0.0,56.0,2.0,0.0,0.0,1.0,1.0,1.0
1.3492539943956257,0.02,0.0,252.0,244.0,244.0,244.0,48.0,48.0,1.0,1.0,1.0,8.0,48.0,2.0,0.0,0.0,1.0,1.0,1.0
1.3492539943956257,0.02,0.7853981633974483,252.0,252.0,252.0,252.0,48.0,48.0,1.0,1.0,1.0,0.0,48.0,2.0,0.0,0.0,1.0,1.0,1.0
1.3492539943956257,0.02,1.5707963267948966,252.0,252.0,252.0,252.0,48.0,48.0,1.0,1.0,1.0,0.0,48.0,2.0,0.0,0.0,1.0,1.0,1.0
1.3492539943956257,0.02,2.356194490192345,252.0,252.0,252.0,252.0,48.0,48.0,1.0,1.0,1.0,0.0,48.0,2.0,0.0,0.0,1.0,1.0,1.0
1.3492539943956257,0.02,3.141592653589793,252.0,244.0,244.0,244.0,48.0,48.0,1.0,1.0,1.0,8.0,48.0,2.0,0.0,0.0,1.0,1.0,1.0
1.3492539943956257,0.02,3.9269908169872414,252.0,252.0,252.0,252.0,48.0,48.0,1.0,1.0,1.0,0.0,48.0,2.0,0.0,0.0,1.0,1.0,1.0
1.3492539943956257,0.02,4.71238898038469,252.0,252.0,252.0,252.0,48.0,48.0,1.0,1.0,1.0,0.0,48.0,2.0,0.0,0.0,1.0,1.0,1.0
1.3492539943956257,0.02,5.497787143782138,252.0,252.0,252.0,252.0,48.0,48.0,1.0,1.0,1.0,0.0,48.0,2.0,0.0,0.0,1.0,1.0,1.0
1.3492539943956257,0.4630846647985419,0.0,252.0,244.0,244.0,244.0,52.0,52.0,1.0,1.0,1.0,8.0,52.0,2.0,0.0,0.0,1.0,1.0,1.0
1.3492539943956257,0.4630846647985419,0.7853981633974483,252.0,252.0,252.0,252.0,52.0,52.0,1.0,1.0,1.0,0.0,52.0,2.0,0.0,0.0,1.0,1.0,1.0
1.3492539943956257,0.4630846647985419,1.5707963267948966,252.0,252.0,252.0,252.0,52.0,52.0,1.0,1.0,1.0,0.0,52.0,2.0,0.0,0.0,1.0,1.0,1.0
1.3492539943956257,0.4630846647985419,2.356194490192345,252.0,252.0,252.0,252.0,48.0,48.0,1.0,1.0,1.0,0.0,48.0,2.0,0.0,0.0,1.0,1.0,1.0
1.3492539943956257,0.4630846647985419,3.141592653589793,252.0,244.0,244.0,244.0,52.0,52.0,1.0,1.0,1.0,8.0,52.0,2.0,0.0,0.0,1.0,1.0,1.0
1.3492539943956257,0.4630846647985419,3.9269908169872414,252.0,252.0,252.0,252.0,52.0,52.0,1.0,1.0,1.0,0.0,52.0,2.0,0.0,0.0,1.0,1.0,1.0
1.3492539943956257,0.4630846647985419,4.71238898038469,252.0,252.0,252.0,252.0,52.0,52.0,1.0,1.0,1.0,0.0,52.0,2.0,0.0,0.0,1.0,1.0,1.0
1.3492539943956257,0.4630846647985419,5.497787143782138,252.0,252.0,252.0,252.0,48.0,48.0,1.0,1.0,1.0,0.0,48.0,2.0,0.0,0.0,1.0,1.0,1.0
1.3492539943956257,0.9061693295970837,0.0,252.0,244.0,244.0,244.0,56.0,56.0,1.0,1.0,1.0,8.0,56.0,2.0,0.0,0.0,1.0,1.0,1.0
1.3492539943956257,0.9061693295970837,0.7853981633974483,252.0,252.0,252.0,252.0,56.0,56.0,1.0,1.0,1.0,0.0,56.0,2.0,0.0,0.0,1.0,1.0,1.0
1.3492539943956257,0.9061693295970837,1.5707963267948966,252.0,252.0,252.0,252.0,56.0,56.0,1.0,1.0,1.0,0.0,56.0,2.0,0.0,0.0,1.0,1.0,1.0
1.3492539943956257,0.9061693295970837,2.356194490192345,252.0,252.0,252.0,252.0,48.0,48.0,1.0,1.0,1.0,0.0,48.0,2.0,0.0,0.0,1.0,1.0,1.0
1.3492539943956257,0.9061693295970837,3.141592653589793,252.0,244.0,244.0,244.0,56.0,56.0,1.0,1.0,1.0,8.0,56.0,2.0,0.0,0.0,1.0,1.0,1.0
1.3492539943956257,0.9061693295970837,3.9269908169872414,252.0,252.0,252.0,252.0,56.0,56.0,1.0,1.0,1.0,0.0,56.0,2.0,0.0,0.0,1.0,1.0,1.0
1.3492539943956257,0.9061693295970837,4.71238898038469,252.0,252.0,252.0,252.0,56.0,56.0,1.0,1.0,1.0,0.0,56.0,2.0,0.0,0.0,1.0,1.0,1.0
1.3492539943956257,0.9061693295970837,5.497787143782138,252.0,252.0,252.0,252.0,48.0,48.0,1.0,1.0,1.0,0.0,48.0,2.0,0.0,0.0,1.0,1.0,1.0
1.3492539943956257,1.3492539943956257,0.0,252.0,244.0,244.0,244.0,52.0,52.0,1.0,1.0,1.0,8.0,52.0,2.0,0.0,0.0,1.0,1.0,1.0
1.3492539943956257,1.3492539943956257,0.7853981633974483,252.0,252.0,252.0,252.0,52.0,52.0,1.0,1.0,1.0,0.0,52.0,2.0,0.0,0.0,1.0,1.0,1.0
1.3492539943956257,1.3492539943956257,1.5707963267948966,252.0,252.0,252.0,252.0,48.0,48.0,1.0,1.0,1.0,0.0,48.0,2.0,0.0,0.0,1.0,1.0,1.0
1.3492539943956257,1.3492539943956257,2.356194490192345,252.0,252.0,252.0,252.0,52.0,52.0,1.0,1.0,1.0,0.0,52.0,2.0,0.0,0.0,1.0,1.0,1.0
1.3492539943956257,1.3492539943956257,3.141592653589793,252.0,244.0,244.0,244.0,52.0,52.0,1.0,1.0,1.0,8.0,52.0,2.0,0.0,0.0,1.0,1.0,1.0
1.3492539943956257,1.3492539943956257,3.9269908169872414,252.0,252.0,252.0,252.0,52.0,52.0,1.0,1.0,1.0,0.0,52.0,2.0,0.0,0.0,1.0,1.0,1.0
1.3492539943956257,1.3492539943956257,4.71238898038469,252.0,252.0,252.0,252.0,48.0,48.0,1.0,1.0,1.0,0.0,48.0,2.0,0.0,0.0,1.0,1.0,1.0
1.3492539943956257,1.3492539943956257,5.497787143782138,252.0,252.0,252.0,252.0,52.0,52.0,1.0,1.0,1.0,0.0,52.0,2.0,0.0,0.0,1.0,1.0,1.0
1.3492539943956257,1.7923386591941675,0.0,252.0,244.0,244.0,244.0,52.0,52.0,1.0,1.0,1.0,8.0,52.0,2.0,0.0,0.0,1.0,1.0,1.0
1.3492539943956257,1.7923386591941675,0.7853981633974483,252.0,252.0,252.0,252.0,52.0,52.0,1.0,1.0,1.0,0.0,52.0,2.0,0.0,0.0,1.0,1.0,1.0
1.3492539943956257,1.7923386591941675,1.5707963267948966,252.0,252.0,252.0,252.0,48.0,48.0,1.0,1.0,1.0,0.0,48.0,2.0,0.0,0.0,1.0,1.0,1.0
1.3492539943956257,1.7923386591941675,2.356194490192345,252.0,252.0,252.0,252.0,52.0,52.0,1.0,1.0,1.0,0.0,52.0,2.0,0.0,0.0,1.0,1.0,1.0
1.3492539943956257,1.7923386591941675,3.141592653589793,252.0,244.0,244.0,244.0,52.0,52.0,1.0,1.0,1.0,8.0,52.0,2.0,0.0,0.0,1.0,1.0,1.0
1.3492539943956257,1.7923386591941675,3.9269908169872414,252.0,252.0,252.0,252.0,52.0,52.0,1.0,1.0,1.0,0.0,52.0,2.0,0.0,0.0,1.0,1.0,1.0
1.3492539943956257,1.7923386591941675,4.71238898038469,252.0,252.0,252.0,252.0,48.0,48.0,1.0,1.0,1.0,0.0,48.0,2.0,0.0,0.0,1.0,1.0,1.0
1.3492539943956257,1.7923386591941675,5.497787143782138,252.0,252.0,252.0,252.0,52.0,52.0,1.0,1.0,1.0,0.0,52.0,2.0,0.0,0.0,1.0,1.0,1.0
1.3492539943956257,2.2354233239927095,0.0,252.0,244.0,244.0,244.0,56.0,56.0,1.0,1.0,1.0,8.0,56.0,2.0,0.0,0.0,1.0,1.0,1.0
1.3492539943956257,2.2354233239927095,0.7853981633974483,252.0,252.0,252.0,252.0,48.0,48.0,1.0,1.0,1.0,0.0,48.0,2.0,0.0,0.0,1.0,1.0,1.0
1.3492539943956257,2.2354233239927095,1.5707963267948966,252.0,252.0,252.0,252.0,56.0,56.0,1.0,1.0,1.0,0.0,56.0,2.0,0.0,0.0,1.0,1.0,1.0
1.3492539943956257,2.2354233239927095,2.356194490192345,252.0,252.0,252.0,252.0,56.0,56.0,1.0,1.0,1.0,0.0,56.0,2.0,0.0,0.0,1.0,1.0,1.0
1.3492539943956257,2.2354233239927095,3.141592653589793,252.0,244.0,244.0,244.0,56.0,56.0,1.0,1.0,1.0,8.0,56.0,2.0,0.0,0.0,1.0,1.0,1.0
1.3492539943956257,2.2354233239927095,3.9269908169872414,252.0,252.0,252.0,252.0,48.0,48.0,1.0,1.0,1.0,0.0,48.0,2.0,0.0,0.0,1.0,1.0,1.0
1.3492539943956257,2.2354233239927095,4.71238898038469,252.0,252.0,252.0,252.0,56.0,56.0,1.0,1.0,1.0,0.0,56.0,2.0,0.0,0.0,1.0,1.0,1.0
1.3492539943956257,2.2354233239927095,5.497787143782138,252.0,252.0,252.0,252.0,56.0,56.0,1.0,1.0,1.0,0.0,56.0,2.0,0.0,0.0,1.0,1.0,1.0
1.3492539943956257,2.6785079887912513,0.0,252.0,244.0,244.0,244.0,52.0,52.0,1.0,1.0,1.0,8.0,52.0,2.0,0.0,0.0,1.0,1.0,1.0
1.3492539943956257,2.6785079887912513,0.7853981633974483,252.0,252.0,252.0,252.0,48.0,48.0,1.0,1.0,1.0,0.0,48.0,2.0,0.0,0.0,1.0,1.0,1.0
1.3492539943956257,2.6785079887912513,1.5707963267948966,252.0,252.0,252.0,252.0,52.0,52.0,1.0,1.0,1.0,0.0,52.0,2.0,0.0,0.0,1.0,1.0,1.0
1.3492539943956257,2.6785079887912513,2.356194490192345,252.0,252.0,252.0,252.0,52.0,52.0,1.0,1.0,1.0,0.0,52.0,2.0,0.0,0.0,1.0,1.0,1.0
1.3492539943956257,2.6785079887912513,3.141592653589793,252.0,244.0,244.0,244.0,52.0,52.0,1.0,1.0,1.0,8.0,52.0,2.0,0.0,0.0,1.0,1.0,1.0
1.3492539943956257,2.6785079887912513,3.9269908169872414,252.0,252.0,252.0,252.0,48.0,48.0,1.0,1.0,1.0,0.0,48.0,2.0,0.0,0.0,1.0,1.0,1.0
1.3492539943956257,2.6785079887912513,4.71238898038469,252.0,252.0,252.0,252.0,52.0,52.0,1.0,1.0,1.0,0.0,52.0,2.0,0.0,0.0,1.0,1.0,1.0
1.3492539943956257,2.6785079887912513,5.497787143782138,252.0,252.0,252.0,252.0,52.0,52.0,1.0,1.0,1.0,0.0,52.0,2.0,0.0,0.0,1.0,1.0,1.0
1.3492539943956257,3.121592653589793,0.0,252.0,244.0,244.0,244.0,48.0,48.0,1.0,1.0,1.0,8.0,48.0,2.0,0.0,0.0,1.0,1.0,1.0
1.3492539943956257,3.121592653589793,0.7853981633974483,252.0,252.0,252.0,252.0,48.0,48.0,1.0,1.0,1.0,0.0,48.0,2.0,0.0,0.0,1.0,1.0,1.0
1.3492539943956257,3.121592653589793,1.5707963267948966,252.0,252.0,252.0,252.0,48.0,48.0,1.0,1.0,1.0,0.0,48.0,2.0,0.0,0.0,1.0,1.0,1.0
1.3492539943956257,3.121592653589793,2.356194490192345,252.0,252.0,252.0,252.0,48.0,48.0,1.0,1.0,1.0,0.0,48.0,2.0,0.0,0.0,1.0,1.0,1.0
1.3492539943956257,3.121592653589793,3.141592653589793,252.0,244.0,244.0,244.0,48.0,48.0,1.0,1.0,1.0,8.0,48.0,2.0,0.0,0.0,1.0,1.0,1.0
1.3492539943956257,3.121592653589793,3.9269908169872414,252.0,252.0,252.0,252.0,48.0,48.0,1.0,1.0,1.0,0.0,48.0,2.0,0.0,0.0,1.0,1.0,1.0
1.3492539943956257,3.121592653589793,4.71238898038469,252.0,252.0,252.0,252.0,48.0,48.0,1.0,1.0,1.0,0.0,48.0,2.0,0.0,0.0,1.0,1.0,1.0
1.3492539943956257,3.121592653589793,5.497787143782138,252.0,252.0,252.0,252.0,48.0,48.0,1.0,1.0,1.0,0.0,48.0,2.0,0.0,0.0,1.0,1.0,1.0
1.7923386591941675,0.02,0.0,252.0,244.0,244.0,244.0,48.0,48.0,1.0,1.0,1.0,8.0,48.0,2.0,0.0,0.0,1.0,1.0,1.0
1.7923386591941675,0.02,0.7853981633974483,252.0,252.0,252.0,252.0,48.0,48.0,1.0,1.0,1.0,0.0,48.0,2.0,0.0,0.0,1.0,1.0,1.0
1.7923386591941675,0.02,1.5707963267948966,252.0,252.0,252.0,252.0,48.0,48.0,1.0,1.0,1.0,0.0,48.0,2.0,0.0,0.0,1.0,1.0,1.0
1.7923386591941675,0.02,2.356194490192345,252.0,252.0,252.0,252.0,48.0,48.0,1.0,1.0,1.0,0.0,48.0,2.0,0.0,0.0,1.0,1.0,1.0
1.7923386591941675,0.02,3.141592653589793,252.0,244.0,244.0,244.0,48.0,48.0,1.0,1.0,1.0,8.0,48.0,2.0,0.0,0.0,1.0,1.0,1.0
1.7923386591941675,0.02,3.9269908169872414,252.0,252.0,252.0,252.0,48.0,48.0,1.0,1.0,1.0,0.0,48.0,2.0,0.0,0.0,1.0,1.0,1.0
1.7923386591941675,0.02,4.71238898038469,252.0,252.0,252.0,252.0,48.0,48.0,1.0,1.0,1.0,0.0,48.0,2.0,0.0,0.0,1.0,1.0,1.0
1.7923386591941675,0.02,5.497787143782138,252.0,252.0,252.0,252.0,48.0,48.0,1.0,1.0,1.0,0.0,48.0,2.0,0.0,0.0,1.0,1.0,1.0
1.7923386591941675,0.4630846647985419,0.0,252.0,244.0,244.0,244.0,52.0,52.0,1.0,1.0,1.0,8.0,52.0,2.0,0.0,0.0,1.0,1.0,1.0
1.7923386591941675,0.4630846647985419,0.7853981633974483,252.0,252.0,252.0,252.0,52.0,52.0,1.0,1.0,1.0,0.0,52.0,2.0,0.0,0.0,1.0,1.0,1.0
1.7923386591941675,0.4630846647985419,1.5707963267948966,252.0,252.0,252.0,252.0,52.0,52.0,1.0,1.0,1.0,0.0,52.0,2.0,0.0,0.0,1.0,1.0,1.0
1.7923386591941675,0.4630846647985419,2.356194490192345,252.0,252.0,252.0,252.0,48.0,48.0,1.0,1.0,1.0,0.0,48.0,2.0,0.0,0.0,1.0,1.0,1.0
1.7923386591941675,0.4630846647985419,3.141592653589793,252.0,244.0,244.0,244.0,52.0,52.0,1.0,1.0,1.0,8.0,52.0,2.0,0.0,0.0,1.0,1.0,1.0
1.7923386591941675,0.4630846647985419,3.9269908169872414,252.0,252.0,252.0,252.0,52.0,52.0,1.0,1.0,1.0,0.0,52.0,2.0,0.0,0.0,1.0,1.0,1.0
1.7923386591941675,0.4630846647985419,4.71238898038469,252.0,252.0,252.0,252.0,52.0,52.0,1.0,1.0,1.0,0.0,52.0,2.0,0.0,0.0,1.0,1.0,1.0
1.7923386591941675,0.4630846647985419,5.497787143782138,252.0,252.0,252.0,252.0,48.0,48.0,1.0,1.0,1.0,0.0,48.0,2.0,0.0,0.0,1.0,1.0,1.0
1.7923386591941675,0.9061693295970837,0.0,252.0,244.0,244.0,244.0,56.0,56.0,1.0,1.0,1.0,8.0,56.0,2.0,0.0,0.0,1.0,1.0,1.0
1.7923386591941675,0.9061693295970837,0.7853981633974483,252.0,252.0,252.0,252.0,56.0,56.0,1.0,1.0,1.0,0.0,56.0,2.0,0.0,0.0,1.0,1.0,1.0
1.7923386591941675,0.9061693295970837,1.5707963267948966,252.0,252.0,252.0,252.0,56.0,56.0,1.0,1.0,1.0,0.0,56.0,2.0,0.0,0.0,1.0,1.0,1.0
1.7923386591941675,0.9061693295970837,2.356194490192345,252.0,252.0,252.0,252.0,48.0,48.0,1.0,1.0,1.0,0.0,48.0,2.0,0.0,0.0,1.0,1.0,1.0
1.7923386591941675,0.9061693295970837,3.141592653589793,252.0,244.0,244.0,244.0,56.0,56.0,1.0,1.0,1.0,8.0,56.0,2.0,0.0,0.0,1.0,1.0,1.0
1.7923386591941675,0.9061693295970837,3.9269908169872414,252.0,252.0,252.0,252.0,56.0,56.0,1.0,1.0,1.0,0.0,56.0,2.0,0.0,0.0,1.0,1.0,1.0
1.7923386591941675,0.9061693295970837,4.71238898038469,252.0,252.0,252.0,252.0,56.0,56.0,1.0,1.0,1.0,0.0,56.0,2.0,0.0,0.0,1.0,1.0,1.0
1.7923386591941675,0.9061693295970837,5.497787143782138,252.0,252.0,252.0,252.0,48.0,48.0,1.0,1.0,1.0,0.0,48.0,2.0,0.0,0.0,1.0,1.0,1.0
1.7923386591941675,1.3492539943956257,0.0,252.0,244.0,244.0,244.0,52.0,52.0,1.0,1.0,1.0,8.0,52.0,2.0,0.0,0.0,1.0,1.0,1.0
1.7923386591941675,1.3492539943956257,0.7853981633974483,252.0,252.0,252.0,252.0,52.0,52.0,1.0,1.0,1.0,0.0,52.0,2.0,0.0,0.0,1.0,1.0,1.0
1.7923386591941675,1.3492539943956257,1.5707963267948966,252.0,252.0,252.0,252.0,48.0,48.0,1.0,1.0,1.0,0.0,48.0,2.0,0.0,0.0,1.0,1.0,1.0
1.7923386591941675,1.3492539943956257,2.356194490192345,252.0,252.0,252.0,252.0,52.0,52.0,1.0,1.0,1.0,0.0,52.0,2.0,0.0,0.0,1.0,1.0,1.0
1.7923386591941675,1.3492539943956257,3.141592653589793,252.0,244.0,244.0,244.0,52.0,52.0,1.0,1.0,1.0,8.0,52.0,2.0,0.0,0.0,1.0,1.0,1.0
1.7923386591941675,1.3492539943956257,3.9269908169872414,252.0,252.0,252.0,252.0,52.0,52.0,1.0,1.0,1.0,0.0,52.0,2.0,0.0,0.0,1.0,1.0,1.0
1.7923386591941675,1.3492539943956257,4.71238898038469,252.0,252.0,252.0,252.0,48.0,48.0,1.0,1.0,1.0,0.0,48.0,2.0,0.0,0.0,1.0,1.0,1.0
1.7923386591941675,1.3492539943956257,5.497787143782138,252.0,252.0,252.0,252.0,52.0,52.0,1.0,1.0,1.0,0.0,52.0,2.0,0.0,0.0,1.0,1.0,1.0
1.7923386591941675,1.7923386591941675,0.0,252.0,244.0,244.0,244.0,52.0,52.0,1.0,1.0,1.0,8.0,52.0,2.0,0.0,0.0,1.0,1.0,1.0
1.7923386591941675,1.7923386591941675,0.7853981633974483,252.0,252.0,252.0,252.0,52.0,52.0,1.0,1.0,1.0,0.0,52.0,2.0,0.0,0.0,1.0,1.0,1.0
1.7923386591941675,1.7923386591941675,1.5707963267948966,252.0,252.0,252.0,252.0,48.0,48.0,1.0,1.0,1.0,0.0,48.0,2.0,0.0,0.0,1.0,1.0,1.0
1.7923386591941675,1.7923386591941675,2.356194490192345,252.0,252.0,252.0,252.0,52.0,52.0,1.0,1.0,1.0,0.0,52.0,2.0,0.0,0.0,1.0,1.0,1.0
1.7923386591941675,1.7923386591941675,3.141592653589793,252.0,244.0,244.0,244.0,52.0,52.0,1.0,1.0,1.0,8.0,52.0,2.0,0.0,0.0,1.0,1.0,1.0
1.7923386591941675,1.7923386591941675,3.9269908169872414,252.0,252.0,252.0,252.0,52.0,52.0,1.0,1.0,1.0,0.0,52.0,2.0,0.0,0.0,1.0,1.0,1.0
1.7923386591941675,1.7923386591941675,4.71238898038469,252.0,252.0,252.0,252.0,48.0,48.0,1.0,1.0,1.0,0.0,48.0,2.0,0.0,0.0,1.0,1.0,1.0
1.7923386591941675,1.7923386591941675,5.497787143782138,252.0,252.0,252.0,252.0,52.0,52.0,1.0,1.0,1.0,0.0,52.0,2.0,0.0,0.0,1.0,1.0,1.0
1.7923386591941675,2.2354233239927095,0.0,252.0,244.0,244.0,244.0,56.0,56.0,1.0,1.0,1.0,8.0,56.0,2.0,0.0,0.0,1.0,1.0,1.0
1.7923386591941675,2.2354233239927095,0.7853981633974483,252.0,252.0,252.0,252.0,48.0,48.0,1.0,1.0,1.0,0.0,48.0,2.0,0.0,0.0,1.0,1.0,1.0
1.7923386591941675,2.2354233239927095,1.5707963267948966,252.0,252.0,252.0,252.0,56.0,56.0,1.0,1.0,1.0,0.0,56.0,2.0,0.0,0.0,1.0,1.0,1.0
1.7923386591941675,2.2354233239927095,2.356194490192345,252.0,252.0,252.0,252.0,56.0,56.0,1.0,1.0,1.0,0.0,56.0,2.0,0.0,0.0,1.0,1.0,1.0
1.7923386591941675,2.2354233239927095,3.141592653589793,252.0,244.0,244.0,244.0,56.0,56.0,1.0,1.0,1.0,8.0,56.0,2.0,0.0,0.0,1.0,1.0,1.0
1.7923386591941675,2.2354233239927095,3.9269908169872414,252.0,252.0,252.0,252.0,48.0,48.0,1.0,1.0,1.0,0.0,48.0,2.0,0.0,0.0,1.0,1.0,1.0
1.7923386591941675,2.2354233239927095,4.71238898038469,252.0,252.0,252.0,252.0,56.0,56.0,1.0,1.0,1.0,0.0,56.0,2.0,0.0,0.0,1.0,1.0,1.0
1.7923386591941675,2.2354233239927095,5.497787143782138,252.0,252.0,252.0,252.0,56.0,56.0,1.0,1.0,1.0,0.0,56.0,2.0,0.0,0.0,1.0,1.0,1.0
1.7923386591941675,2.6785079887912513,0.0,252.0,244.0,244.0,244.0,52.0,52.0,1.0,1.0,1.0,8.0,52.0,2.0,0.0,0.0,1.0,1.0,1.0
1.7923386591941675,2.6785079887912513,0.7853981633974483,252.0,252.0,252.0,252.0,48.0,48.0,1.0,1.0,1.0,0.0,48.0,2.0,0.0,0.0,1.0,1.0,1.0
1.7923386591941675,2.6785079887912513,1.5707963267948966,252.0,252.0,252.0,252.0,52.0,52.0,1.0,1.0,1.0,0.0,52.0,2.0,0.0,0.0,1.0,1.0,1.0
1.7923386591941675,2.6785079887912513,2.356194490192345,252.0,252.0,252.0,252.0,52.0,52.0,1.0,1.0,1.0,0.0,52.0,2.0,0.0,0.0,1.0,1.0,1.0
1.7923386591941675,2.6785079887912513,3.141592653589793,252.0,244.0,244.0,244.0,52.0,52.0,1.0,1.0,1.0,8.0,52.0,2.0,0.0,0.0,1.0,1.0,1.0
1.7923386591941675,2.6785079887912513,3.9269908169872414,252.0,252.0,252.0,252.0,48.0,48.0,1.0,1.0,1.0,0.0,48.0,2.0,0.0,0.0,1.0,1.0,1.0
1.7923386591941675,2.6785079887912513,4.71238898038469,252.0,252.0,252.0,252.0,52.0,52.0,1.0,1.0,1.0,0.0,52.0,2.0,0.0,0.0,1.0,1.0,1.0
1.7923386591941675,2.6785079887912513,5.497787143782138,252.0,252.0,252.0,252.0,52.0,52.0,1.0,1.0,1.0,0.0,52.0,2.0,0.0,0.0,1.0,1.0,1.0
1.7923386591941675,3.121592653589793,0.0,252.0,244.0,244.0,244.0,48.0,48.0,1.0,1.0,1.0,8.0,48.0,2.0,0.0,0.0,1.0,1.0,1.0
1.7923386591941675,3.121592653589793,0.7853981633974483,252.0,252.0,252.0,252.0,48.0,48.0,1.0,1.0,1.0,0.0,48.0,2.0,0.0,0.0,1.0,1.0,1.0
1.7923386591941675,3.121592653589793,1.5707963267948966,252.0,252.0,252.0,252.0,48.0,48.0,1.0,1.0,1.0,0.0,48.0,2.0,0.0,0.0,1.0,1.0,1.0
1.7923386591941675,3.121592653589793,2.356194490192345,252.0,252.0,252.0,252.0,48.0,48.0,1.0,1.0,1.0,0.0,48.0,2.0,0.0,0.0,1.0,1.0,1.0
1.7923386591941675,3.121592653589793,3.141592653589793,252.0,244.0,244.0,244.0,48.0,48.0,1.0,1.0,1.0,8.0,48.0,2.0,0.0,0.0,1.0,1.0,1.0
1.7923386591941675,3.121592653589793,3.9269908169872414,252.0,252.0,252.0,252.0,48.0,48.0,1.0,1.0,1.0,0.0,48.0,2.0,0.0,0.0,1.0,1.0,1.0
1.7923386591941675,3.121592653589793,4.71238898038469,252.0,252.0,252.0,252.0,48.0,48.0,1.0,1.0,1.0,0.0,48.0,2.0,0.0,0.0,1.0,1.0,1.0
1.7923386591941675,3.121592653589793,5.497787143782138,252.0,252.0,252.0,252.0,48.0,48.0,1.0,1.0,1.0,0.0,48.0,2.0,0.0,0.0,1.0,1.0,1.0
2.2354233239927095,0.02,0.0,252.0,244.0,244.0,244.0,56.0,56.0,1.0,1.0,1.0,8.0,56.0,2.0,0.0,0.0,1.0,1.0,1.0
2.2354233239927095,0.02,0.7853981633974483,252.0,252.0,252.0,252.0,56.0,56.0,1.0,1.0,1.0,0.0,56.0,2.0,0.0,0.0,1.0,1.0,1.0
2.2354233239927095,0.02,1.5707963267948966,252.0,252.0,252.0,252.0,56.0,56.0,1.0,1.0,1.0,0.0,56.0,2.0,0.0,0.0,1.0,1.0,1.0
2.2354233239927095,0.02,2.356194490192345,252.0,252.0,252.0,252.0,56.0,56.0,1.0,1.0,1.0,0.0,56.0,2.0,0.0,0.0,1.0,1.0,1.0
2.2354233239927095,0.02,3.141592653589793,252.0,244.0,244.0,244.0,56.0,56.0,1.0,1.0,1.0,8.0,56.0,2.0,0.0,0.0,1.0,1.0,1.0
2.2354233239927095,0.02,3.9269908169872414,252.0,252.0,252.0,252.0,56.0,56.0,1.0,1.0,1.0,0.0,56.0,2.0,0.0,0.0,1.0,1.0,1.0
2.2354233239927095,0.02,4.71238898038469,252.0,252.0,252.0,252.0,56.0,56.0,1.0,1.0,1.0,0.0,56.0,2.0,0.0,0.0,1.0,1.0,1.0
2.2354233239927095,0.02,5.497787143782138,252.0,252.0,252.0,252.0,56.0,56.0,1.0,1.0,1.0,0.0,56.0,2.0,0.0,0.0,1.0,1.0,1.0
2.2354233239927095,0.4630846647985419,0.0,252.0,244.0,244.0,244.0,56.0,56.0,1.0,1.0,1.0,8.0,56.0,2.0,0.0,0.0,1.0,1.0,1.0
2.2354233239927095,0.4630846647985419,0.7853981633974483,252.0,252.0,252.0,252.0,56.0,56.0,1.0,1.0,1.0,0.0,56.0,2.0,0.0,0.0,1.0,1.0,1.0
2.2354233239927095,0.4630846647985419,1.5707963267948966,252.0,252.0,252.0,252.0,56.0,56.0,1.0,1.0,1.0,0.0,56.0,2.0,0.0,0.0,1.0,1.0,1.0
2.2354233239927095,0.4630846647985419,2.356194490192345,252.0,252.0,252.0,252.0,56.0,56.0,1.0,1.0,1.0,0.0,56.0,2.0,0.0,0.0,1.0,1.0,1.0
2.2354233239927095,0.4630846647985419,3.141592653589793,252.0,244.0,244.0,244.0,56.0,56.0,1.0,1.0,1.0,8.0,56.0,2.0,0.0,0.0,1.0,1.0,1.0
2.2354233239927095,0.4630846647985419,3.9269908169872414,252.0,252.0,252.0,252.0,56.0,56.0,1.0,1.0,1.0,0.0,56.0,2.0,0.0,0.0,1.0,1.0,1.0
2.2354233239927095,0.4630846647985419,4.71238898038469,252.0,252.0,252.0,252.0,56.0,56.0,1.0,1.0,1.0,0.0,56.0,2.0,0.0,0.0,1.0,1.0,1.0
2.2354233239927095,0.4630846647985419,5.497787143782138,252.0,252.0,252.0,252.0,56.0,56.0,1.0,1.0,1.0,0.0,56.0,2.0,0.0,0.0,1.0,1.0,1.0
2.2354233239927095,0.9061693295970837,0.0,252.0,244.0,244.0,244.0,72.0,72.0,1.0,1.0,1.0,8.0,72.0,2.0,0.0,0.0,1.0,1.0,1.0
2.2354233239927095,0.9061693295970837,0.7853981633974483,252.0,252.0,252.0,252.0,56.0,56.0,1.0,1.0,1.0,0.0,56.0,2.0,0.0,0.0,1.0,1.0,1.0
2.2354233239927095,0.9061693295970837,1.5707963267948966,252.0,252.0,252.0,252.0,56.0,56.0,1.0,1.0,1.0,0.0,56.0,2.0,0.0,0.0,1.0,1.0,1.0
2.2354233239927095,0.9061693295970837,2.356194490192345,252.0,252.0,252.0,252.0,56.0,56.0,1.0,1.0,1.0,0.0,56.0,2.0,0.0,0.0,1.0,1.0,1.0
2.2354233239927095,0.9061693295970837,3.141592653589793,252.0,244.0,244.0,244.0,72.0,72.0,1.0,1.0,1.0,8.0,72.0,2.0,0.0,0.0,1.0,1.0,1.0
2.2354233239927095,0.9061693295970837,3.9269908169872414,252.0,252.0,252.0,252.0,56.0,56.0,1.0,1.0,1.0,0.0,56.0,2.0,0.0,0.0,1.0,1.0,1.0
2.2354233239927095,0.9061693295970837,4.71238898038469,252.0,252.0,252.0,252.0,56.0,56.0,1.0,1.0,1.0,0.0,56.0,2.0,0.0,0.0,1.0,1.0,1.0
2.2354233239927095,0.9061693295970837,5.497787143782138,252.0,252.0,252.0,252.0,56.0,56.0,1.0,1.0,1.0,0.0,56.0,2.0,0.0,0.0,1.0,1.0,1.0
2.2354233239927095,1.3492539943956257,0.0,252.0,244.0,244.0,244.0,52.0,52.0,1.0,1.0,1.0,8.0,52.0,2.0,0.0,0.0,1.0,1.0,1.0
2.2354233239927095,1.3492539943956257,0.7853981633974483,252.0,252.0,252.0,252.0,56.0,56.0,1.0,1.0,1.0,0.0,56.0,2.0,0.0,0.0,1.0,1.0,1.0
2.2354233239927095,1.3492539943956257,1.5707963267948966,252.0,252.0,252.0,252.0,52.0,52.0,1.0,1.0,1.0,0.0,52.0,2.0,0.0,0.0,1.0,1.0,1.0
2.2354233239927095,1.3492539943956257,2.356194490192345,252.0,252.0,252.0,252.0,56.0,56.0,1.0,1.0,1.0,0.0,56.0,2.0,0.0,0.0,1.0,1.0,1.0
2.2354233239927095,1.3492539943956257,3.141592653589793,252.0,244.0,244.0,244.0,52.0,52.0,1.0,1.0,1.0,8.0,52.0,2.0,0.0,0.0,1.0,1.0,1.0
2.2354233239927095,1.3492539943956257,3.9269908169872414,252.0,252.0,252.0,252.0,56.0,56.0,1.0,1.0,1.0,0.0,56.0,2.0,0.0,0.0,1.0,1.0,1.0
2.2354233239927095,1.3492539943956257,4.71238898038469,252.0,252.0,252.0,252.0,52.0,52.0,1.0,1.0,1.0,0.0,52.0,2.0,0.0,0.0,1.0,1.0,1.0
2.2354233239927095,1.3492539943956257,5.497787143782138,252.0,252.0,252.0,252.0,56.0,56.0,1.0,1.0,1.0,0.0,56.0,2.0,0.0,0.0,1.0,1.0,1.0
2.2354233239927095,1.7923386591941675,0.0,252.0,244.0,244.0,244.0,52.0,52.0,1.0,1.0,1.0,8.0,52.0,2.0,0.0,0.0,1.0,1.0,1.0
2.2354233239927095,1.7923386591941675,0.7853981633974483,252.0,252.0,252.0,252.0,56.0,56.0,1.0,1.0,1.0,0.0,56.0,2.0,0.0,0.0,1.0,1.0,1.0
2.2354233239927095,1.7923386591941675,1.5707963267948966,252.0,252.0,252.0,252.0,52.0,52.0,1.0,1.0,1.0,0.0,52.0,2.0,0.0,0.0,1.0,1.0,1.0
2.2354233239927095,1.7923386591941675,2.356194490192345,252.0,252.0,252.0,252.0,56.0,56.0,1.0,1.0,1.0,0.0,56.0,2.0,0.0,0.0,1.0,1.0,1.0
2.2354233239927095,1.7923386591941675,3.141592653589793,252.0,244.0,244.0,244.0,52.0,52.0,1.0,1.0,1.0,8.0,52.0,2.0,0.0,0.0,1.0,1.0,1.0
2.2354233239927095,1.7923386591941675,3.9269908169872414,252.0,252.0,252.0,252.0,56.0,56.0,1.0,1.0,1.0,0.0,56.0,2.0,0.0,0.0,1.0,1.0,1.0
2.2354233239927095,1.7923386591941675,4.71238898038469,252.0,252.0,252.0,252.0,52.0,52.0,1.0,1.0,1.0,0.0,52.0,2.0,0.0,0.0,1.0,1.0,1.0
2.2354233239927095,1.7923386591941675,5.497787143782138,252.0,252.0,252.0,252.0,56.0,56.0,1.0,1.0,1.0,0.0,56.0,2.0,0.0,0.0,1.0,1.0,1.0
2.2354233239927095,2.2354233239927095,0.0,252.0,244.0,244.0,244.0,72.0,72.0,1.0,1.0,1.0,8.0,72.0,2.0,0.0,0.0,1.0,1.0,1.0
2.2354233239927095,2.2354233239927095,0.7853981633974483,252.0,252.0,252.0,252.0,56.0,56.0,1.0,1.0,1.0,0.0,56.0,2.0,0.0,0.0,1.0,1.0,1.0
2.2354233239927095,2.2354233239927095,1.5707963267948966,252.0,252.0,252.0,252.0,56.0,56.0,1.0,1.0,1.0,0.0,56.0,2.0,0.0,0.0,1.0,1.0,1.0
2.2354233239927095,2.2354233239927095,2.356194490192345,252.0,252.0,252.0,252.0,56.0,56.0,1.0,1.0,1.0,0.0,56.0,2.0,0.0,0.0,1.0,1.0,1.0
2.2354233239927095,2.2354233239927095,3.141592653589793,252.0,244.0,244.0,244.0,72.0,72.0,1.0,1.0,1.0,8.0,72.0,2.0,0.0,0.0,1.0,1.0,1.0
2.2354233239927095,2.2354233239927095,3.9269908169872414,252.0,252.0,252.0,252.0,56.0,56.0,1.0,1.0,1.0,0.0,56.0,2.0,0.0,0.0,1.0,1.0,1.0
2.2354233239927095,2.2354233239927095,4.71238898038469,252.0,252.0,252.0,252.0,56.0,56.0,1.0,1.0,1.0,0.0,56.0,2.0,0.0,0.0,1.0,1.0,1.0
2.2354233239927095,2.2354233239927095,5.497787143782138,252.0,252.0,252.0,252.0,56.0,56.0,1.0,1.0,1.0,0.0,56.0,2.0,0.0,0.0,1.0,1.0,1.0
2.2354233239927095,2.6785079887912513,0.0,252.0,244.0,244.0,244.0,56.0,56.0,1.0,1.0,1.0,8.0,56.0,2.0,0.0,0.0,1.0,1.0,1.0
2.2354233239927095,2.6785079887912513,0.7853981633974483,252.0,252.0,252.0,252.0,56.0,56.0,1.0,1.0,1.0,0.0,56.0,2.0,0.0,0.0,1.0,1.0,1.0
2.2354233239927095,2.6785079887912513,1.5707963267948966,252.0,252.0,252.0,252.0,56.0,56.0,1.0,1.0,1.0,0.0,56.0,2.0,0.0,0.0,1.0,1.0,1.0
2.2354233239927095,2.6785079887912513,2.356194490192345,252.0,252.0,252.0,252.0,56.0,56.0,1.0,1.0,1.0,0.0,56.0,2.0,0.0,0.0,1.0,1.0,1.0
2.2354233239927095,2.6785079887912513,3.141592653589793,252.0,244.0,244.0,244.0,56.0,56.0,1.0,1.0,1.0,8.0,56.0,2.0,0.0,0.0,1.0,1.0,1.0
2.2354233239927095,2.6785079887912513,3.9269908169872414,252.0,252.0,252.0,252.0,56.0,56.0,1.0,1.0,1.0,0.0,56.0,2.0,0.0,0.0,1.0,1.0,1.0
2.2354233239927095,2.6785079887912513,4.71238898038469,252.0,252.0,252.0,252.0,56.0,56.0,1.0,1.0,1.0,0.0,56.0,2.0,0.0,0.0,1.0,1.0,1.0
2.2354233239927095,2.6785079887912513,5.497787143782138,252.0,252.0,252.0,252.0,56.0,56.0,1.0,1.0,1.0,0.0,56.0,2.0,0.0,0.0,1.0,1.0,1.0
2.2354233239927095,3.121592653589793,0.0,252.0,244.0,244.0,244.0,56.0,56.0,1.0,1.0,1.0,8.0,56.0,2.0,0.0,0.0,1.0,1.0,1.0
2.2354233239927095,3.121592653589793,0.7853981633974483,252.0,252.0,252.0,252.0,56.0,56.0,1.0,1.0,1.0,0.0,56.0,2.0,0.0,0.0,1.0,1.0,1.0
2.2354233239927095,3.121592653589793,1.5707963267948966,252.0,252.0,252.0,252.0,56.0,56.0,1.0,1.0,1.0,0.0,56.0,2.0,0.0,0.0,1.0,1.0,1.0
2.2354233239927095,3.121592653589793,2.356194490192345,252.0,252.0,252.0,252.0,56.0,56.0,1.0,1.0,1.0,0.0,56.0,2.0,0.0,0.0,1.0,1.0,1.0
2.2354233239927095,3.121592653589793,3.141592653589793,252.0,244.0,244.0,244.0,56.0,56.0,1.0,1.0,1.0,8.0,56.0,2.0,0.0,0.0,1.0,1.0,1.0
2.2354233239927095,3.121592653589793,3.9269908169872414,252.0,252.0,252.0,252.0,56.0,56.0,1.0,1.0,1.0,0.0,56.0,2.0,0.0,0.0,1.0,1.0,1.0
2.2354233239927095,3.121592653589793,4.71238898038469,252.0,252.0,252.0,252.0,56.0,56.0,1.0,1.0,1.0,0.0,56.0,2.0,0.0,0.0,1.0,1.0,1.0
2.2354233239927095,3.121592653589793,5.497787143782138,252.0,252.0,252.0,252.0,56.0,56.0,1.0,1.0,1.0,0.0,56.0,2.0,0.0,0.0,1.0,1.0,1.0
2.6785079887912513,0.02,0.0,252.0,244.0,244.0,244.0,56.0,56.0,1.0,1.0,1.0,8.0,56.0,2.0,0.0,0.0,1.0,1.0,1.0
2.6785079887912513,0.02,0.7853981633974483,252.0,252.0,252.0,252.0,52.0,52.0,1.0,1.0,1.0,0.0,52.0,2.0,0.0,0.0,1.0,1.0,1.0
2.6785079887912513,0.02,1.5707963267948966,252.0,252.0,252.0,252.0,56.0,56.0,1.0,1.0,1.0,0.0,56.0,2.0,0.0,0.0,1.0,1.0,1.0
2.6785079887912513,0.02,2.356194490192345,252.0,252.0,252.0,252.0,52.0,52.0,1.0,1.0,1.0,0.0,52.0,2.0,0.0,0.0,1.0,1.0,1.0
2.6785079887912513,0.02,3.141592653589793,252.0,244.0,244.0,244.0,56.0,56.0,1.0,1.0,1.0,8.0,56.0,2.0,0.0,0.0,1.0,1.0,1.0
2.6785079887912513,0.02,3.9269908169872414,252.0,252.0,252.0,252.0,52.0,52.0,1.0,1.0,1.0,0.0,52.0,2.0,0.0,0.0,1.0,1.0,1.0
2.6785079887912513,0.02,4.71238898038469,252.0,252.0,252.0,252.0,56.0,56.0,1.0,1.0,1.0,0.0,56.0,2.0,0.0,0.0,1.0,1.0,1.0
2.6785079887912513,0.02,5.497787143782138,252.0,252.0,252.0,252.0,52.0,52.0,1.0,1.0,1.0,0.0,52.0,2.0,0.0,0.0,1.0,1.0,1.0
2.6785079887912513,0.4630846647985419,0.0,252.0,244.0,244.0,244.0,56.0,56.0,1.0,1.0,1.0,8.0,56.0,2.0,0.0,0.0,1.0,1.0,1.0
2.6785079887912513,0.4630846647985419,0.7853981633974483,252.0,252.0,252.0,252.0,52.0,52.0,1.0,1.0,1.0,0.0,52.0,2.0,0.0,0.0,1.0,1.0,1.0
2.6785079887912513,0.4630846647985419,1.5707963267948966,252.0,252.0,252.0,252.0,52.0,52.0,1.0,1.0,1.0,0.0,52.0,2.0,0.0,0.0,1.0,1.0,1.0
2.6785079887912513,0.4630846647985419,2.356194490192345,252.0,252.0,252.0,252.0,48.0,48.0,1.0,1.0,1.0,0.0,48.0,2.0,0.0,0.0,1.0,1.0,1.0
2.6785079887912513,0.4630846647985419,3.141592653589793,252.0,244.0,244.0,244.0,56.0,56.0,1.0,1.0,1.0,8.0,56.0,2.0,0.0,0.0,1.0,1.0,1.0
2.6785079887912513,0.4630846647985419,3.9269908169872414,252.0,252.0,252.0,252.0,52.0,52.0,1.0,1.0,1.0,0.0,52.0,2.0,0.0,0.0,1.0,1.0,1.0
2.6785079887912513,0.4630846647985419,4.71238898038469,252.0,252.0,252.0,252.0,52.0,52.0,1.0,1.0,1.0,0.0,52.0,2.0,0.0,0.0,1.0,1.0,1.0
2.6785079887912513,0.4630846647985419,5.497787143782138,252.0,252.0,252.0,252.0,48.0,48.0,1.0,1.0,1.0,0.0,48.0,2.0,0.0,0.0,1.0,1.0,1.0
2.6785079887912513,0.9061693295970837,0.0,252.0,244.0,244.0,244.0,52.0,52.0,1.0,1.0,1.0,8.0,52.0,2.0,0.0,0.0,1.0,1.0,1.0
2.6785079887912513,0.9061693295970837,0.7853981633974483,252.0,252.0,252.0,252.0,48.0,48.0,1.0,1.0,1.0,0.0,48.0,2.0,0.0,0.0,1.0,1.0,1.0
2.6785079887912513,0.9061693295970837,1.5707963267948966,252.0,252.0,252.0,252.0,52.0,52.0,1.0,1.0,1.0,0.0,52.0,2.0,0.0,0.0,1.0,1.0,1.0
2.6785079887912513,0.9061693295970837,2.356194490192345,252.0,252.0,252.0,252.0,52.0,52.0,1.0,1.0,1.0,0.0,52.0,2.0,0.0,0.0,1.0,1.0,1.0
2.6785079887912513,0.9061693295970837,3.141592653589793,252.0,244.0,244.0,244.0,52.0,52.0,1.0,1.0,1.0,8.0,52.0,2.0,0.0,0.0,1.0,1.0,1.0
2.6785079887912513,0.9061693295970837,3.9269908169872414,252.0,252.0,252.0,252.0,48.0,48.0,1.0,1.0,1.0,0.0,48.0,2.0,0.0,0.0,1.0,1.0,1.0
2.6785079887912513,0.9061693295970837,4.71238898038469,252.0,252.0,252.0,252.0,52.0,52.0,1.0,1.0,1.0,0.0,52.0,2.0,0.0,0.0,1.0,1.0,1.0
2.6785079887912513,0.9061693295970837,5.497787143782138,252.0,252.0,252.0,252.0,52.0,52.0,1.0,1.0,1.0,0.0,52.0,2.0,0.0,0.0,1.0,1.0,1.0
2.6785079887912513,1.3492539943956257,0.0,252.0,244.0,244.0,244.0,48.0,48.0,1.0,1.0,1.0,8.0,48.0,2.0,0.0,0.0,1.0,1.0,1.0
2.6785079887912513,1.3492539943956257,0.7853981633974483,252.0,252.0,252.0,252.0,52.0,52.0,1.0,1.0,1.0,0.0,52.0,2.0,0.0,0.0,1.0,1.0,1.0
2.6785079887912513,1.3492539943956257,1.5707963267948966,252.0,252.0,252.0,252.0,56.0,56.0,1.0,1.0,1.0,0.0,56.0,2.0,0.0,0.0,1.0,1.0,1.0
2.6785079887912513,1.3492539943956257,2.356194490192345,252.0,252.0,252.0,252.0,56.0,56.0,1.0,1.0,1.0,0.0,56.0,2.0,0.0,0.0,1.0,1.0,1.0
2.6785079887912513,1.3492539943956257,3.141592653589793,252.0,244.0,244.0,244.0,48.0,48.0,1.0,1.0,1.0,8.0,48.0,2.0,0.0,0.0,1.0,1.0,1.0
2.6785079887912513,1.3492539943956257,3.9269908169872414,252.0,252.0,252.0,252.0,52.0,52.0,1.0,1.0,1.0,0.0,52.0,2.0,0.0,0.0,1.0,1.0,1.0
2.6785079887912513,1.3492539943956257,4.71238898038469,252.0,252.0,252.0,252.0,56.0,56.0,1.0,1.0,1.0,0.0,56.0,2.0,0.0,0.0,1.0,1.0,1.0
2.6785079887912513,1.3492539943956257,5.497787143782138,252.0,252.0,252.0,252.0,56.0,56.0,1.0,1.0,1.0,0.0,56.0,2.0,0.0,0.0,1.0,1.0,1.0
2.6785079887912513,1.7923386591941675,0.0,252.0,244.0,244.0,244.0,48.0,48.0,1.0,1.0,1.0,8.0,48.0,2.0,0.0,0.0,1.0,1.0,1.0
2.6785079887912513,1.7923386591941675,0.7853981633974483,252.0,252.0,252.0,252.0,56.0,56.0,1.0,1.0,1.0,0.0,56.0,2.0,0.0,0.0,1.0,1.0,1.0
2.6785079887912513,1.7923386591941675,1.5707963267948966,252.0,252.0,252.0,252.0,56.0,56.0,1.0,1.0,1.0,0.0,56.0,2.0,0.0,0.0,1.0,1.0,1.0
2.6785079887912513,1.7923386591941675,2.356194490192345,252.0,252.0,252.0,252.0,52.0,52.0,1.0,1.0,1.0,0.0,52.0,2.0,0.0,0.0,1.0,1.0,1.0
2.6785079887912513,1.7923386591941675,3.141592653589793,252.0,244.0,244.0,244.0,48.0,48.0,1.0,1.0,1.0,8.0,48.0,2.0,0.0,0.0,1.0,1.0,1.0
2.6785079887912513,1.7923386591941675,3.9269908169872414,252.0,252.0,252.0,252.0,56.0,56.0,1.0,1.0,1.0,0.0,56.0,2.0,0.0,0.0,1.0,1.0,1.0
2.6785079887912513,1.7923386591941675,4.71238898038469,252.0,252.0,252.0,252.0,56.0,56.0,1.0,1.0,1.0,0.0,56.0,2.0,0.0,0.0,1.0,1.0,1.0
2.6785079887912513,1.7923386591941675,5.497787143782138,252.0,252.0,252.0,252.0,52.0,52.0,1.0,1.0,1.0,0.0,52.0,2.0,0.0,0.0,1.0,1.0,1.0
2.6785079887912513,2.2354233239927095,0.0,252.0,244.0,244.0,244.0,52.0,52.0,1.0,1.0,1.0,8.0,52.0,2.0,0.0,0.0,1.0,1.0,1.0
2.6785079887912513,2.2354233239927095,0.7853981633974483,252.0,252.0,252.0,252.0,52.0,52.0,1.0,1.0,1.0,0.0,52.0,2.0,0.0,0.0,1.0,1.0,1.0
2.6785079887912513,2.2354233239927095,1.5707963267948966,252.0,252.0,252.0,252.0,52.0,52.0,1.0,1.0,1.0,0.0,52.0,2.0,0.0,0.0,1.0,1.0,1.0
2.6785079887912513,2.2354233239927095,2.356194490192345,252.0,252.0,252.0,252.0,48.0,48.0,1.0,1.0,1.0,0.0,48.0,2.0,0.0,0.0,1.0,1.0,1.0
2.6785079887912513,2.2354233239927095,3.141592653589793,252.0,244.0,244.0,244.0,52.0,52.0,1.0,1.0,1.0,8.0,52.0,2.0,0.0,0.0,1.0,1.0,1.0
2.6785079887912513,2.2354233239927095,3.9269908169872414,252.0,252.0,252.0,252.0,52.0,52.0,1.0,1.0,1.0,0.0,52.0,2.0,0.0,0.0,1.0,1.0,1.0
2.6785079887912513,2.2354233239927095,4.71238898038469,252.0,252.0,252.0,252.0,52.0,52.0,1.0,1.0,1.0,0.0,52.0,2.0,0.0,0.0,1.0,1.0,1.0
2.6785079887912513,2.2354233239927095,5.497787143782138,252.0,252.0,252.0,252.0,48.0,48.0,1.0,1.0,1.0,0.0,48.0,2.0,0.0,0.0,1.0,1.0,1.0
2.6785079887912513,2.6785079887912513,0.0,252.0,244.0,244.0,244.0,56.0,56.0,1.0,1.0,1.0,8.0,56.0,2.0,0.0,0.0,1.0,1.0,1.0
2.6785079887912513,2.6785079887912513,0.7853981633974483,252.0,252.0,252.0,252.0,48.0,48.0,1.0,1.0,1.0,0.0,48.0,2.0,0.0,0.0,1.0,1.0,1.0
2.6785079887912513,2.6785079887912513,1.5707963267948966,252.0,252.0,252.0,252.0,52.0,52.0,1.0,1.0,1.0,0.0,52.0,2.0,0.0,0.0,1.0,1.0,1.0
2.6785079887912513,2.6785079887912513,2.356194490192345,252.0,252.0,252.0,252.0,52.0,52.0,1.0,1.0,1.0,0.0,52.0,2.0,0.0,0.0,1.0,1.0,1.0
2.6785079887912513,2.6785079887912513,3.141592653589793,252.0,244.0,244.0,244.0,56.0,56.0,1.0,1.0,1.0,8.0,56.0,2.0,0.0,0.0,1.0,1.0,1.0
2.6785079887912513,2.6785079887912513,3.9269908169872414,252.0,252.0,252.0,252.0,48.0,48.0,1.0,1.0,1.0,0.0,48.0,2.0,0.0,0.0,1.0,1.0,1.0
2.6785079887912513,2.6785079887912513,4.71238898038469,252.0,252.0,252.0,252.0,52.0,52.0,1.0,1.0,1.0,0.0,52.0,2.0,0.0,0.0,1.0,1.0,1.0
2.6785079887912513,2.6785079887912513,5.497787143782138,252.0,252.0,252.0,252.0,52.0,52.0,1.0,1.0,1.0,0.0,52.0,2.0,0.0,0.0,1.0,1.0,1.0
2.6785079887912513,3.121592653589793,0.0,252.0,244.0,244.0,244.0,56.0,56.0,1.0,1.0,1.0,8.0,56.0,2.0,0.0,0.0,1.0,1.0,1.0
2.6785079887912513,3.121592653589793,0.7853981633974483,252.0,252.0,252.0,252.0,52.0,52.0,1.0,1.0,1.0,0.0,52.0,2.0,0.0,0.0,1.0,1.0,1.0
2.6785079887912513,3.121592653589793,1.5707963267948966,252.0,252.0,252.0,252.0,56.0,56.0,1.0,1.0,1.0,0.0,56.0,2.0,0.0,0.0,1.0,1.0,1.0
2.6785079887912513,3.121592653589793,2.356194490192345,252.0,252.0,252.0,252.0,52.0,52.0,1.0,1.0,1.0,0.0,52.0,2.0,0.0,0.0,1.0,1.0,1.0
2.6785079887912513,3.121592653589793,3.141592653589793,252.0,244.0,244.0,244.0,56.0,56.0,1.0,1.0,1.0,8.0,56.0,2.0,0.0,0.0,1.0,1.0,1.0
2.6785079887912513,3.121592653589793,3.9269908169872414,252.0,252.0,252.0,252.0,52.0,52.0,1.0,1.0,1.0,0.0,52.0,2.0,0.0,0.0,1.0,1.0,1.0
2.6785079887912513,3.121592653589793,4.71238898038469,252.0,252.0,252.0,252.0,56.0,56.0,1.0,1.0,1.0,0.0,56.0,2.0,0.0,0.0,1.0,1.0,1.0
2.6785079887912513,3.121592653589793,5.497787143782138,252.0,252.0,252.0,252.0,52.0,52.0,1.0,1.0,1.0,0.0,52.0,2.0,0.0,0.0,1.0,1.0,1.0
3.121592653589793,0.02,0.0,252.0,244.0,244.0,244.0,48.0,48.0,1.0,1.0,1.0,8.0,48.0,2.0,0.0,0.0,1.0,1.0,1.0
3.121592653589793,0.02,0.7853981633974483,252.0,252.0,252.0,252.0,48.0,48.0,1.0,1.0,1.0,0.0,48.0,2.0,0.0,0.0,1.0,1.0,1.0
3.121592653589793,0.02,1.5707963267948966,252.0,252.0,252.0,252.0,48.0,48.0,1.0,1.0,1.0,0.0,48.0,2.0,0.0,0.0,1.0,1.0,1.0
3.121592653589793,0.02,2.356194490192345,252.0,252.0,252.0,252.0,48.0,48.0,1.0,1.0,1.0,0.0,48.0,2.0,0.0,0.0,1.0,1.0,1.0
3.121592653589793,0.02,3.141592653589793,252.0,244.0,244.0,244.0,48.0,48.0,1.0,1.0,1.0,8.0,48.0,2.0,0.0,0.0,1.0,1.0,1.0
3.121592653589793,0.02,3.9269908169872414,252.0,252.0,252.0,252.0,48.0,48.0,1.0,1.0,1.0,0.0,48.0,2.0,0.0,0.0,1.0,1.0,1.0
3.121592653589793,0.02,4.71238898038469,252.0,252.0,252.0,252.0,48.0,48.0,1.0,1.0,1.0,0.0,48.0,2.0,0.0,0.0,1.0,1.0,1.0
3.121592653589793,0.02,5.497787143782138,252.0,252.0,252.0,252.0,48.0,48.0,1.0,1.0,1.0,0.0,48.0,2.0,0.0,0.0,1.0,1.0,1.0
3.121592653589793,0.4630846647985419,0.0,252.0,244.0,244.0,244.0,48.0,48.0,1.0,1.0,1.0,8.0,48.0,2.0,0.0,0.0,1.0,1.0,1.0
3.121592653589793,0.4630846647985419,0.7853981633974483,252.0,252.0,252.0,252.0,48.0,48.0,1.0,1.0,1.0,0.0,48.0,2.0,0.0,0.0,1.0,1.0,1.0
3.121592653589793,0.4630846647985419,1.5707963267948966,252.0,252.0,252.0,252.0,48.0,48.0,1.0,1.0,1.0,0.0,48.0,2.0,0.0,0.0,1.0,1.0,1.0
3.121592653589793,0.4630846647985419,2.356194490192345,252.0,252.0,252.0,252.0,48.0,48.0,1.0,1.0,1.0,0.0,48.0,2.0,0.0,0.0,1.0,1.0,1.0
3.121592653589793,0.4630846647985419,3.141592653589793,252.0,244.0,244.0,244.0,48.0,48.0,1.0,1.0,1.0,8.0,48.0,2.0,0.0,0.0,1.0,1.0,1.0
3.121592653589793,0.4630846647985419,3.9269908169872414,252.0,252.0,252.0,252.0,48.0,48.0,1.0,1.0,1.0,0.0,48.0,2.0,0.0,0.0,1.0,1.0,1.0
3.121592653589793,0.4630846647985419,4.71238898038469,252.0,252.0,252.0,252.0,48.0,48.0,1.0,1.0,1.0,0.0,48.0,2.0,0.0,0.0,1.0,1.0,1.0
3.121592653589793,0.4630846647985419,5.497787143782138,252.0,252.0,252.0,252.0,48.0,48.0,1.0,1.0,1.0,0.0,48.0,2.0,0.0,0.0,1.0,1.0,1.0
3.121592653589793,0.9061693295970837,0.0,252.0,244.0,244.0,244.0,48.0,48.0,1.0,1.0,1.0,8.0,48.0,2.0,0.0,0.0,1.0,1.0,1.0
3.121592653589793,0.9061693295970837,0.7853981633974483,252.0,252.0,252.0,252.0,48.0,48.0,1.0,1.0,1.0,0.0,48.0,2.0,0.0,0.0,1.0,1.0,1.0
3.121592653589793,0.9061693295970837,1.5707963267948966,252.0,252.0,252.0,252.0,48.0,48.0,1.0,1.0,1.0,0.0,48.0,2.0,0.0,0.0,1.0,1.0,1.0
3.121592653589793,0.9061693295970837,2.356194490192345,252.0,252.0,252.0,252.0,48.0,48.0,1.0,1.0,1.0,0.0,48.0,2.0,0.0,0.0,1.0,1.0,1.0
3.121592653589793,0.9061693295970837,3.141592653589793,252.0,244.0,244.0,244.0,48.0,48.0,1.0,1.0,1.0,8.0,48.0,2.0,0.0,0.0,1.0,1.0,1.0
3.121592653589793,0.9061693295970837,3.9269908169872414,252.0,252.0,252.0,252.0,48.0,48.0,1.0,1.0,1.0,0.0,48.0,2.0,0.0,0.0,1.0,1.0,1.0
3.121592653589793,0.9061693295970837,4.71238898038469,252.0,252.0,252.0,252.0,48.0,48.0,1.0,1.0,1.0,0.0,48.0,2.0,0.0,0.0,1.0,1.0,1.0
3.121592653589793,0.9061693295970837,5.497787143782138,252.0,252.0,252.0,252.0,48.0,48.0,1.0,1.0,1.0,0.0,48.0,2.0,0.0,0.0,1.0,1.0,1.0
3.121592653589793,1.3492539943956257,0.0,252.0,244.0,244.0,244.0,48.0,48.0,1.0,1.0,1.0,8.0,48.0,2.0,0.0,0.0,1.0,1.0,1.0
3.121592653589793,1.3492539943956257,0.7853981633974483,252.0,252.0,252.0,252.0,48.0,48.0,1.0,1.0,1.0,0.0,48.0,2.0,0.0,0.0,1.0,1.0,1.0
3.121592653589793,1.3492539943956257,1.5707963267948966,252.0,252.0,252.0,252.0,48.0,48.0,1.0,1.0,1.0,0.0,48.0,2.0,0.0,0.0,1.0,1.0,1.0
3.121592653589793,1.3492539943956257,2.356194490192345,252.0,252.0,252.0,252.0,48.0,48.0,1.0,1.0,1.0,0.0,48.0,2.0,0.0,0.0,1.0,1.0,1.0
3.121592653589793,1.3492539943956257,3.141592653589793,252.0,244.0,244.0,244.0,48.0,48.0,1.0,1.0,1.0,8.0,48.0,2.0,0.0,0.0,1.0,1.0,1.0
3.121592653589793,1.3492539943956257,3.9269908169872414,252.0,252.0,252.0,252.0,48.0,48.0,1.0,1.0,1.0,0.0,48.0,2.0,0.0,0.0,1.0,1.0,1.0
3.121592653589793,1.3492539943956257,4.71238898038469,252.0,252.0,252.0,252.0,48.0,48.0,1.0,1.0,1.0,0.0,48.0,2.0,0.0,0.0,1.0,1.0,1.0
3.121592653589793,1.3492539943956257,5.497787143782138,252.0,252.0,252.0,252.0,48.0,48.0,1.0,1.0,1.0,0.0,48.0,2.0,0.0,0.0,1.0,1.0,1.0
3.121592653589793,1.7923386591941675,0.0,252.0,244.0,244.0,244.0,48.0,48.0,1.0,1.0,1.0,8.0,48.0,2.0,0.0,0.0,1.0,1.0,1.0
3.121592653589793,1.7923386591941675,0.7853981633974483,252.0,252.0,252.0,252.0,48.0,48.0,1.0,1.0,1.0,0.0,48.0,2.0,0.0,0.0,1.0,1.0,1.0
3.121592653589793,1.7923386591941675,1.5707963267948966,252.0,252.0,252.0,252.0,48.0,48.0,1.0,1.0,1.0,0.0,48.0,2.0,0.0,0.0,1.0,1.0,1.0
3.121592653589793,1.7923386591941675,2.356194490192345,252.0,252.0,252.0,252.0,48.0,48.0,1.0,1.0,1.0,0.0,48.0,2.0,0.0,0.0,1.0,1.0,1.0
3.121592653589793,1.7923386591941675,3.141592653589793,252.0,244.0,244.0,244.0,48.0,48.0,1.0,1.0,1.0,8.0,48.0,2.0,0.0,0.0,1.0,1.0,1.0
3.121592653589793,1.7923386591941675,3.9269908169872414,252.0,252.0,252.0,252.0,48.0,48.0,1.0,1.0,1.0,0.0,48.0,2.0,0.0,0.0,1.0,1.0,1.0
3.121592653589793,1.7923386591941675,4.71238898038469,252.0,252.0,252.0,252.0,48.0,48.0,1.0,1.0,1.0,0.0,48.0,2.0,0.0,0.0,1.0,1.0,1.0
3.121592653589793,1.7923386591941675,5.497787143782138,252.0,252.0,252.0,252.0,48.0,48.0,1.0,1.0,1.0,0.0,48.0,2.0,0.0,0.0,1.0,1.0,1.0
3.121592653589793,2.2354233239927095,0.0,252.0,244.0,244.0,244.0,48.0,48.0,1.0,1.0,1.0,8.0,48.0,2.0,0.0,0.0,1.0,1.0,1.0
3.121592653589793,2.2354233239927095,0.7853981633974483,252.0,252.0,252.0,252.0,48.0,48.0,1.0,1.0,1.0,0.0,48.0,2.0,0.0,0.0,1.0,1.0,1.0
3.121592653589793,2.2354233239927095,1.5707963267948966,252.0,252.0,252.0,252.0,48.0,48.0,1.0,1.0,1.0,0.0,48.0,2.0,0.0,0.0,1.0,1.0,1.0
3.121592653589793,2.2354233239927095,2.356194490192345,252.0,252.0,252.0,252.0,48.0,48.0,1.0,1.0,1.0,0.0,48.0,2.0,0.0,0.0,1.0,1.0,1.0
3.121592653589793,2.2354233239927095,3.141592653589793,252.0,244.0,244.0,244.0,48.0,48.0,1.0,1.0,1.0,8.0,48.0,2.0,0.0,0.0,1.0,1.0,1.0
3.121592653589793,2.2354233239927095,3.9269908169872414,252.0,252.0,252.0,252.0,48.0,48.0,1.0,1.0,1.0,0.0,48.0,2.0,0.0,0.0,1.0,1.0,1.0
3.121592653589793,2.2354233239927095,4.71238898038469,252.0,252.0,252.0,252.0,48.0,48.0,1.0,1.0,1.0,0.0,48.0,2.0,0.0,0.0,1.0,1.0,1.0
3.121592653589793,2.2354233239927095,5.497787143782138,252.0,252.0,252.0,252.0,48.0,48.0,1.0,1.0,1.0,0.0,48.0,2.0,0.0,0.0,1.0,1.0,1.0
3.121592653589793,2.6785079887912513,0.0,252.0,244.0,244.0,244.0,48.0,48.0,1.0,1.0,1.0,8.0,48.0,2.0,0.0,0.0,1.0,1.0,1.0
3.121592653589793,2.6785079887912513,0.7853981633974483,252.0,252.0,252.0,252.0,48.0,48.0,1.0,1.0,1.0,0.0,48.0,2.0,0.0,0.0,1.0,1.0,1.0
3.121592653589793,2.6785079887912513,1.5707963267948966,252.0,252.0,252.0,252.0,48.0,48.0,1.0,1.0,1.0,0.0,48.0,2.0,0.0,0.0,1.0,1.0,1.0
3.121592653589793,2.6785079887912513,2.356194490192345,252.0,252.0,252.0,252.0,48.0,48.0,1.0,1.0,1.0,0.0,48.0,2.0,0.0,0.0,1.0,1.0,1.0
3.121592653589793,2.6785079887912513,3.141592653589793,252.0,244.0,244.0,244.0,48.0,48.0,1.0,1.0,1.0,8.0,48.0,2.0,0.0,0.0,1.0,1.0,1.0
3.121592653589793,2.6785079887912513,3.9269908169872414,252.0,252.0,252.0,252.0,48.0,48.0,1.0,1.0,1.0,0.0,48.0,2.0,0.0,0.0,1.0,1.0,1.0
3.121592653589793,2.6785079887912513,4.71238898038469,252.0,252.0,252.0,252.0,48.0,48.0,1.0,1.0,1.0,0.0,48.0,2.0,0.0,0.0,1.0,1.0,1.0
3.121592653589793,2.6785079887912513,5.497787143782138,252.0,252.0,252.0,252.0,48.0,48.0,1.0,1.0,1.0,0.0,48.0,2.0,0.0,0.0,1.0,1.0,1.0
3.121592653589793,3.121592653589793,0.0,252.0,244.0,244.0,244.0,48.0,48.0,1.0,1.0,1.0,8.0,48.0,2.0,0.0,0.0,1.0,1.0,1.0
3.121592653589793,3.121592653589793,0.7853981633974483,252.0,252.0,252.0,252.0,48.0,48.0,1.0,1.0,1.0,0.0,48.0,2.0,0.0,0.0,1.0,1.0,1.0
3.121592653589793,3.121592653589793,1.5707963267948966,252.0,252.0,252.0,252.0,48.0,48.0,1.0,1.0,1.0,0.0,48.0,2.0,0.0,0.0,1.0,1.0,1.0
3.121592653589793,3.121592653589793,2.356194490192345,252.0,252.0,252.0,252.0,48.0,48.0,1.0,1.0,1.0,0.0,48.0,2.0,0.0,0.0,1.0,1.0,1.0
3.121592653589793,3.121592653589793,3.141592653589793,252.0,244.0,244.0,244.0,48.0,48.0,1.0,1.0,1.0,8.0,48.0,2.0,0.0,0.0,1.0,1.0,1.0
3.121592653589793,3.121592653589793,3.9269908169872414,252.0,252.0,252.0,252.0,48.0,48.0,1.0,1.0,1.0,0.0,48.0,2.0,0.0,0.0,1.0,1.0,1.0
3.121592653589793,3.121592653589793,4.71238898038469,252.0,252.0,252.0,252.0,48.0,48.0,1.0,1.0,1.0,0.0,48.0,2.0,0.0,0.0,1.0,1.0,1.0
3.121592653589793,3.121592653589793,5.497787143782138,252.0,252.0,252.0,252.0,48.0,48.0,1.0,1.0,1.0,0.0,48.0,2.0,0.0,0.0,1.0,1.0,1.0
