theta,phi,lambda,max_clique,found_third,found_fourth,hp_ok,is_hadamard
0.955316618125,0.735398163397,0.2,2,false,false,true,true
0.955316618125,0.735398163397,0.221052631579,2,false,false,true,true
0.955316618125,0.735398163397,0.242105263158,2,false,false,true,true
0.955316618125,0.735398163397,0.263157894737,2,false,false,true,true
0.955316618125,0.735398163397,0.284210526316,2,false,false,true,true
0.955316618125,0.735398163397,0.305263157895,2,false,false,true,true
0.955316618125,0.735398163397,0.326315789474,2,false,false,true,true
0.955316618125,0.735398163397,0.347368421053,2,false,false,true,true
0.955316618125,0.735398163397,0.368421052632,2,false,false,true,true
0.955316618125,0.735398163397,0.4,2,false,false,true,true
0.955316618125,0.735398163397,0.410526315789,2,false,false,true,true
0.955316618125,0.735398163397,0.431578947368,2,false,false,true,true
0.955316618125,0.735398163397,0.452631578947,2,false,false,true,true
0.955316618125,0.735398163397,0.473684210526,2,false,false,true,true
0.955316618125,0.735398163397,0.494736842105,2,false,false,true,true
0.955316618125,0.735398163397,0.515789473684,2,false,false,true,true
0.955316618125,0.735398163397,0.536842105263,2,false,false,true,true
0.955316618125,0.735398163397,0.557894736842,2,false,false,true,true
0.955316618125,0.735398163397,0.578947368421,2,false,false,true,true
0.955316618125,0.735398163397,0.6,2,false,false,true,true
0.955316618125,0.740661321292,0.2,2,false,false,true,true
0.955316618125,0.740661321292,0.221052631579,2,false,false,true,true
0.955316618125,0.740661321292,0.242105263158,2,false,false,true,true
0.955316618125,0.740661321292,0.263157894737,2,false,false,true,true
0.955316618125,0.740661321292,0.284210526316,2,false,false,true,true
0.955316618125,0.740661321292,0.305263157895,2,false,false,true,true
0.955316618125,0.740661321292,0.326315789474,2,false,false,true,true
0.955316618125,0.740661321292,0.347368421053,2,false,false,true,true
0.955316618125,0.740661321292,0.368421052632,2,false,false,true,true
0.955316618125,0.740661321292,0.4,2,false,false,true,true
0.955316618125,0.740661321292,0.410526315789,2,false,false,true,true
0.955316618125,0.740661321292,0.431578947368,2,false,false,true,true
0.955316618125,0.740661321292,0.452631578947,2,false,false,true,true
0.955316618125,0.740661321292,0.473684210526,2,false,false,true,true
0.955316618125,0.740661321292,0.494736842105,2,false,false,true,true
0.955316618125,0.740661321292,0.515789473684,2,false,false,true,true
0.955316618125,0.740661321292,0.536842105263,2,false,false,true,true
0.955316618125,0.740661321292,0.557894736842,2,false,false,true,true
0.955316618125,0.740661321292,0.578947368421,2,false,false,true,true
0.955316618125,0.740661321292,0.6,2,false,false,true,true
0.955316618125,0.745924479187,0.2,2,false,false,true,true
0.955316618125,0.745924479187,0.221052631579,2,false,false,true,true
0.955316618125,0.745924479187,0.242105263158,2,false,false,true,true
0.955316618125,0.745924479187,0.263157894737,2,false,false,true,true
0.955316618125,0.745924479187,0.284210526316,2,false,false,true,true
0.955316618125,0.745924479187,0.305263157895,2,false,false,true,true
0.955316618125,0.745924479187,0.326315789474,2,false,false,true,true
0.955316618125,0.745924479187,0.347368421053,2,false,false,true,true
0.955316618125,0.745924479187,0.368421052632,2,false,false,true,true
0.955316618125,0.745924479187,0.4,2,false,false,true,true
0.955316618125,0.745924479187,0.410526315789,2,false,false,true,true
0.955316618125,0.745924479187,0.431578947368,2,false,false,true,true
0.955316618125,0.745924479187,0.452631578947,2,false,false,true,true
0.955316618125,0.745924479187,0.473684210526,2,false,false,true,true
0.955316618125,0.745924479187,0.494736842105,2,false,false,true,true
0.955316618125,0.745924479187,0.515789473684,2,false,false,true,true
0.955316618125,0.745924479187,0.536842105263,2,false,false,true,true
0.955316618125,0.745924479187,0.557894736842,2,false,false,true,true
0.955316618125,0.745924479187,0.578947368421,2,false,false,true,true
0.955316618125,0.745924479187,0.6,2,false,false,true,true
0.955316618125,0.751187637082,0.2,2,false,false,true,true
0.955316618125,0.751187637082,0.221052631579,2,false,false,true,true
0.955316618125,0.751187637082,0.242105263158,2,false,false,true,true
0.955316618125,0.751187637082,0.263157894737,2,false,false,true,true
0.955316618125,0.751187637082,0.284210526316,2,false,false,true,true
0.955316618125,0.751187637082,0.305263157895,2,false,false,true,true
0.955316618125,0.751187637082,0.326315789474,2,false,false,true,true
0.955316618125,0.751187637082,0.347368421053,2,false,false,true,true
0.955316618125,0.751187637082,0.368421052632,2,false,false,true,true
0.955316618125,0.751187637082,0.4,2,false,false,true,true
0.955316618125,0.751187637082,0.410526315789,2,false,false,true,true
0.955316618125,0.751187637082,0.431578947368,2,false,false,true,true
0.955316618125,0.751187637082,0.452631578947,2,false,false,true,true
0.955316618125,0.751187637082,0.473684210526,2,false,false,true,true
0.955316618125,0.751187637082,0.494736842105,2,false,false,true,true
0.955316618125,0.751187637082,0.515789473684,2,false,false,true,true
0.955316618125,0.751187637082,0.536842105263,2,false,false,true,true
0.955316618125,0.751187637082,0.557894736842,2,false,false,true,true
0.955316618125,0.751187637082,0.578947368421,2,false,false,true,true
0.955316618125,0.751187637082,0.6,2,false,false,true,true
0.955316618125,0.756450794976,0.2,2,false,false,true,true
0.955316618125,0.756450794976,0.221052631579,2,false,false,true,true
0.955316618125,0.756450794976,0.242105263158,2,false,false,true,true
0.955316618125,0.756450794976,0.263157894737,2,false,false,true,true
0.955316618125,0.756450794976,0.284210526316,2,false,false,true,true
0.955316618125,0.756450794976,0.305263157895,2,false,false,true,true
0.955316618125,0.756450794976,0.326315789474,2,false,false,true,true
0.955316618125,0.756450794976,0.347368421053,2,false,false,true,true
0.955316618125,0.756450794976,0.368421052632,2,false,false,true,true
0.955316618125,0.756450794976,0.4,2,false,false,true,true
0.955316618125,0.756450794976,0.410526315789,2,false,false,true,true
0.955316618125,0.756450794976,0.431578947368,2,false,false,true,true
0.955316618125,0.756450794976,0.452631578947,2,false,false,true,true
0.955316618125,0.756450794976,0.473684210526,2,false,false,true,true
0.955316618125,0.756450794976,0.494736842105,2,false,false,true,true
0.955316618125,0.756450794976,0.515789473684,2,false,false,true,true
0.955316618125,0.756450794976,0.536842105263,2,false,false,true,true
0.955316618125,0.756450794976,0.557894736842,2,false,false,true,true
0.955316618125,0.756450794976,0.578947368421,2,false,false,true,true
0.955316618125,0.756450794976,0.6,2,false,false,true,true
0.955316618125,0.761713952871,0.2,2,false,false,true,true
0.955316618125,0.761713952871,0.221052631579,2,false,false,true,true
0.955316618125,0.761713952871,0.242105263158,2,false,false,true,true
0.955316618125,0.761713952871,0.263157894737,2,false,false,true,true
0.955316618125,0.761713952871,0.284210526316,2,false,false,true,true
0.955316618125,0.761713952871,0.305263157895,2,false,false,true,true
0.955316618125,0.761713952871,0.326315789474,2,false,false,true,true
0.955316618125,0.761713952871,0.347368421053,2,false,false,true,true
0.955316618125,0.761713952871,0.368421052632,2,false,false,true,true
0.955316618125,0.761713952871,0.4,2,false,false,true,true
0.955316618125,0.761713952871,0.410526315789,2,false,false,true,true
0.955316618125,0.761713952871,0.431578947368,2,false,false,true,true
0.955316618125,0.761713952871,0.452631578947,2,false,false,true,true
0.955316618125,0.761713952871,0.473684210526,2,false,false,true,true
0.955316618125,0.761713952871,0.494736842105,2,false,false,true,true
0.955316618125,0.761713952871,0.515789473684,2,false,false,true,true
0.955316618125,0.761713952871,0.536842105263,2,false,false,true,true
0.955316618125,0.761713952871,0.557894736842,2,false,false,true,true
0.955316618125,0.761713952871,0.578947368421,2,false,false,true,true
0.955316618125,0.761713952871,0.6,2,false,false,true,true
0.955316618125,0.766977110766,0.2,2,false,false,true,true
0.955316618125,0.766977110766,0.221052631579,2,false,false,true,true
0.955316618125,0.766977110766,0.242105263158,2,false,false,true,true
0.955316618125,0.766977110766,0.263157894737,2,false,false,true,true
0.955316618125,0.766977110766,0.284210526316,2,false,false,true,true
0.955316618125,0.766977110766,0.305263157895,2,false,false,true,true
0.955316618125,0.766977110766,0.326315789474,2,false,false,true,true
0.955316618125,0.766977110766,0.347368421053,2,false,false,true,true
0.955316618125,0.766977110766,0.368421052632,2,false,false,true,true
0.955316618125,0.766977110766,0.4,2,false,false,true,true
0.955316618125,0.766977110766,0.410526315789,2,false,false,true,true
0.955316618125,0.766977110766,0.431578947368,2,false,false,true,true
0.955316618125,0.766977110766,0.452631578947,2,false,false,true,true
0.955316618125,0.766977110766,0.473684210526,2,false,false,true,true
0.955316618125,0.766977110766,0.494736842105,2,false,false,true,true
0.955316618125,0.766977110766,0.515789473684,2,false,false,true,true
0.955316618125,0.766977110766,0.536842105263,2,false,false,true,true
0.955316618125,0.766977110766,0.557894736842,2,false,false,true,true
0.955316618125,0.766977110766,0.578947368421,2,false,false,true,true
0.955316618125,0.766977110766,0.6,2,false,false,true,true
0.955316618125,0.772240268661,0.2,2,false,false,true,true
0.955316618125,0.772240268661,0.221052631579,2,false,false,true,true
0.955316618125,0.772240268661,0.242105263158,2,false,false,true,true
0.955316618125,0.772240268661,0.263157894737,2,false,false,true,true
0.955316618125,0.772240268661,0.284210526316,2,false,false,true,true
0.955316618125,0.772240268661,0.305263157895,2,false,false,true,true
0.955316618125,0.772240268661,0.326315789474,2,false,false,true,true
0.955316618125,0.772240268661,0.347368421053,2,false,false,true,true
0.955316618125,0.772240268661,0.368421052632,2,false,false,true,true
0.955316618125,0.772240268661,0.4,2,false,false,true,true
0.955316618125,0.772240268661,0.410526315789,2,false,false,true,true
0.955316618125,0.772240268661,0.431578947368,2,false,false,true,true
0.955316618125,0.772240268661,0.452631578947,2,false,false,true,true
0.955316618125,0.772240268661,0.473684210526,2,false,false,true,true
0.955316618125,0.772240268661,0.494736842105,2,false,false,true,true
0.955316618125,0.772240268661,0.515789473684,2,false,false,true,true
0.955316618125,0.772240268661,0.536842105263,2,false,false,true,true
0.955316618125,0.772240268661,0.557894736842,2,false,false,true,true
0.955316618125,0.772240268661,0.578947368421,2,false,false,true,true
0.955316618125,0.772240268661,0.6,2,false,false,true,true
0.955316618125,0.777503426555,0.2,2,false,false,true,true
0.955316618125,0.777503426555,0.221052631579,2,false,false,true,true
0.955316618125,0.777503426555,0.242105263158,2,false,false,true,true
0.955316618125,0.777503426555,0.263157894737,2,false,false,true,true
0.955316618125,0.777503426555,0.284210526316,2,false,false,true,true
0.955316618125,0.777503426555,0.305263157895,2,false,false,true,true
0.955316618125,0.777503426555,0.326315789474,2,false,false,true,true
0.955316618125,0.777503426555,0.347368421053,2,false,false,true,true
0.955316618125,0.777503426555,0.368421052632,2,false,false,true,true
0.955316618125,0.777503426555,0.4,2,false,false,true,true
0.955316618125,0.777503426555,0.410526315789,2,false,false,true,true
0.955316618125,0.777503426555,0.431578947368,2,false,false,true,true
0.955316618125,0.777503426555,0.452631578947,2,false,false,true,true
0.955316618125,0.777503426555,0.473684210526,2,false,false,true,true
0.955316618125,0.777503426555,0.494736842105,2,false,false,true,true
0.955316618125,0.777503426555,0.515789473684,2,false,false,true,true
0.955316618125,0.777503426555,0.536842105263,2,false,false,true,true
0.955316618125,0.777503426555,0.557894736842,2,false,false,true,true
0.955316618125,0.777503426555,0.578947368421,2,false,false,true,true
0.955316618125,0.777503426555,0.6,2,false,false,true,true
0.955316618125,0.785398163397,0.2,6,true,false,true,true
0.955316618125,0.785398163397,0.221052631579,6,true,false,true,true
0.955316618125,0.785398163397,0.242105263158,6,true,false,true,true
0.955316618125,0.785398163397,0.263157894737,6,true,false,true,true
0.955316618125,0.785398163397,0.284210526316,6,true,false,true,true
0.955316618125,0.785398163397,0.305263157895,6,true,false,true,true
0.955316618125,0.785398163397,0.326315789474,6,true,false,true,true
0.955316618125,0.785398163397,0.347368421053,6,true,false,true,true
0.955316618125,0.785398163397,0.368421052632,6,true,false,true,true
0.955316618125,0.785398163397,0.4,6,true,false,true,true
0.955316618125,0.785398163397,0.410526315789,6,true,false,true,true
0.955316618125,0.785398163397,0.431578947368,6,true,false,true,true
0.955316618125,0.785398163397,0.452631578947,6,true,false,true,true
0.955316618125,0.785398163397,0.473684210526,6,true,false,true,true
0.955316618125,0.785398163397,0.494736842105,6,true,false,true,true
0.955316618125,0.785398163397,0.515789473684,6,true,false,true,true
0.955316618125,0.785398163397,0.536842105263,6,true,false,true,true
0.955316618125,0.785398163397,0.557894736842,6,true,false,true,true
0.955316618125,0.785398163397,0.578947368421,6,true,false,true,true
0.955316618125,0.785398163397,0.6,6,true,false,true,true
0.955316618125,0.788029742345,0.2,2,false,false,true,true
0.955316618125,0.788029742345,0.221052631579,2,false,false,true,true
0.955316618125,0.788029742345,0.242105263158,2,false,false,true,true
0.955316618125,0.788029742345,0.263157894737,2,false,false,true,true
0.955316618125,0.788029742345,0.284210526316,2,false,false,true,true
0.955316618125,0.788029742345,0.305263157895,2,false,false,true,true
0.955316618125,0.788029742345,0.326315789474,2,false,false,true,true
0.955316618125,0.788029742345,0.347368421053,2,false,false,true,true
0.955316618125,0.788029742345,0.368421052632,2,false,false,true,true
0.955316618125,0.788029742345,0.4,2,false,false,true,true
0.955316618125,0.788029742345,0.410526315789,2,false,false,true,true
0.955316618125,0.788029742345,0.431578947368,2,false,false,true,true
0.955316618125,0.788029742345,0.452631578947,2,false,false,true,true
0.955316618125,0.788029742345,0.473684210526,2,false,false,true,true
0.955316618125,0.788029742345,0.494736842105,2,false,false,true,true
0.955316618125,0.788029742345,0.515789473684,2,false,false,true,true
0.955316618125,0.788029742345,0.536842105263,2,false,false,true,true
0.955316618125,0.788029742345,0.557894736842,2,false,false,true,true
0.955316618125,0.788029742345,0.578947368421,2,false,false,true,true
0.955316618125,0.788029742345,0.6,2,false,false,true,true
0.955316618125,0.79329290024,0.2,2,false,false,true,true
0.955316618125,0.79329290024,0.221052631579,2,false,false,true,true
0.955316618125,0.79329290024,0.242105263158,2,false,false,true,true
0.955316618125,0.79329290024,0.263157894737,2,false,false,true,true
0.955316618125,0.79329290024,0.284210526316,2,false,false,true,true
0.955316618125,0.79329290024,0.305263157895,2,false,false,true,true
0.955316618125,0.79329290024,0.326315789474,2,false,false,true,true
0.955316618125,0.79329290024,0.347368421053,2,false,false,true,true
0.955316618125,0.79329290024,0.368421052632,2,false,false,true,true
0.955316618125,0.79329290024,0.4,2,false,false,true,true
0.955316618125,0.79329290024,0.410526315789,2,false,false,true,true
0.955316618125,0.79329290024,0.431578947368,2,false,false,true,true
0.955316618125,0.79329290024,0.452631578947,2,false,false,true,true
0.955316618125,0.79329290024,0.473684210526,2,false,false,true,true
0.955316618125,0.79329290024,0.494736842105,2,false,false,true,true
0.955316618125,0.79329290024,0.515789473684,2,false,false,true,true
0.955316618125,0.79329290024,0.536842105263,2,false,false,true,true
0.955316618125,0.79329290024,0.557894736842,2,false,false,true,true
0.955316618125,0.79329290024,0.578947368421,2,false,false,true,true
0.955316618125,0.79329290024,0.6,2,false,false,true,true
0.955316618125,0.798556058134,0.2,2,false,false,true,true
0.955316618125,0.798556058134,0.221052631579,2,false,false,true,true
0.955316618125,0.798556058134,0.242105263158,2,false,false,true,true
0.955316618125,0.798556058134,0.263157894737,2,false,false,true,true
0.955316618125,0.798556058134,0.284210526316,2,false,false,true,true
0.955316618125,0.798556058134,0.305263157895,2,false,false,true,true
0.955316618125,0.798556058134,0.326315789474,2,false,false,true,true
0.955316618125,0.798556058134,0.347368421053,2,false,false,true,true
0.955316618125,0.798556058134,0.368421052632,2,false,false,true,true
0.955316618125,0.798556058134,0.4,2,false,false,true,true
0.955316618125,0.798556058134,0.410526315789,2,false,false,true,true
0.955316618125,0.798556058134,0.431578947368,2,false,false,true,true
0.955316618125,0.798556058134,0.452631578947,2,false,false,true,true
0.955316618125,0.798556058134,0.473684210526,2,false,false,true,true
0.955316618125,0.798556058134,0.494736842105,2,false,false,true,true
0.955316618125,0.798556058134,0.515789473684,2,false,false,true,true
0.955316618125,0.798556058134,0.536842105263,2,false,false,true,true
0.955316618125,0.798556058134,0.557894736842,2,false,false,true,true
0.955316618125,0.798556058134,0.578947368421,2,false,false,true,true
0.955316618125,0.798556058134,0.6,2,false,false,true,true
0.955316618125,0.803819216029,0.2,2,false,false,true,true
0.955316618125,0.803819216029,0.221052631579,2,false,false,true,true
0.955316618125,0.803819216029,0.242105263158,2,false,false,true,true
0.955316618125,0.803819216029,0.263157894737,2,false,false,true,true
0.955316618125,0.803819216029,0.284210526316,2,false,false,true,true
0.955316618125,0.803819216029,0.305263157895,2,false,false,true,true
0.955316618125,0.803819216029,0.326315789474,2,false,false,true,true
0.955316618125,0.803819216029,0.347368421053,2,false,false,true,true
0.955316618125,0.803819216029,0.368421052632,2,false,false,true,true
0.955316618125,0.803819216029,0.4,2,false,false,true,true
0.955316618125,0.803819216029,0.410526315789,2,false,false,true,true
0.955316618125,0.803819216029,0.431578947368,2,false,false,true,true
0.955316618125,0.803819216029,0.452631578947,2,false,false,true,true
0.955316618125,0.803819216029,0.473684210526,2,false,false,true,true
0.955316618125,0.803819216029,0.494736842105,2,false,false,true,true
0.955316618125,0.803819216029,0.515789473684,2,false,false,true,true
0.955316618125,0.803819216029,0.536842105263,2,false,false,true,true
0.955316618125,0.803819216029,0.557894736842,2,false,false,true,true
0.955316618125,0.803819216029,0.578947368421,2,false,false,true,true
0.955316618125,0.803819216029,0.6,2,false,false,true,true
0.955316618125,0.809082373924,0.2,2,false,false,true,true
0.955316618125,0.809082373924,0.221052631579,2,false,false,true,true
0.955316618125,0.809082373924,0.242105263158,2,false,false,true,true
0.955316618125,0.809082373924,0.263157894737,2,false,false,true,true
0.955316618125,0.809082373924,0.284210526316,2,false,false,true,true
0.955316618125,0.809082373924,0.305263157895,2,false,false,true,true
0.955316618125,0.809082373924,0.326315789474,2,false,false,true,true
0.955316618125,0.809082373924,0.347368421053,2,false,false,true,true
0.955316618125,0.809082373924,0.368421052632,2,false,false,true,true
0.955316618125,0.809082373924,0.4,2,false,false,true,true
0.955316618125,0.809082373924,0.410526315789,2,false,false,true,true
0.955316618125,0.809082373924,0.431578947368,2,false,false,true,true
0.955316618125,0.809082373924,0.452631578947,2,false,false,true,true
0.955316618125,0.809082373924,0.473684210526,2,false,false,true,true
0.955316618125,0.809082373924,0.494736842105,2,false,false,true,true
0.955316618125,0.809082373924,0.515789473684,2,false,false,true,true
0.955316618125,0.809082373924,0.536842105263,2,false,false,true,true
0.955316618125,0.809082373924,0.557894736842,2,false,false,true,true
0.955316618125,0.809082373924,0.578947368421,2,false,false,true,true
0.955316618125,0.809082373924,0.6,2,false,false,true,true
0.955316618125,0.814345531819,0.2,2,false,false,true,true
0.955316618125,0.814345531819,0.221052631579,2,false,false,true,true
0.955316618125,0.814345531819,0.242105263158,2,false,false,true,true
0.955316618125,0.814345531819,0.263157894737,2,false,false,true,true
0.955316618125,0.814345531819,0.284210526316,2,false,false,true,true
0.955316618125,0.814345531819,0.305263157895,2,false,false,true,true
0.955316618125,0.814345531819,0.326315789474,2,false,false,true,true
0.955316618125,0.814345531819,0.347368421053,2,false,false,true,true
0.955316618125,0.814345531819,0.368421052632,2,false,false,true,true
0.955316618125,0.814345531819,0.4,2,false,false,true,true
0.955316618125,0.814345531819,0.410526315789,2,false,false,true,true
0.955316618125,0.814345531819,0.431578947368,2,false,false,true,true
0.955316618125,0.814345531819,0.452631578947,2,false,false,true,true
0.955316618125,0.814345531819,0.473684210526,2,false,false,true,true
0.955316618125,0.814345531819,0.494736842105,2,false,false,true,true
0.955316618125,0.814345531819,0.515789473684,2,false,false,true,true
0.955316618125,0.814345531819,0.536842105263,2,false,false,true,true
0.955316618125,0.814345531819,0.557894736842,2,false,false,true,true
0.955316618125,0.814345531819,0.578947368421,2,false,false,true,true
0.955316618125,0.814345531819,0.6,2,false,false,true,true
0.955316618125,0.819608689713,0.2,2,false,false,true,true
0.955316618125,0.819608689713,0.221052631579,2,false,false,true,true
0.955316618125,0.819608689713,0.242105263158,2,false,false,true,true
0.955316618125,0.819608689713,0.263157894737,2,false,false,true,true
0.955316618125,0.819608689713,0.284210526316,2,false,false,true,true
0.955316618125,0.819608689713,0.305263157895,2,false,false,true,true
0.955316618125,0.819608689713,0.326315789474,2,false,false,true,true
0.955316618125,0.819608689713,0.347368421053,2,false,false,true,true
0.955316618125,0.819608689713,0.368421052632,2,false,false,true,true
0.955316618125,0.819608689713,0.4,2,false,false,true,true
0.955316618125,0.819608689713,0.410526315789,2,false,false,true,true
0.955316618125,0.819608689713,0.431578947368,2,false,false,true,true
0.955316618125,0.819608689713,0.452631578947,2,false,false,true,true
0.955316618125,0.819608689713,0.473684210526,2,false,false,true,true
0.955316618125,0.819608689713,0.494736842105,2,false,false,true,true
0.955316618125,0.819608689713,0.515789473684,2,false,false,true,true
0.955316618125,0.819608689713,0.536842105263,2,false,false,true,true
0.955316618125,0.819608689713,0.557894736842,2,false,false,true,true
0.955316618125,0.819608689713,0.578947368421,2,false,false,true,true
0.955316618125,0.819608689713,0.6,2,false,false,true,true
0.955316618125,0.824871847608,0.2,2,false,false,true,true
0.955316618125,0.824871847608,0.221052631579,2,false,false,true,true
0.955316618125,0.824871847608,0.242105263158,2,false,false,true,true
0.955316618125,0.824871847608,0.263157894737,2,false,false,true,true
0.955316618125,0.824871847608,0.284210526316,2,false,false,true,true
0.955316618125,0.824871847608,0.305263157895,2,false,false,true,true
0.955316618125,0.824871847608,0.326315789474,2,false,false,true,true
0.955316618125,0.824871847608,0.347368421053,2,false,false,true,true
0.955316618125,0.824871847608,0.368421052632,2,false,false,true,true
0.955316618125,0.824871847608,0.4,2,false,false,true,true
0.955316618125,0.824871847608,0.410526315789,2,false,false,true,true
0.955316618125,0.824871847608,0.431578947368,2,false,false,true,true
0.955316618125,0.824871847608,0.452631578947,2,false,false,true,true
0.955316618125,0.824871847608,0.473684210526,2,false,false,true,true
0.955316618125,0.824871847608,0.494736842105,2,false,false,true,true
0.955316618125,0.824871847608,0.515789473684,2,false,false,true,true
0.955316618125,0.824871847608,0.536842105263,2,false,false,true,true
0.955316618125,0.824871847608,0.557894736842,2,false,false,true,true
0.955316618125,0.824871847608,0.578947368421,2,false,false,true,true
0.955316618125,0.824871847608,0.6,2,false,false,true,true
0.955316618125,0.830135005503,0.2,2,false,false,true,true
0.955316618125,0.830135005503,0.221052631579,2,false,false,true,true
0.955316618125,0.830135005503,0.242105263158,2,false,false,true,true
0.955316618125,0.830135005503,0.263157894737,2,false,false,true,true
0.955316618125,0.830135005503,0.284210526316,2,false,false,true,true
0.955316618125,0.830135005503,0.305263157895,2,false,false,true,true
0.955316618125,0.830135005503,0.326315789474,2,false,false,true,true
0.955316618125,0.830135005503,0.347368421053,2,false,false,true,true
0.955316618125,0.830135005503,0.368421052632,2,false,false,true,true
0.955316618125,0.830135005503,0.4,2,false,false,true,true
0.955316618125,0.830135005503,0.410526315789,2,false,false,true,true
0.955316618125,0.830135005503,0.431578947368,2,false,false,true,true
0.955316618125,0.830135005503,0.452631578947,2,false,false,true,true
0.955316618125,0.830135005503,0.473684210526,2,false,false,true,true
0.955316618125,0.830135005503,0.494736842105,2,false,false,true,true
0.955316618125,0.830135005503,0.515789473684,2,false,false,true,true
0.955316618125,0.830135005503,0.536842105263,2,false,false,true,true
0.955316618125,0.830135005503,0.557894736842,2,false,false,true,true
0.955316618125,0.830135005503,0.578947368421,2,false,false,true,true
0.955316618125,0.830135005503,0.6,2,false,false,true,true
0.955316618125,0.835398163397,0.2,2,false,false,true,true
0.955316618125,0.835398163397,0.221052631579,2,false,false,true,true
0.955316618125,0.835398163397,0.242105263158,2,false,false,true,true
0.955316618125,0.835398163397,0.263157894737,2,false,false,true,true
0.955316618125,0.835398163397,0.284210526316,2,false,false,true,true
0.955316618125,0.835398163397,0.305263157895,2,false,false,true,true
0.955316618125,0.835398163397,0.326315789474,2,false,false,true,true
0.955316618125,0.835398163397,0.347368421053,2,false,false,true,true
0.955316618125,0.835398163397,0.368421052632,2,false,false,true,true
0.955316618125,0.835398163397,0.4,2,false,false,true,true
0.955316618125,0.835398163397,0.410526315789,2,false,false,true,true
0.955316618125,0.835398163397,0.431578947368,2,false,false,true,true
0.955316618125,0.835398163397,0.452631578947,2,false,false,true,true
0.955316618125,0.835398163397,0.473684210526,2,false,false,true,true
0.955316618125,0.835398163397,0.494736842105,2,false,false,true,true
0.955316618125,0.835398163397,0.515789473684,2,false,false,true,true
0.955316618125,0.835398163397,0.536842105263,2,false,false,true,true
0.955316618125,0.835398163397,0.557894736842,2,false,false,true,true
0.955316618125,0.835398163397,0.578947368421,2,false,false,true,true
0.955316618125,0.835398163397,0.6,2,false,false,true,true
