name,theta,phi,lambda,status,z4_dev,n_pool,n_raw,n_conjugate,n_verified,max_clique,found_third,found_fourth,found_fourth_1e6,found_fourth_1e8,found_fourth_1e10,n_tracked,n_certified,n_distinct,n_distinct_real,pool_complete_flag,n_dedup_certified
F6_cyclic,0.0,0.0,0.0,not_hadamard,NaN,,,,,,,,,,,,,,,,
F6_theta0,0.0,0.5,0.3,ok,NaN,48,204,48,48,6,true,false,false,false,false,204,204,204,,true,48
Dita,0.9553166181245092,0.7853981633974483,0.4,ok,1.84212198800577,72,240,72,72,6,true,false,false,false,false,240,240,240,,true,72
theta_0,0.0,0.7853981633974483,0.5235987755982988,not_hadamard,NaN,,,,,,,,,,,,,,,,
theta_pi2,1.5707963267948966,0.7853981633974483,0.5235987755982988,ok,1.1102230246251565e-16,56,252,56,56,2,false,false,false,false,false,252,252,252,,true,56
theta_pi3,1.0471975511965976,0.7853981633974483,0.5235987755982988,ok,3.608224830031759e-15,56,252,56,56,2,false,false,false,false,false,252,252,252,,true,56
theta_pi4,0.7853981633974483,0.7853981633974483,0.5235987755982988,ok,4.076197102228689e-15,56,252,56,56,2,false,false,false,false,false,252,252,252,,true,56
theta_pi6,0.5235987755982988,0.7853981633974483,0.5235987755982988,ok,4.965068306494546e-16,52,252,52,52,2,false,false,false,false,false,252,252,252,,true,52
lambda_kpi6_k=0,0.3,0.5,0.0,ok,7.850462293418876e-16,52,244,52,52,2,false,false,false,false,false,244,244,244,,true,52
lambda_kpi6_k=1,0.3,0.5,0.5235987755982988,ok,3.859759734048396e-17,48,252,48,48,2,false,false,false,false,false,252,252,252,,true,48
lambda_kpi6_k=2,0.3,0.5,1.0471975511965976,ok,0.0,48,252,48,48,2,false,false,false,false,false,252,252,252,,true,48
lambda_kpi6_k=3,0.3,0.5,1.5707963267948966,ok,4.002966042486721e-16,48,252,48,48,2,false,false,false,false,false,252,252,252,,true,48
lambda_kpi6_k=4,0.3,0.5,2.0943951023931953,ok,5.33167196845001e-16,48,252,48,48,2,false,false,false,false,false,252,252,252,,true,48
lambda_kpi6_k=5,0.3,0.5,2.6179938779914944,ok,5.095246377785861e-16,48,252,48,48,2,false,false,false,false,false,252,252,252,,true,48
lambda_kpi6_k=6,0.3,0.5,3.141592653589793,ok,1.1102230246251565e-16,52,244,52,52,2,false,false,false,false,false,244,244,244,,true,52
lambda_kpi6_k=7,0.3,0.5,3.665191429188092,ok,2.2224949237026596e-16,48,252,48,48,2,false,false,false,false,false,252,252,252,,true,48
lambda_kpi6_k=8,0.3,0.5,4.1887902047863905,ok,1.1102230246251565e-16,48,252,48,48,2,false,false,false,false,false,252,252,252,,true,48
lambda_kpi6_k=9,0.3,0.5,4.71238898038469,ok,2.482534153247273e-16,48,252,48,48,2,false,false,false,false,false,252,252,252,,true,48
lambda_kpi6_k=10,0.3,0.5,5.235987755982989,ok,1.0824674490095276e-15,48,252,48,48,2,false,false,false,false,false,252,252,252,,true,48
lambda_kpi6_k=11,0.3,0.5,5.759586531581287,ok,1.1443916996305594e-16,48,252,48,48,2,false,false,false,false,false,252,252,252,,true,48
degen_circulant_match,0.05,1.1362830906,5.3498731204,ok,1.323831442916169e-13,48,252,48,48,2,false,false,false,false,false,252,252,252,,true,48
degen_circulant_match,0.05,0.9190264725,5.3498731204,ok,9.983715658101297e-14,48,252,48,48,2,false,false,false,false,false,252,252,252,,true,48
degen_circulant_match,2.4398227992,2.2225661811,3.583248747,ok,6.923564775701675e-14,52,252,52,52,2,false,false,false,false,false,252,252,252,,true,52
degen_circulant_match,0.7017698543,0.9190264725,0.05,ok,7.044726106794863e-14,60,252,60,60,2,false,false,false,false,false,252,252,252,,true,60
degen_circulant_match,0.7017698543,0.9190264725,6.2331853072,ok,6.305998978694486e-14,60,252,60,60,2,false,false,false,false,false,252,252,252,,true,60
degen_circulant_match,3.0915926536,2.2225661811,0.9333121867,ok,4.693512974075303e-14,48,252,48,48,2,false,false,false,false,false,252,252,252,,true,48
degen_circulant_match,0.7017698543,0.9190264725,3.583248747,ok,4.544732904141015e-14,56,252,56,56,2,false,false,false,false,false,252,252,252,,true,56
degen_circulant_match,0.9653166181,0.7903981634,0.403,ok,3.781283367737843e-15,72,252,72,72,2,false,false,false,false,false,252,252,252,,true,72
degen_circulant_match,2.4398227992,2.2225661811,0.05,ok,2.1577510093237072e-14,60,252,60,60,2,false,false,false,false,false,252,252,252,,true,60
degen_circulant_match,2.4398227992,2.2225661811,6.2331853072,ok,1.9790255799147006e-14,60,252,60,60,2,false,false,false,false,false,252,252,252,,true,60
degen_circulant_match,0.7017698543,0.9190264725,2.6999365602,ok,2.914203267236168e-14,52,252,52,52,2,false,false,false,false,false,252,252,252,,true,52
degen_circulant_match,0.7017698543,0.9190264725,5.3498731204,ok,2.692605570269597e-14,56,252,56,56,2,false,false,false,false,false,252,252,252,,true,56
degen_circulant_match,0.05,0.4845132362,5.3498731204,ok,2.5938621214166617e-14,48,252,48,48,2,false,false,false,false,false,252,252,252,,true,48
degen_circulant_match,2.4398227992,2.2225661811,4.4665609337,ok,1.8952729732142574e-14,52,252,52,52,2,false,false,false,false,false,252,252,252,,true,52
degen_circulant_match,2.4398227992,2.2225661811,0.9333121867,ok,3.4607808299622865e-14,56,252,56,56,2,false,false,false,false,false,252,252,252,,true,56
degen_circulant_match,3.0915926536,2.005309563,0.9333121867,ok,2.034163702094079e-14,48,252,48,48,2,false,false,false,false,false,252,252,252,,true,48
degen_circulant_match,0.9653166181,0.7953981634,0.41,ok,1.570170961344192e-14,72,252,72,72,2,false,false,false,false,false,252,252,252,,true,72
degen_circulant_match,0.7017698543,0.9190264725,0.9333121867,ok,1.5974581633810142e-14,56,252,56,56,2,false,false,false,false,false,252,252,252,,true,56
degen_circulant_match,2.4398227992,2.2225661811,2.6999365602,ok,8.899114524108741e-15,56,252,56,56,2,false,false,false,false,false,252,252,252,,true,56
degen_circulant_match,2.8743360355,2.005309563,0.9333121867,ok,1.570092458683775e-14,48,252,48,48,2,false,false,false,false,false,252,252,252,,true,48
degen_circulant_match,2.6570794174,2.2225661811,3.583248747,ok,1.5726417892782555e-14,52,252,52,52,2,false,false,false,false,false,252,252,252,,true,52
degen_circulant_match,2.6570794174,2.2225661811,0.9333121867,ok,1.2709508105967211e-14,48,252,48,48,2,false,false,false,false,false,252,252,252,,true,48
degen_circulant_match,0.7017698543,0.9190264725,1.8166243735,ok,1.4500741035693413e-14,52,252,52,52,2,false,false,false,false,false,252,252,252,,true,52
degen_circulant_match,0.9753166181,0.8053981634,0.42,ok,1.3802979191555656e-14,60,252,60,60,2,false,false,false,false,false,252,252,252,,true,60
degen_circulant_match,0.9353166181,0.7753981634,0.394,ok,1.2682809978676727e-14,60,252,60,60,2,false,false,false,false,false,252,252,252,,true,60
degen_circulant_match,0.9253166181,0.7553981634,0.37,ok,1.2127884439125666e-14,60,252,60,60,2,false,false,false,false,false,252,252,252,,true,60
degen_circulant_match,2.6570794174,2.2225661811,0.05,ok,6.679816236361857e-15,52,252,52,52,2,false,false,false,false,false,252,252,252,,true,52
degen_circulant_match,0.9453166181,0.7753981634,0.39,ok,1.1067759820254966e-14,72,252,72,72,2,false,false,false,false,false,252,252,252,,true,72
degen_circulant_match,0.9753166181,0.7953981634,0.406,ok,1.0894337445702242e-14,60,252,60,60,2,false,false,false,false,false,252,252,252,,true,60
degen_circulant_match,0.05,0.7017698543,5.3498731204,ok,1.0695084443661336e-14,48,252,48,48,2,false,false,false,false,false,252,252,252,,true,48
degen_circulant_match,3.0915926536,0.05,0.9333121867,ok,1.0677783136387645e-14,48,252,48,48,2,false,false,false,false,false,252,252,252,,true,48
degen_circulant_match,0.2672566181,1.1362830906,5.3498731204,ok,1.0480881692492569e-14,48,252,48,48,2,false,false,false,false,false,252,252,252,,true,48
degen_circulant_match,0.2672566181,0.9190264725,5.3498731204,ok,1.037806173935944e-14,48,252,48,48,2,false,false,false,false,false,252,252,252,,true,48
degen_circulant_match,1.0053166181,0.8103981634,0.415,ok,9.664043439843456e-15,60,252,60,60,2,false,false,false,false,false,252,252,252,,true,60
degen_circulant_match,0.05,1.1362830906,2.6999365602,ok,9.600059397877365e-15,48,252,48,48,2,false,false,false,false,false,252,252,252,,true,48
degen_circulant_match,0.05,1.5707963268,5.3498731204,ok,9.128167018299422e-15,48,252,48,48,2,false,false,false,false,false,252,252,252,,true,48
degen_circulant_match,2.4398227992,2.2225661811,5.3498731204,ok,9.801609490377453e-15,56,252,56,56,2,false,false,false,false,false,252,252,252,,true,56
degen_circulant_match,0.2672566181,1.1362830906,2.6999365602,ok,8.992977828545382e-15,48,252,48,48,2,false,false,false,false,false,252,252,252,,true,48
degen_circulant_match,3.0915926536,0.2672566181,0.9333121867,ok,8.915719945840662e-15,48,252,48,48,2,false,false,false,false,false,252,252,252,,true,48
degen_circulant_match,0.05,1.3535397087,5.3498731204,ok,8.888720382515246e-15,48,252,48,48,2,false,false,false,false,false,252,252,252,,true,48
degen_circulant_match,1.1362830906,2.4398227992,4.4665609337,ok,8.644112981583505e-15,56,252,56,56,2,false,false,false,false,false,252,252,252,,true,56
degen_circulant_match,2.8743360355,2.2225661811,0.9333121867,ok,8.478499276892386e-15,48,252,48,48,2,false,false,false,false,false,252,252,252,,true,48
degen_circulant_match,2.6570794174,2.2225661811,6.2331853072,ok,8.838813606493752e-15,52,252,52,52,2,false,false,false,false,false,252,252,252,,true,52
degen_circulant_match,0.9253166181,0.7703981634,0.391,ok,8.353275540596474e-15,60,252,60,60,2,false,false,false,false,false,252,252,252,,true,60
degen_circulant_match,0.9053166181,0.7603981634,0.385,ok,8.34515588764179e-15,60,252,60,60,2,false,false,false,false,false,252,252,252,,true,60
degen_circulant_match,0.05,2.8743360355,5.3498731204,ok,7.893716934925325e-15,48,252,48,48,2,false,false,false,false,false,252,252,252,,true,48
degen_circulant_match,3.0915926536,1.7880529449,0.9333121867,ok,7.615353076869676e-15,48,252,48,48,2,false,false,false,false,false,252,252,252,,true,48
degen_circulant_match,0.9853166181,0.8003981634,0.409,ok,7.444291678311382e-15,60,252,60,60,2,false,false,false,false,false,252,252,252,,true,60
degen_circulant_match,1.5707963268,0.05,0.05,ok,7.132750926740045e-15,48,252,48,48,2,false,false,false,false,false,252,252,252,,true,48
degen_circulant_match,2.6570794174,2.2225661811,4.4665609337,ok,4.213000162292041e-15,52,252,52,52,2,false,false,false,false,false,252,252,252,,true,52
degen_circulant_match,0.2672566181,0.9190264725,2.6999365602,ok,6.841172296658325e-15,48,252,48,48,2,false,false,false,false,false,252,252,252,,true,48
degen_circulant_match,0.2672566181,0.9190264725,1.8166243735,ok,6.8168055347189735e-15,48,252,48,48,2,false,false,false,false,false,252,252,252,,true,48
degen_circulant_match,0.9353166181,0.7653981634,0.38,ok,5.8716000160507385e-15,68,252,68,68,2,false,false,false,false,false,252,252,252,,true,68
degen_circulant_match,0.05,0.9190264725,1.8166243735,ok,5.512120354514498e-15,48,252,48,48,2,false,false,false,false,false,252,252,252,,true,48
degen_circulant_match,0.05,2.4398227992,5.3498731204,ok,5.417387826669829e-15,48,252,48,48,2,false,false,false,false,false,252,252,252,,true,48
degen_circulant_match,0.9453166181,0.7803981634,0.397,ok,5.9009163182103526e-15,72,252,72,72,2,false,false,false,false,false,252,252,252,,true,72
degen_circulant_match,3.0915926536,1.3535397087,0.9333121867,ok,5.203855855232738e-15,48,252,48,48,2,false,false,false,false,false,252,252,252,,true,48
degen_circulant_match,0.05,1.1362830906,1.8166243735,ok,5.1034043367087296e-15,48,252,48,48,2,false,false,false,false,false,252,252,252,,true,48
degen_circulant_match,1.5707963268,0.05,5.3498731204,ok,5.085257766256917e-15,48,252,48,48,2,false,false,false,false,false,252,252,252,,true,48
degen_circulant_match,0.05,2.6570794174,5.3498731204,ok,5.026748538604307e-15,48,252,48,48,2,false,false,false,false,false,252,252,252,,true,48
degen_circulant_match,3.0915926536,2.6570794174,0.9333121867,ok,5.011092195010838e-15,48,252,48,48,2,false,false,false,false,false,252,252,252,,true,48
degen_circulant_match,1.5707963268,0.05,4.4665609337,ok,4.868869119156276e-15,48,252,48,48,2,false,false,false,false,false,252,252,252,,true,48
degen_circulant_match,2.2225661811,2.2225661811,6.2331853072,ok,6.237289866329941e-15,64,252,64,64,2,false,false,false,false,false,252,252,252,,true,64
degen_circulant_match,1.5707963268,0.05,3.583248747,ok,4.765237078709019e-15,48,252,48,48,2,false,false,false,false,false,252,252,252,,true,48
degen_circulant_match,0.4845132362,0.9190264725,2.6999365602,ok,4.751962059186864e-15,52,252,52,52,2,false,false,false,false,false,252,252,252,,true,52
degen_circulant_match,0.2672566181,1.1362830906,1.8166243735,ok,4.47545209131181e-15,48,252,48,48,2,false,false,false,false,false,252,252,252,,true,48
degen_circulant_match,2.8743360355,2.005309563,4.4665609337,ok,4.440892098500626e-15,48,252,48,48,2,false,false,false,false,false,252,252,252,,true,48
degen_circulant_match,0.7017698543,2.2225661811,1.8166243735,ok,2.9358000080253692e-15,52,252,52,52,2,false,false,false,false,false,252,252,252,,true,52
degen_circulant_match,3.0915926536,0.7017698543,0.9333121867,ok,4.335559509131367e-15,48,252,48,48,2,false,false,false,false,false,252,252,252,,true,48
degen_circulant_match,0.4845132362,0.9190264725,5.3498731204,ok,4.324172596470543e-15,48,252,48,48,2,false,false,false,false,false,252,252,252,,true,48
degen_circulant_match,1.5707963268,0.05,1.8166243735,ok,4.324172596470543e-15,48,252,48,48,2,false,false,false,false,false,252,252,252,,true,48
degen_circulant_match,2.6570794174,2.2225661811,2.6999365602,ok,3.887366295532235e-15,48,252,48,48,2,false,false,false,false,false,252,252,252,,true,48
degen_circulant_match,0.2672566181,0.7017698543,5.3498731204,ok,4.2276033262255756e-15,48,252,48,48,2,false,false,false,false,false,252,252,252,,true,48
degen_circulant_match,1.1362830906,0.7017698543,3.583248747,ok,4.119810118670014e-15,60,252,60,60,2,false,false,false,false,false,252,252,252,,true,60
degen_circulant_match,2.8743360355,2.2225661811,3.583248747,ok,3.942464333787022e-15,48,252,48,48,2,false,false,false,false,false,252,252,252,,true,48
degen_circulant_match,0.2672566181,0.4845132362,5.3498731204,ok,3.911074787101517e-15,48,252,48,48,2,false,false,false,false,false,252,252,252,,true,48
degen_circulant_match,2.2225661811,2.2225661811,3.583248747,ok,4.432557604889171e-15,56,252,56,56,2,false,false,false,false,false,252,252,252,,true,56
degen_circulant_match,3.0915926536,2.2225661811,4.4665609337,ok,3.823424989440341e-15,48,252,48,48,2,false,false,false,false,false,252,252,252,,true,48
degen_circulant_match,1.5707963268,3.0915926536,6.2331853072,ok,3.753576041744627e-15,48,252,48,48,2,false,false,false,false,false,252,252,252,,true,48
degen_circulant_match,0.9853166181,0.8153981634,0.43,ok,3.732067169519928e-15,56,252,56,56,2,false,false,false,false,false,252,252,252,,true,56
degen_circulant_match,0.05,0.2672566181,5.3498731204,ok,3.723801229870909e-15,48,252,48,48,2,false,false,false,false,false,252,252,252,,true,48
degen_circulant_match,2.2225661811,2.2225661811,0.05,ok,5.654036253942386e-15,76,252,76,76,2,false,false,false,false,false,252,252,252,,true,76
degen_circulant_match,0.9153166181,0.7653981634,0.388,ok,3.6299369564111875e-15,60,252,60,60,2,false,false,false,false,false,252,252,252,,true,60
degen_circulant_match,2.6570794174,2.005309563,0.9333121867,ok,3.625264947627759e-15,48,252,48,48,2,false,false,false,false,false,252,252,252,,true,48
degen_circulant_match,0.2672566181,1.7880529449,5.3498731204,ok,3.602669438238049e-15,48,252,48,48,2,false,false,false,false,false,252,252,252,,true,48
degen_circulant_match,1.7880529449,2.8743360355,2.6999365602,ok,3.5055632627505204e-15,48,252,48,48,2,false,false,false,false,false,252,252,252,,true,48
degen_circulant_match,2.6570794174,2.005309563,0.05,ok,3.4337360293911145e-15,52,252,52,52,2,false,false,false,false,false,252,252,252,,true,52
degen_circulant_match,0.2672566181,0.9190264725,6.2331853072,ok,3.374899952755061e-15,52,252,52,52,2,false,false,false,false,false,252,252,252,,true,52
degen_circulant_match,3.0915926536,3.0915926536,0.9333121867,ok,3.336677362663902e-15,48,252,48,48,2,false,false,false,false,false,252,252,252,,true,48
degen_circulant_match,2.005309563,2.4398227992,2.6999365602,ok,3.2652638748082423e-15,60,252,60,60,2,false,false,false,false,false,252,252,252,,true,60
degen_circulant_match,0.2672566181,1.5707963268,5.3498731204,ok,3.261317043637671e-15,56,252,56,56,2,false,false,false,false,false,252,252,252,,true,56
degen_circulant_match,3.0915926536,2.8743360355,0.9333121867,ok,3.219646771412954e-15,48,252,48,48,2,false,false,false,false,false,252,252,252,,true,48
degen_circulant_match,2.8743360355,2.2225661811,0.05,ok,3.1719170905745505e-15,52,252,52,52,2,false,false,false,false,false,252,252,252,,true,52
degen_circulant_match,1.3535397087,3.0915926536,3.583248747,ok,3.1401849173675502e-15,48,252,48,48,2,false,false,false,false,false,252,252,252,,true,48
degen_circulant_match,3.0915926536,2.2225661811,3.583248747,ok,3.128387061314213e-15,48,252,48,48,2,false,false,false,false,false,252,252,252,,true,48
degen_circulant_match,1.5707963268,0.05,6.2331853072,ok,3.112970120408428e-15,48,192,48,48,6,true,false,false,false,false,192,192,192,,true,48
degen_circulant_match,1.7880529449,2.8743360355,5.3498731204,ok,2.9599161247011958e-15,52,252,52,52,2,false,false,false,false,false,252,252,252,,true,52
degen_circulant_match,2.8743360355,2.005309563,3.583248747,ok,2.942091015256665e-15,48,252,48,48,2,false,false,false,false,false,252,252,252,,true,48
degen_circulant_match,0.4845132362,1.1362830906,5.3498731204,ok,2.9310728916085627e-15,48,252,48,48,2,false,false,false,false,false,252,252,252,,true,48
degen_circulant_match,0.9190264725,0.9190264725,0.05,ok,2.780549076845816e-15,64,252,64,64,2,false,false,false,false,false,252,252,252,,true,64
degen_circulant_match,2.4398227992,2.6570794174,0.05,ok,2.7755575615628914e-15,56,252,56,56,2,false,false,false,false,false,252,252,252,,true,56
degen_circulant_match,2.8743360355,2.4398227992,0.9333121867,ok,2.710399819191012e-15,48,252,48,48,2,false,false,false,false,false,252,252,252,,true,48
degen_circulant_match,1.5707963268,3.0915926536,5.3498731204,ok,2.682975169497797e-15,48,252,48,48,2,false,false,false,false,false,252,252,252,,true,48
degen_circulant_match,2.4398227992,2.6570794174,3.583248747,ok,2.6792757755995453e-15,56,252,56,56,2,false,false,false,false,false,252,252,252,,true,56
degen_circulant_match,3.0915926536,0.4845132362,0.9333121867,ok,2.673771110915334e-15,48,252,48,48,2,false,false,false,false,false,252,252,252,,true,48
degen_circulant_match,2.005309563,0.7017698543,1.8166243735,ok,2.642616502322673e-15,56,252,56,56,2,false,false,false,false,false,252,252,252,,true,56
degen_circulant_match,0.2672566181,0.9190264725,0.05,ok,2.6252505225196554e-15,52,252,52,52,2,false,false,false,false,false,252,252,252,,true,52
degen_circulant_match,2.4398227992,2.6570794174,6.2331853072,ok,2.589462819655575e-15,60,252,60,60,2,false,false,false,false,false,252,252,252,,true,60
degen_circulant_match,2.6570794174,2.005309563,3.583248747,ok,2.589462819655575e-15,52,252,52,52,2,false,false,false,false,false,252,252,252,,true,52
degen_circulant_match,1.5707963268,3.0915926536,2.6999365602,ok,2.558937633260452e-15,48,252,48,48,2,false,false,false,false,false,252,252,252,,true,48
degen_circulant_match,1.7880529449,3.0915926536,5.3498731204,ok,2.542022845965011e-15,52,252,52,52,2,false,false,false,false,false,252,252,252,,true,52
degen_circulant_match,3.0915926536,2.005309563,3.583248747,ok,2.5318501588558664e-15,48,252,48,48,2,false,false,false,false,false,252,252,252,,true,48
degen_circulant_match,2.8743360355,1.7880529449,0.9333121867,ok,2.493062597795428e-15,48,252,48,48,2,false,false,false,false,false,252,252,252,,true,48
degen_circulant_match,1.5707963268,0.05,0.9333121867,ok,2.488113585276671e-15,48,252,48,48,2,false,false,false,false,false,252,252,252,,true,48
degen_circulant_match,2.2225661811,0.4845132362,1.8166243735,ok,2.55848601617897e-15,60,252,60,60,2,false,false,false,false,false,252,252,252,,true,60
degen_circulant_match,2.8743360355,2.2225661811,4.4665609337,ok,2.4650951625709315e-15,48,252,48,48,2,false,false,false,false,false,252,252,252,,true,48
degen_circulant_match,2.8743360355,1.3535397087,0.9333121867,ok,2.434909185329438e-15,48,252,48,48,2,false,false,false,false,false,252,252,252,,true,48
degen_circulant_match,3.0915926536,2.4398227992,0.9333121867,ok,2.433010126791216e-15,48,252,48,48,2,false,false,false,false,false,252,252,252,,true,48
degen_circulant_match,2.2225661811,2.6570794174,2.6999365602,ok,1.319485001705613e-15,56,252,56,56,2,false,false,false,false,false,252,252,252,,true,56
degen_circulant_match,3.0915926536,1.7880529449,4.4665609337,ok,2.396642123083981e-15,48,252,48,48,2,false,false,false,false,false,252,252,252,,true,48
degen_circulant_match,3.0915926536,0.9190264725,0.9333121867,ok,2.396642123083981e-15,48,252,48,48,2,false,false,false,false,false,252,252,252,,true,48
degen_circulant_match,0.9190264725,0.9190264725,5.3498731204,ok,2.374845942191531e-15,56,252,56,56,2,false,false,false,false,false,252,252,252,,true,56
degen_circulant_match,2.4398227992,2.6570794174,2.6999365602,ok,2.3731042512803495e-15,52,252,52,52,2,false,false,false,false,false,252,252,252,,true,52
degen_circulant_match,1.1362830906,0.7017698543,0.9333121867,ok,2.3525204118543076e-15,56,252,56,56,2,false,false,false,false,false,252,252,252,,true,56
degen_circulant_match,1.1362830906,2.8743360355,0.9333121867,ok,2.3461261221551412e-15,52,252,52,52,2,false,false,false,false,false,252,252,252,,true,52
degen_circulant_match,0.9190264725,2.2225661811,1.8166243735,ok,1.1157603309187458e-15,56,252,56,56,2,false,false,false,false,false,252,252,252,,true,56
degen_circulant_match,2.005309563,2.4398227992,0.05,ok,2.318255272788694e-15,60,252,60,60,2,false,false,false,false,false,252,252,252,,true,60
degen_circulant_match,1.1362830906,0.7017698543,6.2331853072,ok,2.2965537556748906e-15,60,252,60,60,2,false,false,false,false,false,252,252,252,,true,60
degen_circulant_match,2.8743360355,2.2225661811,6.2331853072,ok,2.265535576864904e-15,52,252,52,52,2,false,false,false,false,false,252,252,252,,true,52
degen_circulant_match,2.8743360355,1.5707963268,0.9333121867,ok,2.2628136243174148e-15,56,252,56,56,2,false,false,false,false,false,252,252,252,,true,56
degen_circulant_match,0.2672566181,1.3535397087,5.3498731204,ok,2.248030287623391e-15,48,252,48,48,2,false,false,false,false,false,252,252,252,,true,48
degen_circulant_match,0.2672566181,0.4845132362,2.6999365602,ok,2.237726045655905e-15,48,252,48,48,2,false,false,false,false,false,252,252,252,,true,48
degen_circulant_match,2.005309563,2.6570794174,2.6999365602,ok,2.2121037052315357e-15,60,252,60,60,2,false,false,false,false,false,252,252,252,,true,60
degen_circulant_match,0.05,3.0915926536,5.3498731204,ok,2.2037297810228127e-15,48,252,48,48,2,false,false,false,false,false,252,252,252,,true,48
degen_circulant_match,3.0915926536,1.5707963268,0.9333121867,ok,2.2037297810228127e-15,48,252,48,48,2,false,false,false,false,false,252,252,252,,true,48
degen_circulant_match,2.8743360355,0.2672566181,0.9333121867,ok,2.196025632989205e-15,48,252,48,48,2,false,false,false,false,false,252,252,252,,true,48
degen_circulant_match,1.3535397087,0.2672566181,0.05,ok,2.1828308872686455e-15,52,252,52,52,2,false,false,false,false,false,252,252,252,,true,52
degen_circulant_match,0.2672566181,0.7017698543,2.6999365602,ok,2.1812421540521875e-15,48,252,48,48,2,false,false,false,false,false,252,252,252,,true,48
degen_circulant_match,0.05,0.4845132362,1.8166243735,ok,2.1355566272775288e-15,48,252,48,48,2,false,false,false,false,false,252,252,252,,true,48
degen_circulant_match,2.2225661811,0.9190264725,4.4665609337,ok,9.930136612989092e-16,56,252,56,56,2,false,false,false,false,false,252,252,252,,true,56
degen_circulant_match,2.6570794174,2.4398227992,0.05,ok,2.112343365827712e-15,52,252,52,52,2,false,false,false,false,false,252,252,252,,true,52
degen_circulant_match,2.2225661811,2.2225661811,2.6999365602,ok,3.477763656540197e-15,56,252,56,56,2,false,false,false,false,false,252,252,252,,true,56
degen_circulant_match,0.2672566181,1.1362830906,0.05,ok,2.06083980778777e-15,48,252,48,48,2,false,false,false,false,false,252,252,252,,true,48
degen_circulant_match,1.3535397087,0.2672566181,4.4665609337,ok,2.0539125955565396e-15,48,252,48,48,2,false,false,false,false,false,252,252,252,,true,48
degen_circulant_match,3.0915926536,1.7880529449,3.583248747,ok,2.0085071594998394e-15,48,252,48,48,2,false,false,false,false,false,252,252,252,,true,48
degen_circulant_match,2.8743360355,2.4398227992,4.4665609337,ok,2.0014830212433605e-15,48,252,48,48,2,false,false,false,false,false,252,252,252,,true,48
degen_circulant_match,2.8743360355,0.4845132362,0.9333121867,ok,2.0014830212433605e-15,48,252,48,48,2,false,false,false,false,false,252,252,252,,true,48
degen_circulant_match,0.05,1.1362830906,0.05,ok,2.0013416855710288e-15,48,252,48,48,2,false,false,false,false,false,252,252,252,,true,48
degen_circulant_match,0.2672566181,1.1362830906,6.2331853072,ok,1.9929972195927004e-15,48,252,48,48,2,false,false,false,false,false,252,252,252,,true,48
degen_circulant_match,0.2672566181,3.0915926536,5.3498731204,ok,1.9860273225978185e-15,48,252,48,48,2,false,false,false,false,false,252,252,252,,true,48
degen_circulant_match,0.9190264725,0.9190264725,2.6999365602,ok,1.976695897494813e-15,56,252,56,56,2,false,false,false,false,false,252,252,252,,true,56
degen_circulant_match,0.05,1.1362830906,6.2331853072,ok,1.968574870557028e-15,48,252,48,48,2,false,false,false,false,false,252,252,252,,true,48
degen_circulant_match,2.2225661811,2.4398227992,2.6999365602,ok,6.473657049138938e-16,56,252,56,56,2,false,false,false,false,false,252,252,252,,true,56
degen_circulant_match,2.8743360355,1.1362830906,0.9333121867,ok,1.9492241005813414e-15,48,252,48,48,2,false,false,false,false,false,252,252,252,,true,48
degen_circulant_match,0.05,1.3535397087,1.8166243735,ok,1.9389211565826713e-15,48,252,48,48,2,false,false,false,false,false,252,252,252,,true,48
degen_circulant_match,3.0915926536,2.4398227992,3.583248747,ok,1.9279638981753174e-15,48,252,48,48,2,false,false,false,false,false,252,252,252,,true,48
degen_circulant_match,1.5707963268,3.0915926536,0.05,ok,1.8965028624696808e-15,48,192,48,48,6,true,false,false,false,false,192,192,192,,true,48
degen_circulant_match,2.8743360355,0.2672566181,4.4665609337,ok,1.8728330450731676e-15,48,252,48,48,2,false,false,false,false,false,252,252,252,,true,48
degen_circulant_match,2.6570794174,2.4398227992,6.2331853072,ok,1.8452761694870047e-15,52,252,52,52,2,false,false,false,false,false,252,252,252,,true,52
degen_circulant_match,2.4398227992,0.9190264725,4.4665609337,ok,1.83522921912888e-15,52,252,52,52,2,false,false,false,false,false,252,252,252,,true,52
degen_circulant_match,0.2672566181,0.7017698543,1.8166243735,ok,1.831026719408895e-15,48,252,48,48,2,false,false,false,false,false,252,252,252,,true,48
degen_circulant_match,3.0915926536,0.05,4.4665609337,ok,1.807312143953211e-15,48,252,48,48,2,false,false,false,false,false,252,252,252,,true,48
degen_circulant_match,2.6570794174,2.005309563,6.2331853072,ok,1.793620188084545e-15,48,252,48,48,2,false,false,false,false,false,252,252,252,,true,48
degen_circulant_match,1.5707963268,3.0915926536,3.583248747,ok,1.793620188084545e-15,48,252,48,48,2,false,false,false,false,false,252,252,252,,true,48
degen_circulant_match,0.9190264725,2.6570794174,4.4665609337,ok,1.790180836524724e-15,60,252,60,60,2,false,false,false,false,false,252,252,252,,true,60
degen_circulant_match,2.005309563,2.8743360355,2.6999365602,ok,1.790180836524724e-15,60,252,60,60,2,false,false,false,false,false,252,252,252,,true,60
degen_circulant_match,0.9190264725,0.4845132362,3.583248747,ok,1.787596980229968e-15,56,252,56,56,2,false,false,false,false,false,252,252,252,,true,56
degen_circulant_match,0.2672566181,0.2672566181,5.3498731204,ok,1.787596980229968e-15,48,252,48,48,2,false,false,false,false,false,252,252,252,,true,48
degen_circulant_match,1.3535397087,0.2672566181,3.583248747,ok,1.7798229048217483e-15,48,252,48,48,2,false,false,false,false,false,252,252,252,,true,48
degen_circulant_match,3.0915926536,2.005309563,4.4665609337,ok,1.7763568394002505e-15,48,252,48,48,2,false,false,false,false,false,252,252,252,,true,48
degen_circulant_match,1.5707963268,3.0915926536,1.8166243735,ok,1.7763568394002505e-15,48,252,48,48,2,false,false,false,false,false,252,252,252,,true,48
degen_circulant_match,2.2225661811,2.2225661811,0.9333121867,ok,2.9470945472113916e-15,56,252,56,56,2,false,false,false,false,false,252,252,252,,true,56
degen_circulant_match,0.2672566181,0.4845132362,1.8166243735,ok,1.7422013638940487e-15,48,252,48,48,2,false,false,false,false,false,252,252,252,,true,48
degen_circulant_match,2.8743360355,2.005309563,0.05,ok,1.7408881379159213e-15,48,252,48,48,2,false,false,false,false,false,252,252,252,,true,48
degen_circulant_match,1.3535397087,3.0915926536,0.9333121867,ok,1.7235296186091125e-15,48,252,48,48,2,false,false,false,false,false,252,252,252,,true,48
degen_circulant_match,0.2672566181,3.0915926536,1.8166243735,ok,1.7105745714547284e-15,48,252,48,48,2,false,false,false,false,false,252,252,252,,true,48
degen_circulant_match,1.3535397087,0.2672566181,6.2331853072,ok,1.7028447152542777e-15,48,252,48,48,2,false,false,false,false,false,252,252,252,,true,48
degen_circulant_match,2.4398227992,2.6570794174,0.9333121867,ok,1.698314660101103e-15,56,252,56,56,2,false,false,false,false,false,252,252,252,,true,56
degen_circulant_match,1.1362830906,0.4845132362,3.583248747,ok,1.6946818973100072e-15,60,252,60,60,2,false,false,false,false,false,252,252,252,,true,60
degen_circulant_match,2.6570794174,2.4398227992,3.583248747,ok,1.6910413304902302e-15,60,252,60,60,2,false,false,false,false,false,252,252,252,,true,60
degen_circulant_match,1.3535397087,0.4845132362,6.2331853072,ok,1.683965335188277e-15,52,252,52,52,2,false,false,false,false,false,252,252,252,,true,52
degen_circulant_match,0.9190264725,0.4845132362,6.2331853072,ok,1.680072297996111e-15,52,252,52,52,2,false,false,false,false,false,252,252,252,,true,52
degen_circulant_match,1.5707963268,3.0915926536,4.4665609337,ok,1.680072297996111e-15,48,252,48,48,2,false,false,false,false,false,252,252,252,,true,48
degen_circulant_match,0.4845132362,1.1362830906,1.8166243735,ok,1.6565800849211523e-15,52,252,52,52,2,false,false,false,false,false,252,252,252,,true,52
degen_circulant_match,0.4845132362,1.1362830906,2.6999365602,ok,1.6504651808933464e-15,52,252,52,52,2,false,false,false,false,false,252,252,252,,true,52
degen_circulant_match,1.3535397087,0.4845132362,0.9333121867,ok,1.6504651808933464e-15,52,252,52,52,2,false,false,false,false,false,252,252,252,,true,52
degen_circulant_match,1.5707963268,3.0915926536,0.9333121867,ok,1.6504651808933464e-15,48,252,48,48,2,false,false,false,false,false,252,252,252,,true,48
degen_circulant_match,1.1362830906,2.8743360355,4.4665609337,ok,1.64912634795863e-15,56,252,56,56,2,false,false,false,false,false,252,252,252,,true,56
degen_circulant_match,0.05,0.05,5.3498731204,ok,1.609823385706477e-15,48,252,48,48,2,false,false,false,false,false,252,252,252,,true,48
degen_circulant_match,2.005309563,2.4398227992,3.583248747,ok,1.5895974606912448e-15,56,252,56,56,2,false,false,false,false,false,252,252,252,,true,56
degen_circulant_match,2.6570794174,1.3535397087,0.9333121867,ok,1.5895974606912448e-15,52,252,52,52,2,false,false,false,false,false,252,252,252,,true,52
degen_circulant_match,0.9190264725,0.7017698543,0.9333121867,ok,1.577923392343183e-15,56,252,56,56,2,false,false,false,false,false,252,252,252,,true,56
degen_circulant_match,0.05,2.005309563,5.3498731204,ok,1.5765191382383304e-15,48,252,48,48,2,false,false,false,false,false,252,252,252,,true,48
degen_circulant_match,0.05,0.9190264725,6.2331853072,ok,1.5598935989314924e-15,48,252,48,48,2,false,false,false,false,false,252,252,252,,true,48
degen_circulant_match,2.2225661811,0.4845132362,5.3498731204,ok,1.5681900222830336e-15,56,252,56,56,2,false,false,false,false,false,252,252,252,,true,56
degen_circulant_match,0.9190264725,0.9190264725,3.583248747,ok,1.5423711185402538e-15,56,252,56,56,2,false,false,false,false,false,252,252,252,,true,56
degen_circulant_match,0.2672566181,0.2672566181,1.8166243735,ok,1.535362579956271e-15,48,252,48,48,2,false,false,false,false,false,252,252,252,,true,48
degen_circulant_match,2.4398227992,2.4398227992,6.2331853072,ok,1.5100665727558131e-15,64,252,64,64,2,false,false,false,false,false,252,252,252,,true,64
degen_circulant_match,3.0915926536,2.4398227992,4.4665609337,ok,1.5100665727558131e-15,48,252,48,48,2,false,false,false,false,false,252,252,252,,true,48
degen_circulant_match,1.1362830906,0.7017698543,0.05,ok,1.5029073952766851e-15,56,252,56,56,2,false,false,false,false,false,252,252,252,,true,56
degen_circulant_match,1.1362830906,2.8743360355,3.583248747,ok,1.4936523181711914e-15,48,252,48,48,2,false,false,false,false,false,252,252,252,,true,48
degen_circulant_match,2.6570794174,2.4398227992,0.9333121867,ok,1.4936523181711914e-15,48,252,48,48,2,false,false,false,false,false,252,252,252,,true,48
degen_circulant_match,2.2225661811,2.6570794174,6.2331853072,ok,1.5582722720639762e-15,56,252,56,56,2,false,false,false,false,false,252,252,252,,true,56
degen_circulant_match,2.2225661811,0.05,5.3498731204,ok,5.117875266520903e-16,56,252,56,56,2,false,false,false,false,false,252,252,252,,true,56
degen_circulant_match,0.9190264725,0.9190264725,6.2331853072,ok,1.4890678778930882e-15,76,252,76,76,2,false,false,false,false,false,252,252,252,,true,76
degen_circulant_match,2.6570794174,2.005309563,4.4665609337,ok,1.4844044089713007e-15,52,252,52,52,2,false,false,false,false,false,252,252,252,,true,52
degen_circulant_match,0.2672566181,0.2672566181,2.6999365602,ok,1.457101633618084e-15,48,252,48,48,2,false,false,false,false,false,252,252,252,,true,48
degen_circulant_match,2.8743360355,2.6570794174,3.583248747,ok,1.457101633618084e-15,48,252,48,48,2,false,false,false,false,false,252,252,252,,true,48
degen_circulant_match,0.2672566181,2.6570794174,5.3498731204,ok,1.4475537224895361e-15,48,252,48,48,2,false,false,false,false,false,252,252,252,,true,48
degen_circulant_match,1.1362830906,0.7017698543,4.4665609337,ok,1.4432899320127035e-15,56,252,56,56,2,false,false,false,false,false,252,252,252,,true,56
degen_circulant_match,0.9190264725,2.4398227992,4.4665609337,ok,1.4432899320127035e-15,56,252,56,56,2,false,false,false,false,false,252,252,252,,true,56
degen_circulant_match,0.2672566181,0.4845132362,0.05,ok,1.4400838045461713e-15,48,252,48,48,2,false,false,false,false,false,252,252,252,,true,48
degen_circulant_match,1.7880529449,3.0915926536,1.8166243735,ok,1.4185244467036104e-15,48,252,48,48,2,false,false,false,false,false,252,252,252,,true,48
degen_circulant_match,2.4398227992,3.0915926536,5.3498731204,ok,1.4155343563970746e-15,56,252,56,56,2,false,false,false,false,false,252,252,252,,true,56
degen_circulant_match,0.9190264725,0.7017698543,2.6999365602,ok,1.4130832128153975e-15,56,252,56,56,2,false,false,false,false,false,252,252,252,,true,56
degen_circulant_match,2.8743360355,2.4398227992,3.583248747,ok,1.4130832128153975e-15,48,252,48,48,2,false,false,false,false,false,252,252,252,,true,48
degen_circulant_match,0.05,2.2225661811,5.3498731204,ok,1.4054300946555646e-15,48,252,48,48,2,false,false,false,false,false,252,252,252,,true,48
degen_circulant_match,1.7880529449,0.4845132362,5.3498731204,ok,1.4049503905841223e-15,52,252,52,52,2,false,false,false,false,false,252,252,252,,true,52
degen_circulant_match,1.1362830906,0.7017698543,2.6999365602,ok,1.4043333874306805e-15,56,252,56,56,2,false,false,false,false,false,252,252,252,,true,56
degen_circulant_match,0.05,3.0915926536,1.8166243735,ok,1.4010381148703524e-15,48,252,48,48,2,false,false,false,false,false,252,252,252,,true,48
degen_circulant_match,2.4398227992,2.6570794174,5.3498731204,ok,1.3911054626160788e-15,56,252,56,56,2,false,false,false,false,false,252,252,252,,true,56
degen_circulant_match,1.7880529449,2.6570794174,3.583248747,ok,1.3911054626160788e-15,48,252,48,48,2,false,false,false,false,false,252,252,252,,true,48
degen_circulant_match,0.4845132362,0.9190264725,0.05,ok,1.3668035872266427e-15,52,252,52,52,2,false,false,false,false,false,252,252,252,,true,52
degen_circulant_match,1.7880529449,3.0915926536,6.2331853072,ok,1.3668035872266427e-15,48,252,48,48,2,false,false,false,false,false,252,252,252,,true,48
degen_circulant_match,2.4398227992,1.7880529449,0.9333121867,ok,1.3653937842860002e-15,56,252,56,56,2,false,false,false,false,false,252,252,252,,true,56
degen_circulant_match,1.1362830906,2.6570794174,0.9333121867,ok,1.355199909595506e-15,52,252,52,52,2,false,false,false,false,false,252,252,252,,true,52
degen_circulant_match,2.4398227992,0.4845132362,1.8166243735,ok,1.3517848686956847e-15,52,252,52,52,2,false,false,false,false,false,252,252,252,,true,52
degen_circulant_match,3.0915926536,2.8743360355,4.4665609337,ok,1.3506446028928519e-15,48,252,48,48,2,false,false,false,false,false,252,252,252,,true,48
degen_circulant_match,2.8743360355,1.7880529449,3.583248747,ok,1.3426356273935429e-15,48,252,48,48,2,false,false,false,false,false,252,252,252,,true,48
degen_circulant_match,1.1362830906,3.0915926536,3.583248747,ok,1.3414875847488985e-15,56,252,56,56,2,false,false,false,false,false,252,252,252,,true,56
degen_circulant_match,2.2225661811,0.4845132362,4.4665609337,ok,1.1102230246251565e-15,56,252,56,56,2,false,false,false,false,false,252,252,252,,true,56
degen_circulant_match,0.2672566181,2.2225661811,5.3498731204,ok,8.510829877773609e-16,48,252,48,48,2,false,false,false,false,false,252,252,252,,true,48
degen_circulant_match,2.4398227992,2.6570794174,4.4665609337,ok,1.336885555457667e-15,52,252,52,52,2,false,false,false,false,false,252,252,252,,true,52
degen_circulant_match,2.2225661811,2.4398227992,0.05,ok,1.793620188084545e-15,96,252,96,96,2,false,false,false,false,false,252,252,252,,true,96
degen_circulant_match,1.7880529449,2.8743360355,6.2331853072,ok,1.336885555457667e-15,52,252,52,52,2,false,false,false,false,false,252,252,252,,true,52
degen_circulant_match,2.8743360355,1.7880529449,4.4665609337,ok,1.336885555457667e-15,48,252,48,48,2,false,false,false,false,false,252,252,252,,true,48
degen_circulant_match,0.05,0.9190264725,0.05,ok,1.3334236103572998e-15,48,252,48,48,2,false,false,false,false,false,252,252,252,,true,48
degen_circulant_match,0.7017698543,0.4845132362,2.6999365602,ok,1.3321411332914424e-15,56,252,56,56,2,false,false,false,false,false,252,252,252,,true,56
degen_circulant_match,0.05,2.8743360355,1.8166243735,ok,1.324147507406233e-15,48,252,48,48,2,false,false,false,false,false,252,252,252,,true,48
degen_circulant_match,1.7880529449,0.05,2.6999365602,ok,1.3232745389513375e-15,48,252,48,48,2,false,false,false,false,false,252,252,252,,true,48
degen_circulant_match,2.6570794174,1.7880529449,3.583248747,ok,1.319485001705613e-15,48,252,48,48,2,false,false,false,false,false,252,252,252,,true,48
degen_circulant_match,2.4398227992,2.6570794174,1.8166243735,ok,1.3186089465011212e-15,56,252,56,56,2,false,false,false,false,false,252,252,252,,true,56
degen_circulant_match,0.2672566181,0.7017698543,0.05,ok,1.2994827337208943e-15,48,252,48,48,2,false,false,false,false,false,252,252,252,,true,48
degen_circulant_match,2.4398227992,3.0915926536,2.6999365602,ok,1.2994827337208943e-15,56,252,56,56,2,false,false,false,false,false,252,252,252,,true,56
degen_circulant_match,2.2225661811,0.05,2.6999365602,ok,6.661338147750939e-16,56,252,56,56,2,false,false,false,false,false,252,252,252,,true,56
degen_circulant_match,0.05,0.05,1.8166243735,ok,1.2959208739370123e-15,48,252,48,48,2,false,false,false,false,false,252,252,252,,true,48
degen_circulant_match,0.2672566181,0.7017698543,6.2331853072,ok,1.2947314098277875e-15,48,252,48,48,2,false,false,false,false,false,252,252,252,,true,48
degen_circulant_match,0.7017698543,1.1362830906,2.6999365602,ok,1.2947314098277875e-15,56,252,56,56,2,false,false,false,false,false,252,252,252,,true,56
degen_circulant_match,1.5707963268,0.05,2.6999365602,ok,1.2947314098277875e-15,48,252,48,48,2,false,false,false,false,false,252,252,252,,true,48
degen_circulant_match,1.1362830906,2.6570794174,4.4665609337,ok,1.279243008089485e-15,56,252,56,56,2,false,false,false,false,false,252,252,252,,true,56
degen_circulant_match,2.6570794174,2.2225661811,5.3498731204,ok,1.247457973265988e-15,48,252,48,48,2,false,false,false,false,false,252,252,252,,true,48
degen_circulant_match,0.2672566181,0.4845132362,6.2331853072,ok,1.2658490090568385e-15,48,252,48,48,2,false,false,false,false,false,252,252,252,,true,48
degen_circulant_match,2.2225661811,2.6570794174,0.05,ok,1.1801832636420706e-15,52,252,52,52,2,false,false,false,false,false,252,252,252,,true,52
degen_circulant_match,0.9190264725,3.0915926536,0.9333121867,ok,1.2539255187600815e-15,56,252,56,56,2,false,false,false,false,false,252,252,252,,true,56
degen_circulant_match,2.005309563,2.6570794174,3.583248747,ok,1.2539255187600815e-15,56,252,56,56,2,false,false,false,false,false,252,252,252,,true,56
degen_circulant_match,2.6570794174,1.7880529449,0.9333121867,ok,1.2539255187600815e-15,48,252,48,48,2,false,false,false,false,false,252,252,252,,true,48
degen_circulant_match,1.3535397087,0.4845132362,0.05,ok,1.2523886564118045e-15,52,252,52,52,2,false,false,false,false,false,252,252,252,,true,52
degen_circulant_match,2.6570794174,2.4398227992,4.4665609337,ok,1.247457973265988e-15,56,252,56,56,2,false,false,false,false,false,252,252,252,,true,56
degen_circulant_match,1.1362830906,0.2672566181,0.9333121867,ok,1.2412670766236366e-15,52,252,52,52,2,false,false,false,false,false,252,252,252,,true,52
degen_circulant_match,1.7880529449,3.0915926536,2.6999365602,ok,1.2412670766236366e-15,48,252,48,48,2,false,false,false,false,false,252,252,252,,true,48
degen_circulant_match,1.7880529449,2.8743360355,0.05,ok,1.2412670766236366e-15,48,252,48,48,2,false,false,false,false,false,252,252,252,,true,48
degen_circulant_match,2.6570794174,2.005309563,2.6999365602,ok,1.2412670766236366e-15,48,252,48,48,2,false,false,false,false,false,252,252,252,,true,48
degen_circulant_match,0.4845132362,1.7880529449,5.3498731204,ok,1.2262814116578437e-15,52,252,52,52,2,false,false,false,false,false,252,252,252,,true,52
degen_circulant_match,2.2225661811,0.05,1.8166243735,ok,2.482534153247273e-16,52,252,52,52,2,false,false,false,false,false,252,252,252,,true,52
degen_circulant_match,1.3535397087,0.2672566181,0.9333121867,ok,1.224080674111502e-15,52,252,52,52,2,false,false,false,false,false,252,252,252,,true,52
degen_circulant_match,0.2672566181,2.4398227992,5.3498731204,ok,1.2212453270876722e-15,48,252,48,48,2,false,false,false,false,false,252,252,252,,true,48
degen_circulant_match,2.005309563,2.4398227992,6.2331853072,ok,1.2139693544093743e-15,56,252,56,56,2,false,false,false,false,false,252,252,252,,true,56
degen_circulant_match,0.9190264725,0.4845132362,0.05,ok,1.2008898127460164e-15,56,252,56,56,2,false,false,false,false,false,252,252,252,,true,56
degen_circulant_match,0.7017698543,0.7017698543,0.05,ok,1.2008898127460164e-15,64,252,64,64,2,false,false,false,false,false,252,252,252,,true,64
degen_circulant_match,1.3535397087,0.2672566181,1.8166243735,ok,1.2008898127460164e-15,56,252,56,56,2,false,false,false,false,false,252,252,252,,true,56
degen_circulant_match,2.005309563,2.8743360355,6.2331853072,ok,1.2008898127460164e-15,52,252,52,52,2,false,false,false,false,false,252,252,252,,true,52
degen_circulant_match,0.9190264725,0.4845132362,0.9333121867,ok,1.1957467920563633e-15,56,252,56,56,2,false,false,false,false,false,252,252,252,,true,56
degen_circulant_match,0.9953166181,0.8053981634,0.412,ok,1.1957467920563633e-15,60,252,60,60,2,false,false,false,false,false,252,252,252,,true,60
degen_circulant_match,2.005309563,2.8743360355,1.8166243735,ok,1.1957467920563633e-15,48,252,48,48,2,false,false,false,false,false,252,252,252,,true,48
degen_circulant_match,3.0915926536,2.6570794174,4.4665609337,ok,1.1957467920563633e-15,48,252,48,48,2,false,false,false,false,false,252,252,252,,true,48
degen_circulant_match,2.8743360355,2.8743360355,0.9333121867,ok,1.191874962812805e-15,48,252,48,48,2,false,false,false,false,false,252,252,252,,true,48
degen_circulant_match,1.1362830906,0.4845132362,6.2331853072,ok,1.1866928732135989e-15,52,252,52,52,2,false,false,false,false,false,252,252,252,,true,52
degen_circulant_match,1.3535397087,3.0915926536,4.4665609337,ok,1.1866928732135989e-15,48,252,48,48,2,false,false,false,false,false,252,252,252,,true,48
degen_circulant_match,0.05,1.1362830906,3.583248747,ok,1.1857187100668868e-15,48,252,48,48,2,false,false,false,false,false,252,252,252,,true,48
degen_circulant_match,1.1362830906,2.005309563,1.8166243735,ok,1.1801832636420706e-15,60,252,60,60,2,false,false,false,false,false,252,252,252,,true,60
degen_circulant_match,2.4398227992,3.0915926536,3.583248747,ok,1.1801832636420706e-15,56,252,56,56,2,false,false,false,false,false,252,252,252,,true,56
degen_circulant_match,1.7880529449,3.0915926536,4.4665609337,ok,1.1801832636420706e-15,48,252,48,48,2,false,false,false,false,false,252,252,252,,true,48
degen_circulant_match,1.1362830906,2.8743360355,0.05,ok,1.1778964011900897e-15,52,252,52,52,2,false,false,false,false,false,252,252,252,,true,52
degen_circulant_match,2.2225661811,2.8743360355,2.6999365602,ok,1.0532500405730103e-15,56,252,56,56,2,false,false,false,false,false,252,252,252,,true,56
degen_circulant_match,2.6570794174,0.2672566181,4.4665609337,ok,1.1657341758564144e-15,56,252,56,56,2,false,false,false,false,false,252,252,252,,true,56
degen_circulant_match,2.2225661811,0.05,6.2331853072,ok,4.47545209131181e-16,56,252,56,56,2,false,false,false,false,false,252,252,252,,true,56
degen_circulant_match,1.1362830906,0.4845132362,0.05,ok,1.1620938331323894e-15,52,252,52,52,2,false,false,false,false,false,252,252,252,,true,52
degen_circulant_match,0.7017698543,2.4398227992,1.8166243735,ok,1.1594391321592913e-15,56,252,56,56,2,false,false,false,false,false,252,252,252,,true,56
degen_circulant_match,0.7017698543,0.4845132362,3.583248747,ok,1.1499898520492853e-15,52,252,52,52,2,false,false,false,false,false,252,252,252,,true,52
degen_circulant_match,2.8743360355,2.8743360355,3.583248747,ok,1.1430445635548515e-15,48,252,48,48,2,false,false,false,false,false,252,252,252,,true,48
degen_circulant_match,2.8743360355,2.8743360355,4.4665609337,ok,1.1430445635548515e-15,48,252,48,48,2,false,false,false,false,false,252,252,252,,true,48
degen_circulant_match,3.0915926536,2.6570794174,3.583248747,ok,1.1430445635548515e-15,48,252,48,48,2,false,false,false,false,false,252,252,252,,true,48
degen_circulant_match,0.4845132362,0.9190264725,6.2331853072,ok,1.1379786002407855e-15,52,252,52,52,2,false,false,false,false,false,252,252,252,,true,52
degen_circulant_match,2.4398227992,3.0915926536,6.2331853072,ok,1.1322097734007351e-15,56,252,56,56,2,false,false,false,false,false,252,252,252,,true,56
degen_circulant_match,2.4398227992,2.4398227992,3.583248747,ok,1.1226435567921847e-15,56,252,56,56,2,false,false,false,false,false,252,252,252,,true,56
degen_circulant_match,2.8743360355,2.005309563,6.2331853072,ok,1.1188630228279524e-15,48,252,48,48,2,false,false,false,false,false,252,252,252,,true,48
degen_circulant_match,2.4398227992,0.7017698543,4.4665609337,ok,1.1188630228279524e-15,56,252,56,56,2,false,false,false,false,false,252,252,252,,true,56
degen_circulant_match,2.4398227992,2.4398227992,0.05,ok,1.1102230246251565e-15,60,252,60,60,2,false,false,false,false,false,252,252,252,,true,60
degen_circulant_match,2.6570794174,2.2225661811,1.8166243735,ok,6.004449063730082e-16,48,252,48,48,2,false,false,false,false,false,252,252,252,,true,48
degen_circulant_match,2.8743360355,2.2225661811,2.6999365602,ok,1.0948510389028343e-15,48,252,48,48,2,false,false,false,false,false,252,252,252,,true,48
degen_circulant_match,1.3535397087,0.4845132362,4.4665609337,ok,1.0934428697813141e-15,52,252,52,52,2,false,false,false,false,false,252,252,252,,true,52
degen_circulant_match,0.9190264725,0.2672566181,3.583248747,ok,1.0881460057406233e-15,56,252,56,56,2,false,false,false,false,false,252,252,252,,true,56
degen_circulant_match,2.2225661811,2.6570794174,3.583248747,ok,1.2331919689718917e-15,56,252,56,56,2,false,false,false,false,false,252,252,252,,true,56
degen_circulant_match,2.4398227992,3.0915926536,0.9333121867,ok,1.084622587944919e-15,56,252,56,56,2,false,false,false,false,false,252,252,252,,true,56
degen_circulant_match,2.2225661811,2.005309563,3.583248747,ok,1.1443916996305594e-15,56,252,56,56,2,false,false,false,false,false,252,252,252,,true,56
degen_circulant_match,2.4398227992,3.0915926536,0.05,ok,1.074341573090826e-15,56,252,56,56,2,false,false,false,false,false,252,252,252,,true,56
degen_circulant_match,1.1362830906,0.4845132362,2.6999365602,ok,1.0681389886409907e-15,56,252,56,56,2,false,false,false,false,false,252,252,252,,true,56
degen_circulant_match,1.3535397087,0.4845132362,3.583248747,ok,1.066334393690002e-15,56,252,56,56,2,false,false,false,false,false,252,252,252,,true,56
degen_circulant_match,2.8743360355,0.2672566181,3.583248747,ok,1.0605390551611693e-15,48,252,48,48,2,false,false,false,false,false,252,252,252,,true,48
degen_circulant_match,1.7880529449,0.2672566181,5.3498731204,ok,1.0547118733938987e-15,48,252,48,48,2,false,false,false,false,false,252,252,252,,true,48
degen_circulant_match,0.05,0.4845132362,2.6999365602,ok,1.0532500405730103e-15,48,252,48,48,2,false,false,false,false,false,252,252,252,,true,48
degen_circulant_match,0.2672566181,2.4398227992,1.8166243735,ok,1.0532500405730103e-15,52,252,52,52,2,false,false,false,false,false,252,252,252,,true,52
degen_circulant_match,2.2225661811,2.6570794174,5.3498731204,ok,7.947987303456224e-16,56,252,56,56,2,false,false,false,false,false,252,252,252,,true,56
degen_circulant_match,2.005309563,2.4398227992,5.3498731204,ok,1.0532500405730103e-15,56,252,56,56,2,false,false,false,false,false,252,252,252,,true,56
degen_circulant_match,0.05,0.9190264725,2.6999365602,ok,1.0506869391606444e-15,48,252,48,48,2,false,false,false,false,false,252,252,252,,true,48
degen_circulant_match,2.4398227992,3.0915926536,4.4665609337,ok,1.047382306668854e-15,56,252,56,56,2,false,false,false,false,false,252,252,252,,true,56
degen_circulant_match,2.005309563,2.8743360355,5.3498731204,ok,1.047382306668854e-15,52,252,52,52,2,false,false,false,false,false,252,252,252,,true,52
degen_circulant_match,0.7017698543,1.3535397087,5.3498731204,ok,1.0448048107080504e-15,56,252,56,56,2,false,false,false,false,false,252,252,252,,true,56
degen_circulant_match,2.6570794174,3.0915926536,0.9333121867,ok,1.0429598422709816e-15,48,252,48,48,2,false,false,false,false,false,252,252,252,,true,48
degen_circulant_match,0.7017698543,1.1362830906,6.2331853072,ok,1.0235750533041806e-15,52,252,52,52,2,false,false,false,false,false,252,252,252,,true,52
degen_circulant_match,1.5707963268,0.2672566181,0.05,ok,1.0235750533041806e-15,48,252,48,48,2,false,false,false,false,false,252,252,252,,true,48
degen_circulant_match,1.3535397087,3.0915926536,1.8166243735,ok,1.0235750533041806e-15,48,252,48,48,2,false,false,false,false,false,252,252,252,,true,48
degen_circulant_match,1.3535397087,2.005309563,1.8166243735,ok,1.0235750533041806e-15,56,252,56,56,2,false,false,false,false,false,252,252,252,,true,56
degen_circulant_match,1.7880529449,3.0915926536,0.9333121867,ok,1.0235750533041806e-15,48,252,48,48,2,false,false,false,false,false,252,252,252,,true,48
degen_circulant_match,1.7880529449,2.8743360355,4.4665609337,ok,1.0235750533041806e-15,56,252,56,56,2,false,false,false,false,false,252,252,252,,true,56
degen_circulant_match,3.0915926536,0.2672566181,4.4665609337,ok,1.0235750533041806e-15,48,252,48,48,2,false,false,false,false,false,252,252,252,,true,48
degen_circulant_match,2.2225661811,2.005309563,6.2331853072,ok,4.577566798522237e-16,52,252,52,52,2,false,false,false,false,false,252,252,252,,true,52
degen_circulant_match,2.8743360355,0.2672566181,0.05,ok,1.0235750533041806e-15,48,252,48,48,2,false,false,false,false,false,252,252,252,,true,48
degen_circulant_match,2.4398227992,1.3535397087,0.9333121867,ok,1.0190492755571723e-15,56,252,56,56,2,false,false,false,false,false,252,252,252,,true,56
degen_circulant_match,1.7880529449,2.6570794174,5.3498731204,ok,1.012983452169639e-15,52,252,52,52,2,false,false,false,false,false,252,252,252,,true,52
degen_circulant_match,2.005309563,2.6570794174,0.05,ok,1.0053497077208614e-15,52,252,52,52,2,false,false,false,false,false,252,252,252,,true,52
degen_circulant_match,2.8743360355,0.7017698543,0.9333121867,ok,1.0053497077208614e-15,48,252,48,48,2,false,false,false,false,false,252,252,252,,true,48
degen_circulant_match,1.7880529449,2.8743360355,3.583248747,ok,1.0007415106216803e-15,48,252,48,48,2,false,false,false,false,false,252,252,252,,true,48
degen_circulant_match,1.7880529449,2.6570794174,6.2331853072,ok,1.0007415106216803e-15,52,252,52,52,2,false,false,false,false,false,252,252,252,,true,52
degen_circulant_match,0.2672566181,0.4845132362,3.583248747,ok,9.964986097963502e-16,48,252,48,48,2,false,false,false,false,false,252,252,252,,true,48
degen_circulant_match,2.6570794174,3.0915926536,0.05,ok,9.964986097963502e-16,56,252,56,56,2,false,false,false,false,false,252,252,252,,true,56
degen_circulant_match,2.4398227992,0.4845132362,5.3498731204,ok,9.964986097963502e-16,56,252,56,56,2,false,false,false,false,false,252,252,252,,true,56
degen_circulant_match,0.2672566181,3.0915926536,6.2331853072,ok,9.930136612989092e-16,48,252,48,48,2,false,false,false,false,false,252,252,252,,true,48
degen_circulant_match,0.4845132362,2.4398227992,1.8166243735,ok,9.930136612989092e-16,52,252,52,52,2,false,false,false,false,false,252,252,252,,true,52
degen_circulant_match,1.1362830906,3.0915926536,0.9333121867,ok,9.930136612989092e-16,56,252,56,56,2,false,false,false,false,false,252,252,252,,true,56
degen_circulant_match,2.6570794174,0.2672566181,0.9333121867,ok,9.915579844919225e-16,48,252,48,48,2,false,false,false,false,false,252,252,252,,true,48
degen_circulant_match,0.4845132362,0.9190264725,1.8166243735,ok,9.820925191391734e-16,52,252,52,52,2,false,false,false,false,false,252,252,252,,true,52
degen_circulant_match,1.3535397087,2.6570794174,0.9333121867,ok,9.77990265100482e-16,52,252,52,52,2,false,false,false,false,false,252,252,252,,true,52
degen_circulant_match,1.7880529449,0.2672566181,2.6999365602,ok,9.694605782913356e-16,48,252,48,48,2,false,false,false,false,false,252,252,252,,true,48
degen_circulant_match,0.4845132362,2.6570794174,1.8166243735,ok,9.682678848994769e-16,56,252,56,56,2,false,false,false,false,false,252,252,252,,true,56
degen_circulant_match,3.0915926536,1.1362830906,0.9333121867,ok,9.682678848994769e-16,48,252,48,48,2,false,false,false,false,false,252,252,252,,true,48
degen_circulant_match,2.8743360355,0.05,3.583248747,ok,9.586729210015212e-16,48,252,48,48,2,false,false,false,false,false,252,252,252,,true,48
degen_circulant_match,0.9190264725,0.2672566181,0.9333121867,ok,9.550499576785472e-16,56,252,56,56,2,false,false,false,false,false,252,252,252,,true,56
degen_circulant_match,0.05,0.05,2.6999365602,ok,9.550499576785472e-16,48,252,48,48,2,false,false,false,false,false,252,252,252,,true,48
degen_circulant_match,2.2225661811,0.05,0.05,ok,3.510833468576701e-16,56,252,56,56,2,false,false,false,false,false,252,252,252,,true,56
degen_circulant_match,1.1362830906,0.2672566181,3.583248747,ok,9.485749680535094e-16,60,252,60,60,2,false,false,false,false,false,252,252,252,,true,60
degen_circulant_match,1.3535397087,2.8743360355,4.4665609337,ok,9.485749680535094e-16,56,252,56,56,2,false,false,false,false,false,252,252,252,,true,56
degen_circulant_match,1.1362830906,2.8743360355,5.3498731204,ok,9.485749680535094e-16,52,252,52,52,2,false,false,false,false,false,252,252,252,,true,52
degen_circulant_match,0.7017698543,2.8743360355,4.4665609337,ok,9.485749680535094e-16,56,252,56,56,2,false,false,false,false,false,252,252,252,,true,56
degen_circulant_match,2.005309563,2.6570794174,1.8166243735,ok,9.485749680535094e-16,52,252,52,52,2,false,false,false,false,false,252,252,252,,true,52
degen_circulant_match,3.0915926536,1.5707963268,4.4665609337,ok,9.485749680535094e-16,48,252,48,48,2,false,false,false,false,false,252,252,252,,true,48
degen_circulant_match,2.6570794174,0.2672566181,5.3498731204,ok,9.485749680535094e-16,48,252,48,48,2,false,false,false,false,false,252,252,252,,true,48
degen_circulant_match,1.1362830906,0.9190264725,0.05,ok,9.42055475210265e-16,56,252,56,56,2,false,false,false,false,false,252,252,252,,true,56
degen_circulant_match,2.6570794174,2.8743360355,0.05,ok,9.238896857051836e-16,56,252,56,56,2,false,false,false,false,false,252,252,252,,true,56
degen_circulant_match,2.6570794174,2.4398227992,2.6999365602,ok,9.226380847435024e-16,52,252,52,52,2,false,false,false,false,false,252,252,252,,true,52
degen_circulant_match,0.7017698543,0.4845132362,0.05,ok,9.155133597044475e-16,60,252,60,60,2,false,false,false,false,false,252,252,252,,true,60
degen_circulant_match,0.2672566181,0.2672566181,0.05,ok,9.155133597044475e-16,48,252,48,48,2,false,false,false,false,false,252,252,252,,true,48
degen_circulant_match,1.3535397087,0.7017698543,6.2331853072,ok,9.155133597044475e-16,52,252,52,52,2,false,false,false,false,false,252,252,252,,true,52
degen_circulant_match,0.7017698543,3.0915926536,4.4665609337,ok,9.155133597044475e-16,56,252,56,56,2,false,false,false,false,false,252,252,252,,true,56
degen_circulant_match,0.7017698543,3.0915926536,3.583248747,ok,9.104505742017336e-16,56,252,56,56,2,false,false,false,false,false,252,252,252,,true,56
degen_circulant_match,3.0915926536,1.5707963268,3.583248747,ok,9.04301880706312e-16,48,252,48,48,2,false,false,false,false,false,252,252,252,,true,48
degen_circulant_match,0.7017698543,0.2672566181,2.6999365602,ok,9.036560719766055e-16,56,252,56,56,2,false,false,false,false,false,252,252,252,,true,56
degen_circulant_match,2.8743360355,0.9190264725,0.9333121867,ok,9.032563715197601e-16,48,252,48,48,2,false,false,false,false,false,252,252,252,,true,48
degen_circulant_match,1.1362830906,3.0915926536,4.4665609337,ok,8.968100940422724e-16,52,252,52,52,2,false,false,false,false,false,252,252,252,,true,52
degen_circulant_match,2.2225661811,2.6570794174,1.8166243735,ok,8.252325904466732e-16,56,252,56,56,2,false,false,false,false,false,252,252,252,,true,56
degen_circulant_match,2.2225661811,0.4845132362,0.05,ok,8.881784197001252e-16,56,252,56,56,2,false,false,false,false,false,252,252,252,,true,56
degen_circulant_match,0.05,1.3535397087,2.6999365602,ok,8.959775382615402e-16,48,252,48,48,2,false,false,false,false,false,252,252,252,,true,48
degen_circulant_match,0.9190264725,0.2672566181,0.05,ok,8.95090418262362e-16,52,252,52,52,2,false,false,false,false,false,252,252,252,,true,52
degen_circulant_match,0.4845132362,1.5707963268,5.3498731204,ok,8.95090418262362e-16,56,252,56,56,2,false,false,false,false,false,252,252,252,,true,56
degen_circulant_match,0.7017698543,2.8743360355,0.9333121867,ok,8.95090418262362e-16,56,252,56,56,2,false,false,false,false,false,252,252,252,,true,56
degen_circulant_match,0.9190264725,2.4398227992,1.8166243735,ok,8.95090418262362e-16,60,252,60,60,2,false,false,false,false,false,252,252,252,,true,60
degen_circulant_match,2.6570794174,3.0915926536,4.4665609337,ok,8.95090418262362e-16,56,252,56,56,2,false,false,false,false,false,252,252,252,,true,56
degen_circulant_match,2.2225661811,1.7880529449,3.583248747,ok,8.200821523359857e-16,56,252,56,56,2,false,false,false,false,false,252,252,252,,true,56
degen_circulant_match,2.6570794174,0.9190264725,4.4665609337,ok,8.95090418262362e-16,48,252,48,48,2,false,false,false,false,false,252,252,252,,true,48
degen_circulant_match,2.4398227992,1.1362830906,4.4665609337,ok,8.95090418262362e-16,56,252,56,56,2,false,false,false,false,false,252,252,252,,true,56
degen_circulant_match,2.2225661811,0.4845132362,2.6999365602,ok,9.550499576785472e-16,56,252,56,56,2,false,false,false,false,false,252,252,252,,true,56
degen_circulant_match,2.8743360355,3.0915926536,0.9333121867,ok,8.899114524108741e-16,48,252,48,48,2,false,false,false,false,false,252,252,252,,true,48
degen_circulant_match,1.5707963268,2.8743360355,0.05,ok,8.881784197001252e-16,48,252,48,48,2,false,false,false,false,false,252,252,252,,true,48
degen_circulant_match,1.1362830906,2.2225661811,1.8166243735,ok,3.510833468576701e-16,56,252,56,56,2,false,false,false,false,false,252,252,252,,true,56
degen_circulant_match,1.7880529449,0.05,5.3498731204,ok,8.718258367441143e-16,48,252,48,48,2,false,false,false,false,false,252,252,252,,true,48
degen_circulant_match,0.7017698543,3.0915926536,5.3498731204,ok,8.673617379884035e-16,56,252,56,56,2,false,false,false,false,false,252,252,252,,true,56
degen_circulant_match,0.7017698543,0.7017698543,3.583248747,ok,8.671119018262734e-16,56,252,56,56,2,false,false,false,false,false,252,252,252,,true,56
degen_circulant_match,0.2672566181,0.2672566181,6.2331853072,ok,8.671119018262734e-16,48,252,48,48,2,false,false,false,false,false,252,252,252,,true,48
degen_circulant_match,0.9190264725,0.7017698543,6.2331853072,ok,8.671119018262734e-16,96,252,96,96,2,false,false,false,false,false,252,252,252,,true,96
degen_circulant_match,0.05,1.5707963268,1.8166243735,ok,8.671119018262734e-16,48,252,48,48,2,false,false,false,false,false,252,252,252,,true,48
degen_circulant_match,1.5707963268,0.2672566181,4.4665609337,ok,8.671119018262734e-16,48,252,48,48,2,false,false,false,false,false,252,252,252,,true,48
degen_circulant_match,1.1362830906,3.0915926536,1.8166243735,ok,8.671119018262734e-16,48,252,48,48,2,false,false,false,false,false,252,252,252,,true,48
degen_circulant_match,2.8743360355,2.6570794174,0.9333121867,ok,8.671119018262734e-16,48,252,48,48,2,false,false,false,false,false,252,252,252,,true,48
degen_circulant_match,3.0915926536,3.0915926536,4.4665609337,ok,8.671119018262734e-16,48,252,48,48,2,false,false,false,false,false,252,252,252,,true,48
degen_circulant_match,2.4398227992,1.1362830906,0.9333121867,ok,8.671119018262734e-16,48,252,48,48,2,false,false,false,false,false,252,252,252,,true,48
degen_circulant_match,0.2672566181,0.2672566181,3.583248747,ok,8.617648093045562e-16,48,252,48,48,2,false,false,false,false,false,252,252,252,,true,48
degen_circulant_match,2.4398227992,3.0915926536,1.8166243735,ok,8.617648093045562e-16,56,252,56,56,2,false,false,false,false,false,252,252,252,,true,56
degen_circulant_match,2.2225661811,0.4845132362,0.9333121867,ok,8.473409486550036e-16,56,252,56,56,2,false,false,false,false,false,252,252,252,,true,56
degen_circulant_match,0.7017698543,3.0915926536,0.9333121867,ok,8.582937747229195e-16,56,252,56,56,2,false,false,false,false,false,252,252,252,,true,56
degen_circulant_match,0.2672566181,1.3535397087,1.8166243735,ok,8.455206652451151e-16,48,252,48,48,2,false,false,false,false,false,252,252,252,,true,48
degen_circulant_match,1.1362830906,2.8743360355,1.8166243735,ok,8.455206652451151e-16,48,252,48,48,2,false,false,false,false,false,252,252,252,,true,48
degen_circulant_match,2.6570794174,2.8743360355,6.2331853072,ok,8.455206652451151e-16,56,252,56,56,2,false,false,false,false,false,252,252,252,,true,56
degen_circulant_match,2.005309563,2.8743360355,0.05,ok,8.455206652451151e-16,52,252,52,52,2,false,false,false,false,false,252,252,252,,true,52
degen_circulant_match,2.4398227992,0.4845132362,0.9333121867,ok,8.455206652451151e-16,56,252,56,56,2,false,false,false,false,false,252,252,252,,true,56
degen_circulant_match,3.0915926536,2.005309563,0.05,ok,8.448103328007051e-16,48,252,48,48,2,false,false,false,false,false,252,252,252,,true,48
degen_circulant_match,2.6570794174,3.0915926536,6.2331853072,ok,8.400361489980555e-16,56,252,56,56,2,false,false,false,false,false,252,252,252,,true,56
degen_circulant_match,2.6570794174,2.6570794174,3.583248747,ok,8.400361489980555e-16,56,252,56,56,2,false,false,false,false,false,252,252,252,,true,56
degen_circulant_match,2.6570794174,2.6570794174,2.6999365602,ok,8.355534721610419e-16,52,252,52,52,2,false,false,false,false,false,252,252,252,,true,52
degen_circulant_match,1.3535397087,2.8743360355,3.583248747,ok,8.349770295452321e-16,48,252,48,48,2,false,false,false,false,false,252,252,252,,true,48
degen_circulant_match,1.5707963268,2.6570794174,3.583248747,ok,8.349770295452321e-16,48,252,48,48,2,false,false,false,false,false,252,252,252,,true,48
degen_circulant_match,0.7017698543,0.2672566181,0.05,ok,8.326672684688674e-16,56,252,56,56,2,false,false,false,false,false,252,252,252,,true,56
degen_circulant_match,1.3535397087,0.2672566181,5.3498731204,ok,8.326672684688674e-16,48,252,48,48,2,false,false,false,false,false,252,252,252,,true,48
degen_circulant_match,1.1362830906,2.8743360355,2.6999365602,ok,8.326672684688674e-16,60,252,60,60,2,false,false,false,false,false,252,252,252,,true,60
degen_circulant_match,0.9190264725,3.0915926536,0.05,ok,8.326672684688674e-16,56,252,56,56,2,false,false,false,false,false,252,252,252,,true,56
degen_circulant_match,1.7880529449,3.0915926536,0.05,ok,8.326672684688674e-16,48,252,48,48,2,false,false,false,false,false,252,252,252,,true,48
degen_circulant_match,2.2225661811,0.05,3.583248747,ok,2.9893669801409083e-16,56,252,56,56,2,false,false,false,false,false,252,252,252,,true,56
degen_circulant_match,2.2225661811,0.4845132362,3.583248747,ok,8.291978215169138e-16,56,252,56,56,2,false,false,false,false,false,252,252,252,,true,56
degen_circulant_match,1.1362830906,1.1362830906,0.05,ok,8.252325904466732e-16,52,252,52,52,2,false,false,false,false,false,252,252,252,,true,52
degen_circulant_match,3.0915926536,0.2672566181,3.583248747,ok,8.252325904466732e-16,48,252,48,48,2,false,false,false,false,false,252,252,252,,true,48
degen_circulant_match,2.6570794174,0.2672566181,0.05,ok,8.216072331155113e-16,56,252,56,56,2,false,false,false,false,false,252,252,252,,true,56
degen_circulant_match,2.005309563,0.2672566181,5.3498731204,ok,8.163159687020606e-16,52,252,52,52,2,false,false,false,false,false,252,252,252,,true,52
degen_circulant_match,0.4845132362,0.2672566181,3.583248747,ok,8.08254562088053e-16,60,252,60,60,2,false,false,false,false,false,252,252,252,,true,60
degen_circulant_match,1.1362830906,0.2672566181,6.2331853072,ok,8.08254562088053e-16,52,252,52,52,2,false,false,false,false,false,252,252,252,,true,52
degen_circulant_match,0.2672566181,0.9190264725,3.583248747,ok,8.08254562088053e-16,48,252,48,48,2,false,false,false,false,false,252,252,252,,true,48
degen_circulant_match,0.7017698543,3.0915926536,6.2331853072,ok,8.08254562088053e-16,56,252,56,56,2,false,false,false,false,false,252,252,252,,true,56
degen_circulant_match,2.2225661811,2.8743360355,0.05,ok,1.0948510389028343e-15,52,252,52,52,2,false,false,false,false,false,252,252,252,,true,52
degen_circulant_match,2.005309563,2.4398227992,1.8166243735,ok,8.08254562088053e-16,56,252,56,56,2,false,false,false,false,false,252,252,252,,true,56
degen_circulant_match,2.6570794174,0.2672566181,1.8166243735,ok,8.08254562088053e-16,52,252,52,52,2,false,false,false,false,false,252,252,252,,true,52
degen_circulant_match,2.005309563,1.1362830906,4.4665609337,ok,8.049116928532385e-16,60,252,60,60,2,false,false,false,false,false,252,252,252,,true,60
degen_circulant_match,0.4845132362,0.2672566181,2.6999365602,ok,8.005932084973442e-16,56,252,56,56,2,false,false,false,false,false,252,252,252,,true,56
degen_circulant_match,0.7017698543,0.7017698543,5.3498731204,ok,8.005932084973442e-16,56,252,56,56,2,false,false,false,false,false,252,252,252,,true,56
degen_circulant_match,0.9190264725,1.1362830906,6.2331853072,ok,8.005932084973442e-16,56,252,56,56,2,false,false,false,false,false,252,252,252,,true,56
degen_circulant_match,0.7017698543,1.5707963268,2.6999365602,ok,8.005932084973442e-16,48,252,48,48,2,false,false,false,false,false,252,252,252,,true,48
degen_circulant_match,1.3535397087,2.8743360355,6.2331853072,ok,8.005932084973442e-16,52,252,52,52,2,false,false,false,false,false,252,252,252,,true,52
degen_circulant_match,1.1362830906,3.0915926536,6.2331853072,ok,8.005932084973442e-16,52,252,52,52,2,false,false,false,false,false,252,252,252,,true,52
degen_circulant_match,1.1362830906,2.6570794174,6.2331853072,ok,8.005932084973442e-16,52,252,52,52,2,false,false,false,false,false,252,252,252,,true,52
degen_circulant_match,2.4398227992,0.4845132362,6.2331853072,ok,8.005932084973442e-16,56,252,56,56,2,false,false,false,false,false,252,252,252,,true,56
degen_circulant_match,0.7017698543,0.2672566181,3.583248747,ok,7.947987303456224e-16,52,252,52,52,2,false,false,false,false,false,252,252,252,,true,52
degen_circulant_match,2.4398227992,2.4398227992,2.6999365602,ok,7.947987303456224e-16,56,252,56,56,2,false,false,false,false,false,252,252,252,,true,56
degen_circulant_match,2.8743360355,3.0915926536,3.583248747,ok,7.947987303456224e-16,48,252,48,48,2,false,false,false,false,false,252,252,252,,true,48
degen_circulant_match,0.7017698543,0.2672566181,6.2331853072,ok,7.850462293418876e-16,56,252,56,56,2,false,false,false,false,false,252,252,252,,true,56
degen_circulant_match,0.7017698543,0.4845132362,6.2331853072,ok,7.850462293418876e-16,56,252,56,56,2,false,false,false,false,false,252,252,252,,true,56
degen_circulant_match,0.05,0.7017698543,1.8166243735,ok,7.850462293418876e-16,48,252,48,48,2,false,false,false,false,false,252,252,252,,true,48
degen_circulant_match,0.2672566181,1.5707963268,1.8166243735,ok,7.850462293418876e-16,48,252,48,48,2,false,false,false,false,false,252,252,252,,true,48
degen_circulant_match,1.3535397087,3.0915926536,0.05,ok,7.850462293418876e-16,48,252,48,48,2,false,false,false,false,false,252,252,252,,true,48
degen_circulant_match,1.1362830906,3.0915926536,0.05,ok,7.850462293418876e-16,48,252,48,48,2,false,false,false,false,false,252,252,252,,true,48
degen_circulant_match,2.6570794174,2.6570794174,4.4665609337,ok,7.850462293418876e-16,56,252,56,56,2,false,false,false,false,false,252,252,252,,true,56
degen_circulant_match,2.8743360355,0.2672566181,6.2331853072,ok,7.850462293418876e-16,48,252,48,48,2,false,false,false,false,false,252,252,252,,true,48
degen_circulant_match,2.6570794174,0.7017698543,4.4665609337,ok,7.850462293418876e-16,52,252,52,52,2,false,false,false,false,false,252,252,252,,true,52
degen_circulant_match,2.005309563,1.3535397087,0.9333121867,ok,7.850462293418876e-16,56,252,56,56,2,false,false,false,false,false,252,252,252,,true,56
degen_circulant_match,2.4398227992,0.4845132362,4.4665609337,ok,7.850462293418876e-16,56,252,56,56,2,false,false,false,false,false,252,252,252,,true,56
degen_circulant_match,0.4845132362,1.3535397087,6.2331853072,ok,7.771561172376096e-16,48,252,48,48,2,false,false,false,false,false,252,252,252,,true,48
degen_circulant_match,2.6570794174,0.2672566181,2.6999365602,ok,7.771561172376096e-16,56,252,56,56,2,false,false,false,false,false,252,252,252,,true,56
degen_circulant_match,1.1362830906,2.8743360355,6.2331853072,ok,7.713104172907411e-16,52,252,52,52,2,false,false,false,false,false,252,252,252,,true,52
degen_circulant_match,0.2672566181,0.05,5.3498731204,ok,7.711855592701269e-16,48,252,48,48,2,false,false,false,false,false,252,252,252,,true,48
degen_circulant_match,2.8743360355,2.4398227992,6.2331853072,ok,7.711855592701269e-16,48,252,48,48,2,false,false,false,false,false,252,252,252,,true,48
degen_circulant_match,1.5707963268,2.8743360355,2.6999365602,ok,7.663002283985489e-16,48,252,48,48,2,false,false,false,false,false,252,252,252,,true,48
degen_circulant_match,0.4845132362,0.7017698543,0.05,ok,7.550332863779066e-16,52,252,52,52,2,false,false,false,false,false,252,252,252,,true,52
degen_circulant_match,1.1362830906,3.0915926536,2.6999365602,ok,7.550332863779066e-16,56,252,56,56,2,false,false,false,false,false,252,252,252,,true,56
degen_circulant_match,1.1362830906,2.4398227992,2.6999365602,ok,7.550332863779066e-16,60,252,60,60,2,false,false,false,false,false,252,252,252,,true,60
degen_circulant_match,2.2225661811,2.2225661811,5.3498731204,ok,1.1102230246251565e-15,56,252,56,56,2,false,false,false,false,false,252,252,252,,true,56
degen_circulant_match,1.3535397087,2.8743360355,0.9333121867,ok,7.468261590855957e-16,48,252,48,48,2,false,false,false,false,false,252,252,252,,true,48
degen_circulant_match,2.4398227992,2.4398227992,5.3498731204,ok,7.468261590855957e-16,56,252,56,56,2,false,false,false,false,false,252,252,252,,true,56
degen_circulant_match,1.1362830906,0.05,0.9333121867,ok,7.447602459741819e-16,56,252,56,56,2,false,false,false,false,false,252,252,252,,true,56
degen_circulant_match,0.4845132362,0.7017698543,1.8166243735,ok,7.447602459741819e-16,56,252,56,56,2,false,false,false,false,false,252,252,252,,true,56
degen_circulant_match,1.1362830906,1.1362830906,5.3498731204,ok,7.447602459741819e-16,56,252,56,56,2,false,false,false,false,false,252,252,252,,true,56
degen_circulant_match,0.2672566181,3.0915926536,4.4665609337,ok,7.447602459741819e-16,48,252,48,48,2,false,false,false,false,false,252,252,252,,true,48
degen_circulant_match,0.9190264725,1.7880529449,1.8166243735,ok,7.447602459741819e-16,56,252,56,56,2,false,false,false,false,false,252,252,252,,true,56
degen_circulant_match,1.1362830906,2.4398227992,0.05,ok,7.447602459741819e-16,60,252,60,60,2,false,false,false,false,false,252,252,252,,true,60
degen_circulant_match,0.7017698543,2.8743360355,5.3498731204,ok,7.447602459741819e-16,56,252,56,56,2,false,false,false,false,false,252,252,252,,true,56
degen_circulant_match,3.0915926536,2.8743360355,6.2331853072,ok,7.447602459741819e-16,48,252,48,48,2,false,false,false,false,false,252,252,252,,true,48
degen_circulant_match,2.005309563,2.2225661811,0.05,ok,7.447602459741819e-16,68,252,68,68,2,false,false,false,false,false,252,252,252,,true,68
degen_circulant_match,2.005309563,2.2225661811,0.9333121867,ok,7.447602459741819e-16,56,252,56,56,2,false,false,false,false,false,252,252,252,,true,56
degen_circulant_match,2.005309563,2.2225661811,6.2331853072,ok,7.447602459741819e-16,56,252,56,56,2,false,false,false,false,false,252,252,252,,true,56
degen_circulant_match,2.8743360355,0.2672566181,2.6999365602,ok,7.447602459741819e-16,48,252,48,48,2,false,false,false,false,false,252,252,252,,true,48
degen_circulant_match,0.4845132362,1.3535397087,1.8166243735,ok,7.438546047598635e-16,56,252,56,56,2,false,false,false,false,false,252,252,252,,true,56
degen_circulant_match,0.9190264725,0.7017698543,0.05,ok,7.301351988545593e-16,112,252,112,112,2,false,false,false,false,false,252,252,252,,true,112
degen_circulant_match,1.1362830906,2.2225661811,4.4665609337,ok,1.1102230246251565e-16,56,252,56,56,2,false,false,false,false,false,252,252,252,,true,56
degen_circulant_match,2.005309563,2.6570794174,6.2331853072,ok,7.301351988545593e-16,52,252,52,52,2,false,false,false,false,false,252,252,252,,true,52
degen_circulant_match,2.2225661811,0.4845132362,6.2331853072,ok,8.326672684688674e-16,52,252,52,52,2,false,false,false,false,false,252,252,252,,true,52
degen_circulant_match,0.4845132362,0.2672566181,5.3498731204,ok,7.216449660063518e-16,48,252,48,48,2,false,false,false,false,false,252,252,252,,true,48
degen_circulant_match,0.2672566181,2.8743360355,1.8166243735,ok,7.216449660063518e-16,48,252,48,48,2,false,false,false,false,false,252,252,252,,true,48
degen_circulant_match,2.6570794174,2.8743360355,3.583248747,ok,7.216449660063518e-16,56,252,56,56,2,false,false,false,false,false,252,252,252,,true,56
degen_circulant_match,2.4398227992,0.7017698543,1.8166243735,ok,7.216449660063518e-16,56,252,56,56,2,false,false,false,false,false,252,252,252,,true,56
degen_circulant_match,0.7017698543,3.0915926536,0.05,ok,7.200419022730857e-16,56,252,56,56,2,false,false,false,false,false,252,252,252,,true,56
degen_circulant_match,0.7017698543,0.2672566181,1.8166243735,ok,7.108895957933346e-16,56,252,56,56,2,false,false,false,false,false,252,252,252,,true,56
degen_circulant_match,0.7017698543,0.4845132362,5.3498731204,ok,7.108895957933346e-16,56,252,56,56,2,false,false,false,false,false,252,252,252,,true,56
degen_circulant_match,0.2672566181,1.1362830906,3.583248747,ok,7.108895957933346e-16,48,252,48,48,2,false,false,false,false,false,252,252,252,,true,48
degen_circulant_match,1.3535397087,2.8743360355,1.8166243735,ok,7.108895957933346e-16,48,252,48,48,2,false,false,false,false,false,252,252,252,,true,48
degen_circulant_match,0.4845132362,2.2225661811,1.8166243735,ok,7.108895957933346e-16,48,252,48,48,2,false,false,false,false,false,252,252,252,,true,48
degen_circulant_match,1.1362830906,2.6570794174,5.3498731204,ok,7.108895957933346e-16,52,252,52,52,2,false,false,false,false,false,252,252,252,,true,52
degen_circulant_match,1.1362830906,2.4398227992,3.583248747,ok,7.108895957933346e-16,56,252,56,56,2,false,false,false,false,false,252,252,252,,true,56
degen_circulant_match,0.7017698543,3.0915926536,2.6999365602,ok,7.108895957933346e-16,56,252,56,56,2,false,false,false,false,false,252,252,252,,true,56
degen_circulant_match,0.9190264725,2.4398227992,0.9333121867,ok,7.108895957933346e-16,56,252,56,56,2,false,false,false,false,false,252,252,252,,true,56
degen_circulant_match,2.8743360355,2.8743360355,0.05,ok,7.108895957933346e-16,48,252,48,48,2,false,false,false,false,false,252,252,252,,true,48
degen_circulant_match,3.0915926536,2.2225661811,0.05,ok,7.108895957933346e-16,48,252,48,48,2,false,false,false,false,false,252,252,252,,true,48
degen_circulant_match,2.4398227992,1.1362830906,2.6999365602,ok,7.108895957933346e-16,56,252,56,56,2,false,false,false,false,false,252,252,252,,true,56
degen_circulant_match,2.005309563,1.3535397087,4.4665609337,ok,7.108895957933346e-16,52,252,52,52,2,false,false,false,false,false,252,252,252,,true,52
degen_circulant_match,2.4398227992,0.4845132362,3.583248747,ok,7.108895957933346e-16,52,252,52,52,2,false,false,false,false,false,252,252,252,,true,52
